UserID,UserToken,Gate,Section,Score,Yes,No,Total,SessionDate
69bd8c3cd6a0ac3b093955db,7365b037-89fb-4800-b728-c32e695975f8,1,a727,-55.8263465957969,0,10,10,2026-03-20
69bd8c3cd6a0ac3b093955db,7365b037-89fb-4800-b728-c32e695975f8,1,a735,1.86185402241888,5,5,10,2026-03-20
69bd8c3cd6a0ac3b093955db,7365b037-89fb-4800-b728-c32e695975f8,1,a739,-56.9410325392117,8,2,10,2026-03-20
69bd8c3cd6a0ac3b093955db,7365b037-89fb-4800-b728-c32e695975f8,2,b740,-17.1839045096281,9,1,10,2026-03-20
69bd8c3cd6a0ac3b093955db,7365b037-89fb-4800-b728-c32e695975f8,1,a741,83.743614375086,9,1,10,2026-03-25
69bd8c3cd6a0ac3b093955db,7365b037-89fb-4800-b728-c32e695975f8,1,a2563,-16.507194678,9,1,10,2026-03-25
69bd8c3cd6a0ac3b093955db,7365b037-89fb-4800-b728-c32e695975f8,1,b2600,18.617320252,10,0,10,2026-03-25
69bd8c3cd6a0ac3b093955db,7365b037-89fb-4800-b728-c32e695975f8,1,a2601,48.1859504169999,10,0,10,2026-03-25
69bd8c3cd6a0ac3b093955db,7365b037-89fb-4800-b728-c32e695975f8,1,a2607,46.844699429,9,1,10,2026-03-25
69bd8c3cd6a0ac3b093955db,7365b037-89fb-4800-b728-c32e695975f8,1,a2613,24.548834155,10,0,10,2026-03-25
69bd8c3cd6a0ac3b093955db,7365b037-89fb-4800-b728-c32e695975f8,1,b2634,6.02819077999999,10,0,10,2026-03-25
69bd8c3cd6a0ac3b093955db,7365b037-89fb-4800-b728-c32e695975f8,1,b2636,7.41659487399999,8,2,10,2026-03-25
69bd8c3cd6a0ac3b093955db,7365b037-89fb-4800-b728-c32e695975f8,1,a2639,66.627351916,10,0,10,2026-03-26
69bd8c3cd6a0ac3b093955db,7365b037-89fb-4800-b728-c32e695975f8,1,a2641,46.968977965,10,0,10,2026-03-26
69bd8c3cd6a0ac3b093955db,7365b037-89fb-4800-b728-c32e695975f8,1,a2647,-17.969078685,10,0,10,2026-03-26
69bd8c3cd6a0ac3b093955db,7365b037-89fb-4800-b728-c32e695975f8,1,a2649,-47.145885352,10,0,10,2026-03-26
69bd8c3cd6a0ac3b093955db,7365b037-89fb-4800-b728-c32e695975f8,1,b2650,21.105485084,10,0,10,2026-03-26
69bd8c3cd6a0ac3b093955db,7365b037-89fb-4800-b728-c32e695975f8,1,a2651,-57.221937139,9,1,10,2026-03-26
69bd8c3cd6a0ac3b093955db,7365b037-89fb-4800-b728-c32e695975f8,1,b2652,27.738607399,6,4,10,2026-03-26
69bd8c3cd6a0ac3b093955db,7365b037-89fb-4800-b728-c32e695975f8,1,a2657,4.62403017499999,10,0,10,2026-03-26
69bd8c3cd6a0ac3b093955db,7365b037-89fb-4800-b728-c32e695975f8,1,b2658,-1.639546356,10,0,10,2026-03-26
69bd8c3cd6a0ac3b093955db,7365b037-89fb-4800-b728-c32e695975f8,1,a2659,38.576838117,10,0,10,2026-03-26
69bd8c3cd6a0ac3b093955db,7365b037-89fb-4800-b728-c32e695975f8,1,b2660,10.727271701,10,0,10,2026-03-26
69bd8c3cd6a0ac3b093955db,7365b037-89fb-4800-b728-c32e695975f8,1,a2661,134.952842273,8,2,10,2026-03-26
69bd8c3cd6a0ac3b093955db,7365b037-89fb-4800-b728-c32e695975f8,1,b2662,21.124419272,9,1,10,2026-03-26
69bd8c3cd6a0ac3b093955db,7365b037-89fb-4800-b728-c32e695975f8,1,a2663,31.067312865,10,0,10,2026-03-26
69bd8c3cd6a0ac3b093955db,7365b037-89fb-4800-b728-c32e695975f8,1,b2664,-26.954858889,10,0,10,2026-03-26
69bd8c3cd6a0ac3b093955db,7365b037-89fb-4800-b728-c32e695975f8,1,a2665,231.334959865,7,3,10,2026-03-26
69bd8c3cd6a0ac3b093955db,7365b037-89fb-4800-b728-c32e695975f8,1,b2666,-23.950418212,9,1,10,2026-03-26
69bd8c3cd6a0ac3b093955db,7365b037-89fb-4800-b728-c32e695975f8,1,a2667,-39.380960752,8,2,10,2026-03-26
69bd8c3cd6a0ac3b093955db,7365b037-89fb-4800-b728-c32e695975f8,1,b2668,52.211785125,5,5,10,2026-03-26
69bd8c3cd6a0ac3b093955db,7365b037-89fb-4800-b728-c32e695975f8,1,a2669,94.942597202,10,0,10,2026-03-26
69bd8c3cd6a0ac3b093955db,7365b037-89fb-4800-b728-c32e695975f8,1,b2670,105.397605733,6,4,10,2026-03-26
69bd8c3cd6a0ac3b093955db,7365b037-89fb-4800-b728-c32e695975f8,1,a2671,-82.246280523,10,0,10,2026-03-26
69bd8c3cd6a0ac3b093955db,7365b037-89fb-4800-b728-c32e695975f8,1,b2672,-11.333818911,10,0,10,2026-03-27
69bd8c3cd6a0ac3b093955db,7365b037-89fb-4800-b728-c32e695975f8,1,a2673,7.59281308899999,10,0,10,2026-03-27
69bd8c3cd6a0ac3b093955db,7365b037-89fb-4800-b728-c32e695975f8,1,b2674,37.26841215,10,0,10,2026-03-27
69bd8c3cd6a0ac3b093955db,7365b037-89fb-4800-b728-c32e695975f8,1,a2675,-64.350143137,9,1,10,2026-03-27
69bd8c3cd6a0ac3b093955db,7365b037-89fb-4800-b728-c32e695975f8,1,b2678,-37.419744745,10,0,10,2026-03-27
69bd8c3cd6a0ac3b093955db,7365b037-89fb-4800-b728-c32e695975f8,1,a2679,-37.7372495260001,7,3,10,2026-03-27
69bd8c3cd6a0ac3b093955db,7365b037-89fb-4800-b728-c32e695975f8,1,b2680,-12.897382657,10,0,10,2026-03-27
69bd8c3cd6a0ac3b093955db,7365b037-89fb-4800-b728-c32e695975f8,1,a2681,-8.03049291199997,10,0,10,2026-03-27
69bd8c3cd6a0ac3b093955db,7365b037-89fb-4800-b728-c32e695975f8,1,a2683,48.283952034,10,0,10,2026-03-27
69bd8c3cd6a0ac3b093955db,7365b037-89fb-4800-b728-c32e695975f8,1,b2684,0,0,10,10,2026-03-27
69bd8c3cd6a0ac3b093955db,7365b037-89fb-4800-b728-c32e695975f8,1,a2685,38.685672681,10,0,10,2026-03-27
69bd8c3cd6a0ac3b093955db,7365b037-89fb-4800-b728-c32e695975f8,1,b2686,60.990589234,10,0,10,2026-03-27
69bd8c3cd6a0ac3b093955db,7365b037-89fb-4800-b728-c32e695975f8,1,a2687,-18.679083374,1,9,10,2026-03-27
69bd8c3cd6a0ac3b093955db,7365b037-89fb-4800-b728-c32e695975f8,1,b2696,25.965118038,10,0,10,2026-03-27
69bd8c3cd6a0ac3b093955db,7365b037-89fb-4800-b728-c32e695975f8,1,a2697,-46.914004672,10,0,10,2026-03-27
69bd8c3cd6a0ac3b093955db,7365b037-89fb-4800-b728-c32e695975f8,1,b2698,-3.69838131699998,10,0,10,2026-03-27
69bd8c3cd6a0ac3b093955db,7365b037-89fb-4800-b728-c32e695975f8,1,a2699,-17.388351413,10,0,10,2026-03-27
69bd8c3cd6a0ac3b093955db,7365b037-89fb-4800-b728-c32e695975f8,1,b2700,41.571415976,10,0,10,2026-03-27
69bd8c3cd6a0ac3b093955db,7365b037-89fb-4800-b728-c32e695975f8,1,a2701,22.359998014,10,0,10,2026-03-27
69bd8c3cd6a0ac3b093955db,7365b037-89fb-4800-b728-c32e695975f8,1,b2702,-23.395744779,5,5,10,2026-03-27
69bd8c3cd6a0ac3b093955db,7365b037-89fb-4800-b728-c32e695975f8,1,a2703,-118.304558799,10,0,10,2026-03-27
69bd8c3cd6a0ac3b093955db,7365b037-89fb-4800-b728-c32e695975f8,1,b2704,-13.825047282,10,0,10,2026-03-27
69bd8c3cd6a0ac3b093955db,7365b037-89fb-4800-b728-c32e695975f8,1,a2705,-24.759473321,8,2,10,2026-03-27
69bd8c3cd6a0ac3b093955db,7365b037-89fb-4800-b728-c32e695975f8,1,b2706,-12.204137538,10,0,10,2026-03-27
69bd8c3cd6a0ac3b093955db,7365b037-89fb-4800-b728-c32e695975f8,1,a2707,18.947387967,10,0,10,2026-03-27
69bd8c3cd6a0ac3b093955db,7365b037-89fb-4800-b728-c32e695975f8,1,b2708,-69.530339719,8,2,10,2026-03-27
69bd8c3cd6a0ac3b093955db,7365b037-89fb-4800-b728-c32e695975f8,1,a2709,-80.968955846,10,0,10,2026-03-27
69bd8c3cd6a0ac3b093955db,7365b037-89fb-4800-b728-c32e695975f8,1,b2710,-25.876430502,10,0,10,2026-03-27
69bd8c3cd6a0ac3b093955db,7365b037-89fb-4800-b728-c32e695975f8,1,a2711,23.403043552,10,0,10,2026-03-27
69bd8c3cd6a0ac3b093955db,7365b037-89fb-4800-b728-c32e695975f8,1,b2712,-24.289869181,10,0,10,2026-03-27
69bd8c3cd6a0ac3b093955db,7365b037-89fb-4800-b728-c32e695975f8,1,a2713,94.701703101,8,2,10,2026-03-27
69bd8c3cd6a0ac3b093955db,7365b037-89fb-4800-b728-c32e695975f8,1,b2714,-20.312672149,10,0,10,2026-03-27
69bd8c3cd6a0ac3b093955db,7365b037-89fb-4800-b728-c32e695975f8,1,a2715,-9.03182466900002,10,0,10,2026-03-27
69bd8c3cd6a0ac3b093955db,7365b037-89fb-4800-b728-c32e695975f8,1,b2716,24.194718763,8,2,10,2026-03-27
69bd8c3cd6a0ac3b093955db,7365b037-89fb-4800-b728-c32e695975f8,1,a2717,29.360662919,10,0,10,2026-03-27
69bd8c3cd6a0ac3b093955db,7365b037-89fb-4800-b728-c32e695975f8,1,b2718,43.488284384,9,1,10,2026-03-27
69bd8c3cd6a0ac3b093955db,7365b037-89fb-4800-b728-c32e695975f8,1,a2719,-68.851388345,10,0,10,2026-03-27
69bd8c3cd6a0ac3b093955db,7365b037-89fb-4800-b728-c32e695975f8,1,b2720,6.699550492,10,0,10,2026-03-27
69bd8c3cd6a0ac3b093955db,7365b037-89fb-4800-b728-c32e695975f8,1,a2721,3.052229777,10,0,10,2026-03-27
69bd8c3cd6a0ac3b093955db,7365b037-89fb-4800-b728-c32e695975f8,1,b2722,37.363255062,9,1,10,2026-03-27
69bd8c3cd6a0ac3b093955db,7365b037-89fb-4800-b728-c32e695975f8,1,a2723,-31.271904943,10,0,10,2026-03-27
69bd8c3cd6a0ac3b093955db,7365b037-89fb-4800-b728-c32e695975f8,1,b2724,-22.6864263,10,0,10,2026-03-27
69bd8c3cd6a0ac3b093955db,7365b037-89fb-4800-b728-c32e695975f8,1,a2725,-15.937183615,10,0,10,2026-03-27
69bd8c3cd6a0ac3b093955db,7365b037-89fb-4800-b728-c32e695975f8,1,b2726,1.82979797199999,10,0,10,2026-03-27
69bd8c3cd6a0ac3b093955db,7365b037-89fb-4800-b728-c32e695975f8,1,a2727,-69.719053677,10,0,10,2026-03-27
69bd8c3cd6a0ac3b093955db,7365b037-89fb-4800-b728-c32e695975f8,1,b2728,15.108374259,9,1,10,2026-03-27
69bd8c3cd6a0ac3b093955db,7365b037-89fb-4800-b728-c32e695975f8,1,a2733,-43.6069564,10,0,10,2026-03-28
69bd8c3cd6a0ac3b093955db,7365b037-89fb-4800-b728-c32e695975f8,1,b2734,16.058858568,10,0,10,2026-03-28
69bd8c3cd6a0ac3b093955db,7365b037-89fb-4800-b728-c32e695975f8,1,a2735,1.86185402199998,10,0,10,2026-03-28
69bd8c3cd6a0ac3b093955db,7365b037-89fb-4800-b728-c32e695975f8,1,b2736,-54.000723332,10,0,10,2026-03-28
69bd8c3cd6a0ac3b093955db,7365b037-89fb-4800-b728-c32e695975f8,1,a2737,-65.130025636,10,0,10,2026-03-28
69bd8c3cd6a0ac3b093955db,7365b037-89fb-4800-b728-c32e695975f8,1,b2738,-17.54064652,9,1,10,2026-03-28
69bd8c3cd6a0ac3b093955db,7365b037-89fb-4800-b728-c32e695975f8,1,a2739,-56.941032535,10,0,10,2026-03-28
69bd8c3cd6a0ac3b093955db,7365b037-89fb-4800-b728-c32e695975f8,1,b2740,-47.896908338,9,1,10,2026-03-28
69bd8c3cd6a0ac3b093955db,7365b037-89fb-4800-b728-c32e695975f8,1,a2741,83.743614395,10,0,10,2026-03-28
69bd8c3cd6a0ac3b093955db,7365b037-89fb-4800-b728-c32e695975f8,1,b2742,41.313021848,10,0,10,2026-03-28
69bd8c3cd6a0ac3b093955db,7365b037-89fb-4800-b728-c32e695975f8,1,a2743,98.630516274,10,0,10,2026-03-28
69bd8c3cd6a0ac3b093955db,7365b037-89fb-4800-b728-c32e695975f8,1,b2744,-76.790441206,10,0,10,2026-03-28
69bd8c3cd6a0ac3b093955db,7365b037-89fb-4800-b728-c32e695975f8,1,a2745,-168.780151675,10,0,10,2026-03-28
69bd8c3cd6a0ac3b093955db,7365b037-89fb-4800-b728-c32e695975f8,1,b2746,33.746068727,10,0,10,2026-03-28
69bd8c3cd6a0ac3b093955db,7365b037-89fb-4800-b728-c32e695975f8,1,a2747,-11.856191134,10,0,10,2026-03-28
69bd8c3cd6a0ac3b093955db,7365b037-89fb-4800-b728-c32e695975f8,1,b2748,-24.549200415,3,7,10,2026-03-28
69bd8c3cd6a0ac3b093955db,7365b037-89fb-4800-b728-c32e695975f8,1,a2749,-7.17782374000004,10,0,10,2026-03-28
69bd8c3cd6a0ac3b093955db,7365b037-89fb-4800-b728-c32e695975f8,1,b2750,104.861045602,10,0,10,2026-03-28
69bd8c3cd6a0ac3b093955db,7365b037-89fb-4800-b728-c32e695975f8,1,a2751,-53.88445442,10,0,10,2026-03-28
69bd8c3cd6a0ac3b093955db,7365b037-89fb-4800-b728-c32e695975f8,1,b2752,-52.874066755,10,0,10,2026-03-28
69bd8c3cd6a0ac3b093955db,7365b037-89fb-4800-b728-c32e695975f8,1,a2753,-37.455012556,10,0,10,2026-03-28
69bd8c3cd6a0ac3b093955db,7365b037-89fb-4800-b728-c32e695975f8,1,b2754,-28.072151671,10,0,10,2026-03-28
69bd8c3cd6a0ac3b093955db,7365b037-89fb-4800-b728-c32e695975f8,1,a2755,-88.405015261,10,0,10,2026-03-28
69bd8c3cd6a0ac3b093955db,7365b037-89fb-4800-b728-c32e695975f8,1,b2756,-69.040188175,8,2,10,2026-03-28
69bd8c3cd6a0ac3b093955db,7365b037-89fb-4800-b728-c32e695975f8,1,a2757,-50.061242704,9,1,10,2026-03-28
69bd8c3cd6a0ac3b093955db,7365b037-89fb-4800-b728-c32e695975f8,1,b2758,0.460339096999995,10,0,10,2026-03-28
69bd8c3cd6a0ac3b093955db,7365b037-89fb-4800-b728-c32e695975f8,1,a2759,7.00798849299999,10,0,10,2026-03-28
69bd8c3cd6a0ac3b093955db,7365b037-89fb-4800-b728-c32e695975f8,1,b2760,-75.733392789,10,0,10,2026-03-28
69bd8c3cd6a0ac3b093955db,7365b037-89fb-4800-b728-c32e695975f8,1,a2761,-24.158739105,10,0,10,2026-03-28
69bd8c3cd6a0ac3b093955db,7365b037-89fb-4800-b728-c32e695975f8,1,b2762,-12.843965205,10,0,10,2026-03-28
69bd8c3cd6a0ac3b093955db,7365b037-89fb-4800-b728-c32e695975f8,1,a2763,-89.005827844,10,0,10,2026-03-28
69bd8c3cd6a0ac3b093955db,7365b037-89fb-4800-b728-c32e695975f8,1,b2764,60.142975837,9,1,10,2026-03-28
69bd8c3cd6a0ac3b093955db,7365b037-89fb-4800-b728-c32e695975f8,1,a2765,0.0177876229999772,10,0,10,2026-03-28
69bd8c3cd6a0ac3b093955db,7365b037-89fb-4800-b728-c32e695975f8,1,b2766,-60.040943303,10,0,10,2026-03-28
69bd8c3cd6a0ac3b093955db,7365b037-89fb-4800-b728-c32e695975f8,1,a2767,62.817146744,10,0,10,2026-03-28
69bd8c3cd6a0ac3b093955db,7365b037-89fb-4800-b728-c32e695975f8,1,b2768,-62.859396294,9,1,10,2026-03-28
69bd8c3cd6a0ac3b093955db,7365b037-89fb-4800-b728-c32e695975f8,1,a2769,-18.873315813,10,0,10,2026-03-28
69bd8c3cd6a0ac3b093955db,7365b037-89fb-4800-b728-c32e695975f8,1,b2770,31.243243514,10,0,10,2026-03-28
69bd8c3cd6a0ac3b093955db,7365b037-89fb-4800-b728-c32e695975f8,1,a2771,37.646784703,10,0,10,2026-03-28
69bd8c3cd6a0ac3b093955db,7365b037-89fb-4800-b728-c32e695975f8,1,b2772,18.040639177,10,0,10,2026-03-28
69bd8c3cd6a0ac3b093955db,7365b037-89fb-4800-b728-c32e695975f8,1,a2773,47.448027145,10,0,10,2026-03-28
69bd8c3cd6a0ac3b093955db,7365b037-89fb-4800-b728-c32e695975f8,1,b2774,31.622345876,10,0,10,2026-03-28
69bd8c3cd6a0ac3b093955db,7365b037-89fb-4800-b728-c32e695975f8,1,a2775,49.331566704,9,1,10,2026-03-28
69bd8c3cd6a0ac3b093955db,7365b037-89fb-4800-b728-c32e695975f8,1,b2776,-58.577518232,10,0,10,2026-03-28
69bd8c3cd6a0ac3b093955db,7365b037-89fb-4800-b728-c32e695975f8,1,a2777,-67.67480183,10,0,10,2026-03-28
69bd8c3cd6a0ac3b093955db,7365b037-89fb-4800-b728-c32e695975f8,1,b2778,32.975191441,10,0,10,2026-03-28
69bd8c3cd6a0ac3b093955db,7365b037-89fb-4800-b728-c32e695975f8,1,a2779,-25.586261541,8,2,10,2026-03-28
69bd8c3cd6a0ac3b093955db,7365b037-89fb-4800-b728-c32e695975f8,1,b2780,9.04716692699999,10,0,10,2026-03-28
69bd8c3cd6a0ac3b093955db,7365b037-89fb-4800-b728-c32e695975f8,1,a2781,-43.069601955,10,0,10,2026-03-28
69bd8c3cd6a0ac3b093955db,7365b037-89fb-4800-b728-c32e695975f8,1,b2782,28.67399286,10,0,10,2026-03-28
69bd8c3cd6a0ac3b093955db,7365b037-89fb-4800-b728-c32e695975f8,1,a2783,71.09656754,10,0,10,2026-03-28
69bd8c3cd6a0ac3b093955db,7365b037-89fb-4800-b728-c32e695975f8,1,b2784,27.418140279,10,0,10,2026-03-28
69bd8c3cd6a0ac3b093955db,7365b037-89fb-4800-b728-c32e695975f8,1,a2785,137.4764536,10,0,10,2026-03-28
69bd8c3cd6a0ac3b093955db,7365b037-89fb-4800-b728-c32e695975f8,1,b4041,4.79221633847527,10,0,10,2026-04-17
69bd8c3cd6a0ac3b093955db,7365b037-89fb-4800-b728-c32e695975f8,1,a4042,53.871778840374,10,0,10,2026-04-17
69bd8c3cd6a0ac3b093955db,7365b037-89fb-4800-b728-c32e695975f8,1,b4043,-17.8516771403594,10,0,10,2026-04-17
69bd8c3cd6a0ac3b093955db,7365b037-89fb-4800-b728-c32e695975f8,1,a4044,5.12754539227958,10,0,10,2026-04-17
69bd8c3cd6a0ac3b093955db,7365b037-89fb-4800-b728-c32e695975f8,1,b4045,-1.52776150693525,10,0,10,2026-04-17
69bd8c3cd6a0ac3b093955db,7365b037-89fb-4800-b728-c32e695975f8,1,a4046,-78.763008358046,10,0,10,2026-04-17
69bd8c3cd6a0ac3b093955db,7365b037-89fb-4800-b728-c32e695975f8,1,b4047,-8.17444085860327,10,0,10,2026-04-17
69bd8c3cd6a0ac3b093955db,7365b037-89fb-4800-b728-c32e695975f8,1,a4048,14.1930203240213,10,0,10,2026-04-17
69bd8c3cd6a0ac3b093955db,7365b037-89fb-4800-b728-c32e695975f8,1,b4049,46.0097087054894,10,0,10,2026-04-17
69bd8c3cd6a0ac3b093955db,7365b037-89fb-4800-b728-c32e695975f8,1,a4050,10.7782488619679,10,0,10,2026-04-17
69bd8c3cd6a0ac3b093955db,7365b037-89fb-4800-b728-c32e695975f8,1,b4051,-25.8637496867008,10,0,10,2026-04-17
69bd8c3cd6a0ac3b093955db,7365b037-89fb-4800-b728-c32e695975f8,1,a4052,69.6932308165052,9,1,10,2026-04-17
69bd8c3cd6a0ac3b093955db,7365b037-89fb-4800-b728-c32e695975f8,1,b4053,21.5477956173121,10,0,10,2026-04-17
69bd8c3cd6a0ac3b093955db,7365b037-89fb-4800-b728-c32e695975f8,1,a4054,62.6275686700656,10,0,10,2026-04-17
69bd8c3cd6a0ac3b093955db,7365b037-89fb-4800-b728-c32e695975f8,1,b4055,70.6036711982827,10,0,10,2026-04-17
69bd8c3cd6a0ac3b093955db,7365b037-89fb-4800-b728-c32e695975f8,1,a4056,-84.7517340212549,10,0,10,2026-04-17
69bd8c3cd6a0ac3b093955db,7365b037-89fb-4800-b728-c32e695975f8,1,b4057,69.0876822912324,10,0,10,2026-04-17
69bd8c3cd6a0ac3b093955db,7365b037-89fb-4800-b728-c32e695975f8,1,a4058,24.9924695932694,10,0,10,2026-04-17
69bd8c3cd6a0ac3b093955db,7365b037-89fb-4800-b728-c32e695975f8,1,b4059,30.6005487306715,10,0,10,2026-04-17
69bd8c3cd6a0ac3b093955db,7365b037-89fb-4800-b728-c32e695975f8,1,a4060,-4.20213003458902,10,0,10,2026-04-17
69bd8c3cd6a0ac3b093955db,7365b037-89fb-4800-b728-c32e695975f8,1,b4061,40.1839795799424,10,0,10,2026-04-17
69bd8c3cd6a0ac3b093955db,7365b037-89fb-4800-b728-c32e695975f8,1,a4062,-13.8048955616153,8,2,10,2026-04-17
69bd8c3cd6a0ac3b093955db,7365b037-89fb-4800-b728-c32e695975f8,1,b4063,43.7636121911848,10,0,10,2026-04-17
69bd8c3cd6a0ac3b093955db,7365b037-89fb-4800-b728-c32e695975f8,1,a4064,-4.1698898573765,10,0,10,2026-04-17
69bd8c3cd6a0ac3b093955db,7365b037-89fb-4800-b728-c32e695975f8,1,b4065,3.50410678125631,10,0,10,2026-04-17
69bd8c3cd6a0ac3b093955db,7365b037-89fb-4800-b728-c32e695975f8,1,a4066,-9.69267976197163,8,2,10,2026-04-17
69bd8c3cd6a0ac3b093955db,7365b037-89fb-4800-b728-c32e695975f8,1,b4067,3.58596783010243,10,0,10,2026-04-17
69bd8c3cd6a0ac3b093955db,7365b037-89fb-4800-b728-c32e695975f8,1,a4068,71.0479870869226,10,0,10,2026-04-17
69bd8c3cd6a0ac3b093955db,7365b037-89fb-4800-b728-c32e695975f8,1,b4069,-25.4210161836296,10,0,10,2026-04-17
69bd8c3cd6a0ac3b093955db,7365b037-89fb-4800-b728-c32e695975f8,1,a4070,4.35714378103875,10,0,10,2026-04-17
69bd8c3cd6a0ac3b093955db,7365b037-89fb-4800-b728-c32e695975f8,1,b4071,62.6346149452847,10,0,10,2026-04-17
69bd8c3cd6a0ac3b093955db,7365b037-89fb-4800-b728-c32e695975f8,1,a4072,-10.6689933278982,10,0,10,2026-04-17
69bd8c3cd6a0ac3b093955db,7365b037-89fb-4800-b728-c32e695975f8,1,b4073,-8.50337823235626,10,0,10,2026-04-17
69bd8c3cd6a0ac3b093955db,7365b037-89fb-4800-b728-c32e695975f8,1,a4074,11.8543916165846,10,0,10,2026-04-17
69bd8c3cd6a0ac3b093955db,7365b037-89fb-4800-b728-c32e695975f8,1,b4075,9.02659097016316,10,0,10,2026-04-17
69bd8c3cd6a0ac3b093955db,7365b037-89fb-4800-b728-c32e695975f8,1,a4076,-45.4329735653032,10,0,10,2026-04-17
69bd8c3cd6a0ac3b093955db,7365b037-89fb-4800-b728-c32e695975f8,1,b4077,19.3481897006003,10,0,10,2026-04-17
69bd8c3cd6a0ac3b093955db,7365b037-89fb-4800-b728-c32e695975f8,1,a4078,20.8472208181553,10,0,10,2026-04-17
69bd8c3cd6a0ac3b093955db,7365b037-89fb-4800-b728-c32e695975f8,1,b4079,-57.7963493392614,10,0,10,2026-04-17
69bd8c3cd6a0ac3b093955db,7365b037-89fb-4800-b728-c32e695975f8,1,a4080,-1.46112803454028,10,0,10,2026-04-17
69bd8c3cd6a0ac3b093955db,7365b037-89fb-4800-b728-c32e695975f8,1,b4081,44.2021314576983,10,0,10,2026-04-17
69bd8c3cd6a0ac3b093955db,7365b037-89fb-4800-b728-c32e695975f8,1,a4082,-30.7316074871778,10,0,10,2026-04-17
69bd8c3cd6a0ac3b093955db,7365b037-89fb-4800-b728-c32e695975f8,1,b4083,10.7210405953612,10,0,10,2026-04-17
69bd8c3cd6a0ac3b093955db,7365b037-89fb-4800-b728-c32e695975f8,1,a4084,35.9090556641407,10,0,10,2026-04-17
69bd8c3cd6a0ac3b093955db,7365b037-89fb-4800-b728-c32e695975f8,1,b4085,-14.3641251925049,10,0,10,2026-04-17
69bd8c3cd6a0ac3b093955db,7365b037-89fb-4800-b728-c32e695975f8,1,a4086,42.5652243627957,7,3,10,2026-04-17
69bd8c3cd6a0ac3b093955db,7365b037-89fb-4800-b728-c32e695975f8,1,b4087,-100.732499060492,10,0,10,2026-04-17
69bd8c3cd6a0ac3b093955db,7365b037-89fb-4800-b728-c32e695975f8,1,a4088,-52.1092625458129,10,0,10,2026-04-17
69bd8c3cd6a0ac3b093955db,7365b037-89fb-4800-b728-c32e695975f8,1,b4089,10.4410608502204,10,0,10,2026-04-17
69bd8c3cd6a0ac3b093955db,7365b037-89fb-4800-b728-c32e695975f8,1,a4090,32.9570071605328,3,7,10,2026-04-17
69bd8c3cd6a0ac3b093955db,7365b037-89fb-4800-b728-c32e695975f8,1,b4091,-49.1374207594671,8,2,10,2026-04-17
69bd8c3cd6a0ac3b093955db,7365b037-89fb-4800-b728-c32e695975f8,1,a4092,-14.4602043025194,10,0,10,2026-04-17
69bd8c3cd6a0ac3b093955db,7365b037-89fb-4800-b728-c32e695975f8,1,b4093,-76.4032447627012,10,0,10,2026-04-17
69bd8c3cd6a0ac3b093955db,7365b037-89fb-4800-b728-c32e695975f8,1,a4094,-51.4273180663629,10,0,10,2026-04-17
69bd8c3cd6a0ac3b093955db,7365b037-89fb-4800-b728-c32e695975f8,1,b4095,23.4696984020465,10,0,10,2026-04-17
69bd8c3cd6a0ac3b093955db,7365b037-89fb-4800-b728-c32e695975f8,1,a4096,11.8624174524773,10,0,10,2026-04-17
69bd8c3cd6a0ac3b093955db,7365b037-89fb-4800-b728-c32e695975f8,1,b4097,38.722394979133,10,0,10,2026-04-17
69bd8c3cd6a0ac3b093955db,7365b037-89fb-4800-b728-c32e695975f8,1,a4098,-34.6491822288155,10,0,10,2026-04-17
69bd8c3cd6a0ac3b093955db,7365b037-89fb-4800-b728-c32e695975f8,1,b4099,14.6279074905556,9,1,10,2026-04-17
69bd8c3cd6a0ac3b093955db,7365b037-89fb-4800-b728-c32e695975f8,1,a4100,18.1436387673194,10,0,10,2026-04-17
69bd8c3cd6a0ac3b093955db,7365b037-89fb-4800-b728-c32e695975f8,1,b4101,-21.8585108908011,8,2,10,2026-04-17
69bd8c3cd6a0ac3b093955db,7365b037-89fb-4800-b728-c32e695975f8,1,a4102,-39.9676656950359,5,0,5,2026-04-17
69c020244221800bc764c7ae,0e1c0d48-9052-452c-8532-40ea8811a574,1,a783,71.0965675349738,8,2,10,2026-03-22
69c020244221800bc764c7ae,0e1c0d48-9052-452c-8532-40ea8811a574,2,b784,27.4181402626257,6,4,10,2026-03-22
69c020244221800bc764c7ae,0e1c0d48-9052-452c-8532-40ea8811a574,3,a785,102.037890704489,6,4,10,2026-03-23
69c020244221800bc764c7ae,0e1c0d48-9052-452c-8532-40ea8811a574,3,a841,23.7977017468756,7,3,10,2026-03-23
69c020244221800bc764c7ae,0e1c0d48-9052-452c-8532-40ea8811a574,4,b842,-9.7150702738249,8,2,10,2026-03-23
69c020244221800bc764c7ae,0e1c0d48-9052-452c-8532-40ea8811a574,5,a843,17.2392724427873,5,5,10,2026-03-23
69c020244221800bc764c7ae,0e1c0d48-9052-452c-8532-40ea8811a574,5,a847,-51.4937510319622,6,4,10,2026-03-24
69c020244221800bc764c7ae,0e1c0d48-9052-452c-8532-40ea8811a574,5,b848,34.5264474878791,8,2,10,2026-03-24
69c020244221800bc764c7ae,0e1c0d48-9052-452c-8532-40ea8811a574,6,a849,-47.302723989241,4,6,10,2026-03-24
69c020244221800bc764c7ae,0e1c0d48-9052-452c-8532-40ea8811a574,1,b870,42.1081397525265,8,2,10,2026-03-28
69c020244221800bc764c7ae,0e1c0d48-9052-452c-8532-40ea8811a574,1,a2787,20.9122535360001,10,0,10,2026-03-29
69c020244221800bc764c7ae,0e1c0d48-9052-452c-8532-40ea8811a574,1,b2788,-7.778652962,10,0,10,2026-03-29
69c020244221800bc764c7ae,0e1c0d48-9052-452c-8532-40ea8811a574,1,b2794,63.521767049,10,0,10,2026-03-29
69c020244221800bc764c7ae,0e1c0d48-9052-452c-8532-40ea8811a574,1,a2795,-62.579059508,9,1,10,2026-03-29
69c020244221800bc764c7ae,0e1c0d48-9052-452c-8532-40ea8811a574,1,b2796,6.44561121100001,10,0,10,2026-03-29
69c020244221800bc764c7ae,0e1c0d48-9052-452c-8532-40ea8811a574,1,a2797,85.23294666,10,0,10,2026-03-29
69c020244221800bc764c7ae,0e1c0d48-9052-452c-8532-40ea8811a574,1,b2798,72.110317483,10,0,10,2026-03-29
69c020244221800bc764c7ae,0e1c0d48-9052-452c-8532-40ea8811a574,1,a2799,-76.511146032,10,0,10,2026-03-29
69c020244221800bc764c7ae,0e1c0d48-9052-452c-8532-40ea8811a574,1,b2800,-80.039136439,10,0,10,2026-03-29
69c020244221800bc764c7ae,0e1c0d48-9052-452c-8532-40ea8811a574,1,a2801,38.944785196,9,1,10,2026-03-29
69c020244221800bc764c7ae,0e1c0d48-9052-452c-8532-40ea8811a574,1,b2802,-31.762140243,10,0,10,2026-03-29
69c020244221800bc764c7ae,0e1c0d48-9052-452c-8532-40ea8811a574,1,a2803,-23.875000539,10,0,10,2026-03-29
69c020244221800bc764c7ae,0e1c0d48-9052-452c-8532-40ea8811a574,1,b2804,16.920593457,9,1,10,2026-03-29
69c020244221800bc764c7ae,0e1c0d48-9052-452c-8532-40ea8811a574,1,a2805,-1.64031675400002,9,1,10,2026-03-29
69c020244221800bc764c7ae,0e1c0d48-9052-452c-8532-40ea8811a574,1,b2806,-39.192887623,9,1,10,2026-03-29
69c020244221800bc764c7ae,0e1c0d48-9052-452c-8532-40ea8811a574,1,a2807,43.295110745,10,0,10,2026-03-29
69c020244221800bc764c7ae,0e1c0d48-9052-452c-8532-40ea8811a574,1,b2808,-51.168962209,10,0,10,2026-03-29
69c020244221800bc764c7ae,0e1c0d48-9052-452c-8532-40ea8811a574,1,a2809,22.267318464,10,0,10,2026-03-29
69c020244221800bc764c7ae,0e1c0d48-9052-452c-8532-40ea8811a574,1,b2810,-69.777913909,10,0,10,2026-03-29
69c020244221800bc764c7ae,0e1c0d48-9052-452c-8532-40ea8811a574,1,a2811,-124.971069995,10,0,10,2026-03-29
69c020244221800bc764c7ae,0e1c0d48-9052-452c-8532-40ea8811a574,1,b2812,23.468753517,10,0,10,2026-03-29
69c020244221800bc764c7ae,0e1c0d48-9052-452c-8532-40ea8811a574,1,a2813,-124.223981907,10,0,10,2026-03-29
69c020244221800bc764c7ae,0e1c0d48-9052-452c-8532-40ea8811a574,1,b2814,54.152648703,10,0,10,2026-03-29
69c020244221800bc764c7ae,0e1c0d48-9052-452c-8532-40ea8811a574,1,a2815,77.48192111,10,0,10,2026-03-29
69c020244221800bc764c7ae,0e1c0d48-9052-452c-8532-40ea8811a574,1,b2816,-25.175740245,10,0,10,2026-03-29
69c020244221800bc764c7ae,0e1c0d48-9052-452c-8532-40ea8811a574,1,a2817,1.99813007900001,10,0,10,2026-03-29
69c020244221800bc764c7ae,0e1c0d48-9052-452c-8532-40ea8811a574,1,b2818,-4.45176356900001,10,0,10,2026-03-29
69c020244221800bc764c7ae,0e1c0d48-9052-452c-8532-40ea8811a574,1,a2819,-1.265994982,10,0,10,2026-03-29
69c020244221800bc764c7ae,0e1c0d48-9052-452c-8532-40ea8811a574,1,b2820,62.698383242,10,0,10,2026-03-29
69c020244221800bc764c7ae,0e1c0d48-9052-452c-8532-40ea8811a574,1,a2821,32.400870658,10,0,10,2026-03-29
69c020244221800bc764c7ae,0e1c0d48-9052-452c-8532-40ea8811a574,1,b2822,-73.113864986,10,0,10,2026-03-29
69c020244221800bc764c7ae,0e1c0d48-9052-452c-8532-40ea8811a574,1,a2823,27.040642546,10,0,10,2026-03-29
69c020244221800bc764c7ae,0e1c0d48-9052-452c-8532-40ea8811a574,1,b2824,2.823871676,10,0,10,2026-03-29
69c020244221800bc764c7ae,0e1c0d48-9052-452c-8532-40ea8811a574,1,a2825,-61.616194164,10,0,10,2026-03-29
69c020244221800bc764c7ae,0e1c0d48-9052-452c-8532-40ea8811a574,1,b2826,27.523778914,10,0,10,2026-03-29
69c020244221800bc764c7ae,0e1c0d48-9052-452c-8532-40ea8811a574,1,a2827,17.969564405,10,0,10,2026-03-29
69c020244221800bc764c7ae,0e1c0d48-9052-452c-8532-40ea8811a574,1,b2828,9.89660161800003,10,0,10,2026-03-29
69c020244221800bc764c7ae,0e1c0d48-9052-452c-8532-40ea8811a574,1,a2829,7.64896744200007,10,0,10,2026-03-29
69c020244221800bc764c7ae,0e1c0d48-9052-452c-8532-40ea8811a574,1,b2830,19.003559046,9,1,10,2026-03-29
69c020244221800bc764c7ae,0e1c0d48-9052-452c-8532-40ea8811a574,1,a2831,11.649977224,10,0,10,2026-03-29
69c020244221800bc764c7ae,0e1c0d48-9052-452c-8532-40ea8811a574,1,b2832,-14.733078135,10,0,10,2026-03-29
69c020244221800bc764c7ae,0e1c0d48-9052-452c-8532-40ea8811a574,1,a2833,-41.390138148,10,0,10,2026-03-29
69c020244221800bc764c7ae,0e1c0d48-9052-452c-8532-40ea8811a574,1,b2834,22.280627787,10,0,10,2026-03-29
69c020244221800bc764c7ae,0e1c0d48-9052-452c-8532-40ea8811a574,1,a2835,26.4692831170001,10,0,10,2026-03-29
69c020244221800bc764c7ae,0e1c0d48-9052-452c-8532-40ea8811a574,1,b2836,-9.314428674,9,1,10,2026-03-29
69c020244221800bc764c7ae,0e1c0d48-9052-452c-8532-40ea8811a574,1,a2837,-85.984067867,9,1,10,2026-03-29
69c020244221800bc764c7ae,0e1c0d48-9052-452c-8532-40ea8811a574,1,b2838,41.945249473,10,0,10,2026-03-29
69c020244221800bc764c7ae,0e1c0d48-9052-452c-8532-40ea8811a574,1,a2839,6.98296125400001,10,0,10,2026-03-29
69c020244221800bc764c7ae,0e1c0d48-9052-452c-8532-40ea8811a574,1,b2840,-22.402512846,10,0,10,2026-03-29
69c020244221800bc764c7ae,0e1c0d48-9052-452c-8532-40ea8811a574,1,a2841,23.797701745,10,0,10,2026-03-29
69c020244221800bc764c7ae,0e1c0d48-9052-452c-8532-40ea8811a574,1,b2842,-9.715070272,10,0,10,2026-03-29
69c020244221800bc764c7ae,0e1c0d48-9052-452c-8532-40ea8811a574,1,a2843,0.669905483999999,9,1,10,2026-03-29
69c020244221800bc764c7ae,0e1c0d48-9052-452c-8532-40ea8811a574,1,a2847,-52.309137118,10,0,10,2026-03-29
69c020244221800bc764c7ae,0e1c0d48-9052-452c-8532-40ea8811a574,1,b2848,34.526447491,10,0,10,2026-03-29
69c020244221800bc764c7ae,0e1c0d48-9052-452c-8532-40ea8811a574,1,a2849,-51.559331903,10,0,10,2026-03-29
69c020244221800bc764c7ae,0e1c0d48-9052-452c-8532-40ea8811a574,1,b2854,-15.187718484,10,0,10,2026-03-29
69c020244221800bc764c7ae,0e1c0d48-9052-452c-8532-40ea8811a574,1,a2855,-36.189372088,10,0,10,2026-03-29
69c020244221800bc764c7ae,0e1c0d48-9052-452c-8532-40ea8811a574,1,a2861,-56.236521612,10,0,10,2026-03-29
69c020244221800bc764c7ae,0e1c0d48-9052-452c-8532-40ea8811a574,1,a2873,-57.930000831,9,1,10,2026-03-29
69c020244221800bc764c7ae,0e1c0d48-9052-452c-8532-40ea8811a574,1,b2876,-32.726366072,10,0,10,2026-03-29
69c020244221800bc764c7ae,0e1c0d48-9052-452c-8532-40ea8811a574,1,a2877,25.233454529,10,0,10,2026-03-29
69c020244221800bc764c7ae,0e1c0d48-9052-452c-8532-40ea8811a574,1,b2882,-60.782258011,10,0,10,2026-03-29
69c020244221800bc764c7ae,0e1c0d48-9052-452c-8532-40ea8811a574,1,a2883,8.06270341699996,9,1,10,2026-03-29
69c020244221800bc764c7ae,0e1c0d48-9052-452c-8532-40ea8811a574,1,b2884,36.442943436,8,2,10,2026-03-29
69c020244221800bc764c7ae,0e1c0d48-9052-452c-8532-40ea8811a574,1,a2885,-116.068211679,10,0,10,2026-03-29
69c2b28f1a76abb8442f6c15,ffb65402-5604-43bf-a19d-ecde13cfd543,1,a917,-35.5723561986907,10,0,10,2026-03-24
69c2b28f1a76abb8442f6c15,ffb65402-5604-43bf-a19d-ecde13cfd543,2,b922,-56.9965124919861,2,8,10,2026-03-24
69c2b28f1a76abb8442f6c15,ffb65402-5604-43bf-a19d-ecde13cfd543,3,b938,13.8872639090894,10,0,10,2026-03-24
69c2b28f1a76abb8442f6c15,ffb65402-5604-43bf-a19d-ecde13cfd543,4,a939,-40.5908880193347,10,0,10,2026-03-24
69c2b28f1a76abb8442f6c15,ffb65402-5604-43bf-a19d-ecde13cfd543,5,b960,16.033308586747,10,0,10,2026-03-24
69c2b28f1a76abb8442f6c15,ffb65402-5604-43bf-a19d-ecde13cfd543,6,a971,55.9949954391078,10,0,10,2026-03-24
69c2b28f1a76abb8442f6c15,ffb65402-5604-43bf-a19d-ecde13cfd543,7,b982,-55.086791581989,0,5,5,2026-03-24
69ca9535dfb7037be1be8d27,60bb9332-718f-4fdf-a5d3-222d223754f1,1,a3043,-3.38520916099999,7,3,10,2026-03-30
69ca9535dfb7037be1be8d27,60bb9332-718f-4fdf-a5d3-222d223754f1,1,b3044,20.24113415,10,0,10,2026-03-30
69ca9535dfb7037be1be8d27,60bb9332-718f-4fdf-a5d3-222d223754f1,1,a3049,24.54579844,10,0,10,2026-03-30
69ca9535dfb7037be1be8d27,60bb9332-718f-4fdf-a5d3-222d223754f1,1,b3050,-125.613924459,10,0,10,2026-03-30
69ca9535dfb7037be1be8d27,60bb9332-718f-4fdf-a5d3-222d223754f1,1,b3052,-15.447684511,10,0,10,2026-03-30
69ca9535dfb7037be1be8d27,60bb9332-718f-4fdf-a5d3-222d223754f1,1,b3062,30.410180013,10,0,10,2026-03-30
69ca9535dfb7037be1be8d27,60bb9332-718f-4fdf-a5d3-222d223754f1,1,b3064,-43.364657842,9,1,10,2026-03-30
69ca9535dfb7037be1be8d27,60bb9332-718f-4fdf-a5d3-222d223754f1,1,b3070,21.190690079,10,0,10,2026-03-30
69ca9535dfb7037be1be8d27,60bb9332-718f-4fdf-a5d3-222d223754f1,1,a3083,49.00196549,10,0,10,2026-03-30
69ca9535dfb7037be1be8d27,60bb9332-718f-4fdf-a5d3-222d223754f1,1,b3088,-35.292116611,10,0,10,2026-03-30
69ca9535dfb7037be1be8d27,60bb9332-718f-4fdf-a5d3-222d223754f1,1,a3093,11.04752682,10,0,10,2026-03-30
69ca9535dfb7037be1be8d27,60bb9332-718f-4fdf-a5d3-222d223754f1,1,a3103,89.740379347,10,0,10,2026-03-30
69ca9535dfb7037be1be8d27,60bb9332-718f-4fdf-a5d3-222d223754f1,1,b3104,-20.85350963,9,1,10,2026-03-30
69ca9535dfb7037be1be8d27,60bb9332-718f-4fdf-a5d3-222d223754f1,1,a3117,143.408389177,10,0,10,2026-03-30
69ca9535dfb7037be1be8d27,60bb9332-718f-4fdf-a5d3-222d223754f1,1,a3119,-104.531995883,10,0,10,2026-03-30
69ca9535dfb7037be1be8d27,60bb9332-718f-4fdf-a5d3-222d223754f1,1,b3120,-26.369397488,9,1,10,2026-03-30
69ca9535dfb7037be1be8d27,60bb9332-718f-4fdf-a5d3-222d223754f1,1,a3129,-8.88854213700003,10,0,10,2026-03-30
69ca9535dfb7037be1be8d27,60bb9332-718f-4fdf-a5d3-222d223754f1,1,a3133,128.119925722,10,0,10,2026-03-30
69ca9535dfb7037be1be8d27,60bb9332-718f-4fdf-a5d3-222d223754f1,1,b3136,-66.125893936,10,0,10,2026-03-30
69ca9535dfb7037be1be8d27,60bb9332-718f-4fdf-a5d3-222d223754f1,1,a3147,114.407034386,10,0,10,2026-03-30
69ca9535dfb7037be1be8d27,60bb9332-718f-4fdf-a5d3-222d223754f1,1,b3148,54.193475836,10,0,10,2026-03-30
69ca9535dfb7037be1be8d27,60bb9332-718f-4fdf-a5d3-222d223754f1,1,a3149,137.621282906,9,1,10,2026-03-31
69ca9535dfb7037be1be8d27,60bb9332-718f-4fdf-a5d3-222d223754f1,1,a3231,81.616623612,10,0,10,2026-03-31
69ca9535dfb7037be1be8d27,60bb9332-718f-4fdf-a5d3-222d223754f1,1,b3232,-9.56173725099999,10,0,10,2026-03-31
69ca9535dfb7037be1be8d27,60bb9332-718f-4fdf-a5d3-222d223754f1,1,a3243,14.300951975,10,0,10,2026-03-31
69ca9535dfb7037be1be8d27,60bb9332-718f-4fdf-a5d3-222d223754f1,1,b3244,52.216436627,9,1,10,2026-03-31
69ca9535dfb7037be1be8d27,60bb9332-718f-4fdf-a5d3-222d223754f1,1,a3261,17.118351722,10,0,10,2026-03-31
69ca9535dfb7037be1be8d27,60bb9332-718f-4fdf-a5d3-222d223754f1,1,a3281,-20.687513309,10,0,10,2026-03-31
69ca9535dfb7037be1be8d27,60bb9332-718f-4fdf-a5d3-222d223754f1,1,b3282,-8.97186858100001,10,0,10,2026-03-31
69ca9535dfb7037be1be8d27,60bb9332-718f-4fdf-a5d3-222d223754f1,1,b3284,48.754385339,10,0,10,2026-03-31
69ca9535dfb7037be1be8d27,60bb9332-718f-4fdf-a5d3-222d223754f1,1,a3285,32.668530752,10,0,10,2026-03-31
69ca9535dfb7037be1be8d27,60bb9332-718f-4fdf-a5d3-222d223754f1,1,b3288,13.794556842,9,1,10,2026-03-31
69ca9535dfb7037be1be8d27,60bb9332-718f-4fdf-a5d3-222d223754f1,1,a3289,-6.93191326600001,10,0,10,2026-03-31
69ca9535dfb7037be1be8d27,60bb9332-718f-4fdf-a5d3-222d223754f1,1,b3290,-42.600955806,10,0,10,2026-03-31
69ca9535dfb7037be1be8d27,60bb9332-718f-4fdf-a5d3-222d223754f1,1,a3291,20.26811738,10,0,10,2026-03-31
69ca9535dfb7037be1be8d27,60bb9332-718f-4fdf-a5d3-222d223754f1,1,b3292,-113.779140856,10,0,10,2026-03-31
69ca9535dfb7037be1be8d27,60bb9332-718f-4fdf-a5d3-222d223754f1,1,a3293,-48.049038204,9,1,10,2026-03-31
69ca9535dfb7037be1be8d27,60bb9332-718f-4fdf-a5d3-222d223754f1,1,b3294,59.346977925,10,0,10,2026-03-31
69ca9535dfb7037be1be8d27,60bb9332-718f-4fdf-a5d3-222d223754f1,1,a3295,38.504572737,10,0,10,2026-03-31
69ca9535dfb7037be1be8d27,60bb9332-718f-4fdf-a5d3-222d223754f1,1,b3296,-12.743905876,10,0,10,2026-03-31
69ca9535dfb7037be1be8d27,60bb9332-718f-4fdf-a5d3-222d223754f1,1,b3320,31.559027971,10,0,10,2026-03-31
69ca9535dfb7037be1be8d27,60bb9332-718f-4fdf-a5d3-222d223754f1,1,a3329,-131.409127375,10,0,10,2026-03-31
69ca9535dfb7037be1be8d27,60bb9332-718f-4fdf-a5d3-222d223754f1,1,b3342,-14.063380655,10,0,10,2026-03-31
69ca9535dfb7037be1be8d27,60bb9332-718f-4fdf-a5d3-222d223754f1,1,b3352,-52.519697415,10,0,10,2026-03-31
69ca9535dfb7037be1be8d27,60bb9332-718f-4fdf-a5d3-222d223754f1,1,b3356,113.47952859,8,2,10,2026-03-31
69ca9535dfb7037be1be8d27,60bb9332-718f-4fdf-a5d3-222d223754f1,1,a3359,-71.090522185,7,3,10,2026-03-31
69ca9535dfb7037be1be8d27,60bb9332-718f-4fdf-a5d3-222d223754f1,1,a3363,-84.885743496,9,1,10,2026-03-31
69ca9535dfb7037be1be8d27,60bb9332-718f-4fdf-a5d3-222d223754f1,1,a3365,-36.979186326,8,2,10,2026-03-31
69ca9535dfb7037be1be8d27,60bb9332-718f-4fdf-a5d3-222d223754f1,1,b3368,7.21210415499999,10,0,10,2026-03-31
69ca9535dfb7037be1be8d27,60bb9332-718f-4fdf-a5d3-222d223754f1,1,b3370,10.417405374,8,2,10,2026-03-31
69ca9535dfb7037be1be8d27,60bb9332-718f-4fdf-a5d3-222d223754f1,1,a3371,70.074871183,10,0,10,2026-03-31
69ca9535dfb7037be1be8d27,60bb9332-718f-4fdf-a5d3-222d223754f1,1,a3389,51.592521323,10,0,10,2026-03-31
69ca9535dfb7037be1be8d27,60bb9332-718f-4fdf-a5d3-222d223754f1,1,b3390,4.06521891599999,9,1,10,2026-03-31
69ca9535dfb7037be1be8d27,60bb9332-718f-4fdf-a5d3-222d223754f1,1,a3391,-1.86903737800001,9,1,10,2026-03-31
69ca9535dfb7037be1be8d27,60bb9332-718f-4fdf-a5d3-222d223754f1,1,b3392,-47.223549427,7,3,10,2026-03-31
69ca9535dfb7037be1be8d27,60bb9332-718f-4fdf-a5d3-222d223754f1,1,a3393,-68.496924457,10,0,10,2026-03-31
69ca9535dfb7037be1be8d27,60bb9332-718f-4fdf-a5d3-222d223754f1,1,b3394,-21.469818653,10,0,10,2026-03-31
69ca9535dfb7037be1be8d27,60bb9332-718f-4fdf-a5d3-222d223754f1,1,a3395,-23.709868206,7,3,10,2026-03-31
69ca9535dfb7037be1be8d27,60bb9332-718f-4fdf-a5d3-222d223754f1,1,b3396,41.772238675,2,8,10,2026-03-31
69ca9535dfb7037be1be8d27,60bb9332-718f-4fdf-a5d3-222d223754f1,1,a3397,91.989638269,3,7,10,2026-03-31
69ca9535dfb7037be1be8d27,60bb9332-718f-4fdf-a5d3-222d223754f1,1,b3398,-8.40585180000001,2,8,10,2026-03-31
69ca9535dfb7037be1be8d27,60bb9332-718f-4fdf-a5d3-222d223754f1,1,a3399,-171.340714188,8,2,10,2026-04-17
69ca9535dfb7037be1be8d27,60bb9332-718f-4fdf-a5d3-222d223754f1,1,b4103,18.9904144048323,10,0,10,2026-04-17
69ca9535dfb7037be1be8d27,60bb9332-718f-4fdf-a5d3-222d223754f1,1,a4104,-17.9271895049637,10,0,10,2026-04-17
69ca9535dfb7037be1be8d27,60bb9332-718f-4fdf-a5d3-222d223754f1,1,a4106,36.6508506658659,2,1,3,2026-04-17
69cb0781d5d0f40042dff280,e289a833-6dcc-40f6-9b09-6c0bb3412642,1,b3188,-17.347719493,10,0,10,2026-04-17
69cb0781d5d0f40042dff280,e289a833-6dcc-40f6-9b09-6c0bb3412642,1,a4106,3.18855729409862,8,2,10,2026-04-17
69cb0781d5d0f40042dff280,e289a833-6dcc-40f6-9b09-6c0bb3412642,1,b4107,-56.5963012791654,9,1,10,2026-04-17
69cb0781d5d0f40042dff280,e289a833-6dcc-40f6-9b09-6c0bb3412642,1,a4108,9.62118877874916,10,0,10,2026-04-17
69cb0781d5d0f40042dff280,e289a833-6dcc-40f6-9b09-6c0bb3412642,1,b4109,-61.1511254847922,5,5,10,2026-04-17
69cb0781d5d0f40042dff280,e289a833-6dcc-40f6-9b09-6c0bb3412642,2,b4111,11.2156308831499,1,0,1,2026-04-17
69cb0781d5d0f40042dff280,e289a833-6dcc-40f6-9b09-6c0bb3412642,1,b4111,-33.6730346080193,8,2,10,2026-04-17
69cb0781d5d0f40042dff280,e289a833-6dcc-40f6-9b09-6c0bb3412642,1,a4112,71.0785269416806,10,0,10,2026-04-17
69cb0781d5d0f40042dff280,e289a833-6dcc-40f6-9b09-6c0bb3412642,1,b4113,9.72225106347105,10,0,10,2026-04-17
69cb0781d5d0f40042dff280,e289a833-6dcc-40f6-9b09-6c0bb3412642,1,a4114,37.1587418972185,9,1,10,2026-04-17
69cb0781d5d0f40042dff280,e289a833-6dcc-40f6-9b09-6c0bb3412642,1,b4115,-86.8441391932773,9,1,10,2026-04-17
69cb0781d5d0f40042dff280,e289a833-6dcc-40f6-9b09-6c0bb3412642,1,a4116,35.3028221115988,10,0,10,2026-04-17
69cb0781d5d0f40042dff280,e289a833-6dcc-40f6-9b09-6c0bb3412642,1,b4117,70.8943413986003,10,0,10,2026-04-17
69cb0781d5d0f40042dff280,e289a833-6dcc-40f6-9b09-6c0bb3412642,1,a4118,-10.7839515908555,10,0,10,2026-04-17
69cb0781d5d0f40042dff280,e289a833-6dcc-40f6-9b09-6c0bb3412642,1,b4119,6.70349620512856,9,1,10,2026-04-17
69cb0781d5d0f40042dff280,e289a833-6dcc-40f6-9b09-6c0bb3412642,1,a4120,-1.28279002799002,1,0,1,2026-04-17
69cb0781d5d0f40042dff280,e289a833-6dcc-40f6-9b09-6c0bb3412642,1,b4121,-18.8331074685981,10,0,10,2026-04-17
69cb0781d5d0f40042dff280,e289a833-6dcc-40f6-9b09-6c0bb3412642,1,a4122,24.380034475177,8,2,10,2026-04-17
69cb0781d5d0f40042dff280,e289a833-6dcc-40f6-9b09-6c0bb3412642,1,b4123,-49.8974297534769,9,1,10,2026-04-17
69cb0781d5d0f40042dff280,e289a833-6dcc-40f6-9b09-6c0bb3412642,1,a4124,22.898368460337,2,8,10,2026-04-17
69cb0781d5d0f40042dff280,e289a833-6dcc-40f6-9b09-6c0bb3412642,1,a4126,-9.65119481532252,10,0,10,2026-04-17
69cb0781d5d0f40042dff280,e289a833-6dcc-40f6-9b09-6c0bb3412642,1,b4127,-4.57133388560814,10,0,10,2026-04-17
69cb0781d5d0f40042dff280,e289a833-6dcc-40f6-9b09-6c0bb3412642,1,a4128,14.1825461420051,10,0,10,2026-04-17
69cb0781d5d0f40042dff280,e289a833-6dcc-40f6-9b09-6c0bb3412642,1,b4129,-54.5969882285802,10,0,10,2026-04-17
69cb0781d5d0f40042dff280,e289a833-6dcc-40f6-9b09-6c0bb3412642,1,a4130,-18.1030934480123,10,0,10,2026-04-17
69cb0781d5d0f40042dff280,e289a833-6dcc-40f6-9b09-6c0bb3412642,1,b4131,1.60292645719009,10,0,10,2026-04-17
69cb0781d5d0f40042dff280,e289a833-6dcc-40f6-9b09-6c0bb3412642,1,a4132,-10.9849889892679,9,1,10,2026-04-17
69cb0781d5d0f40042dff280,e289a833-6dcc-40f6-9b09-6c0bb3412642,1,b4133,6.88623988643423,10,0,10,2026-04-17
69cb0781d5d0f40042dff280,e289a833-6dcc-40f6-9b09-6c0bb3412642,1,a4134,77.6659062474699,10,0,10,2026-04-17
69cb0781d5d0f40042dff280,e289a833-6dcc-40f6-9b09-6c0bb3412642,1,b4135,-89.6734315545347,10,0,10,2026-04-17
69cb0781d5d0f40042dff280,e289a833-6dcc-40f6-9b09-6c0bb3412642,1,a4136,0.654417863859593,7,3,10,2026-04-17
69cb0781d5d0f40042dff280,e289a833-6dcc-40f6-9b09-6c0bb3412642,1,b4137,17.7060019640894,3,7,10,2026-04-17
69cb0781d5d0f40042dff280,e289a833-6dcc-40f6-9b09-6c0bb3412642,1,b4139,2.01475404529554,10,0,10,2026-04-17
69cb0781d5d0f40042dff280,e289a833-6dcc-40f6-9b09-6c0bb3412642,1,a4140,-72.7398087703677,8,2,10,2026-04-17
69cb0781d5d0f40042dff280,e289a833-6dcc-40f6-9b09-6c0bb3412642,1,a4138,-24.2636941387819,10,0,10,2026-04-17
69cb0781d5d0f40042dff280,e289a833-6dcc-40f6-9b09-6c0bb3412642,1,a4142,-138.140331532081,10,0,10,2026-04-17
69cb0781d5d0f40042dff280,e289a833-6dcc-40f6-9b09-6c0bb3412642,1,b4143,19.5968107908424,10,0,10,2026-04-17
69cb0781d5d0f40042dff280,e289a833-6dcc-40f6-9b09-6c0bb3412642,1,a4144,-21.4288435320134,10,0,10,2026-04-17
69cb0781d5d0f40042dff280,e289a833-6dcc-40f6-9b09-6c0bb3412642,1,b4145,33.3396518576869,10,0,10,2026-04-18
69cb0781d5d0f40042dff280,e289a833-6dcc-40f6-9b09-6c0bb3412642,1,a4146,-86.2539305273321,10,0,10,2026-04-18
69cb0781d5d0f40042dff280,e289a833-6dcc-40f6-9b09-6c0bb3412642,1,b4147,-90.4635814924942,10,0,10,2026-04-18
69cb0781d5d0f40042dff280,e289a833-6dcc-40f6-9b09-6c0bb3412642,1,a4148,-54.1827503995828,10,0,10,2026-04-18
69cb0781d5d0f40042dff280,e289a833-6dcc-40f6-9b09-6c0bb3412642,1,b4149,20.3214827308082,10,0,10,2026-04-18
69cb0781d5d0f40042dff280,e289a833-6dcc-40f6-9b09-6c0bb3412642,1,a4150,-2.93660523176432,10,0,10,2026-04-18
69cb0781d5d0f40042dff280,e289a833-6dcc-40f6-9b09-6c0bb3412642,1,b4151,-52.533465144946,10,0,10,2026-04-18
69cb0781d5d0f40042dff280,e289a833-6dcc-40f6-9b09-6c0bb3412642,1,a4152,-101.72129279606,10,0,10,2026-04-18
69cb0781d5d0f40042dff280,e289a833-6dcc-40f6-9b09-6c0bb3412642,1,b4153,51.7560115180423,10,0,10,2026-04-18
69cb0781d5d0f40042dff280,e289a833-6dcc-40f6-9b09-6c0bb3412642,1,a4154,-26.4400054393193,6,4,10,2026-04-18
69cb0781d5d0f40042dff280,e289a833-6dcc-40f6-9b09-6c0bb3412642,1,a4156,-29.5470565318749,10,0,10,2026-04-18
69cb0781d5d0f40042dff280,e289a833-6dcc-40f6-9b09-6c0bb3412642,1,b4157,6.73794240083147,9,1,10,2026-04-18
69cb0781d5d0f40042dff280,e289a833-6dcc-40f6-9b09-6c0bb3412642,1,b4159,-5.35172532579703,1,0,1,2026-04-18
69cb0781d5d0f40042dff280,e289a833-6dcc-40f6-9b09-6c0bb3412642,1,a4160,13.1690189484865,10,0,10,2026-04-18
69cb0781d5d0f40042dff280,e289a833-6dcc-40f6-9b09-6c0bb3412642,1,b4161,17.8790447509287,9,1,10,2026-04-18
69cb0781d5d0f40042dff280,e289a833-6dcc-40f6-9b09-6c0bb3412642,1,a4162,2.92871559396619,8,2,10,2026-04-18
69cb0781d5d0f40042dff280,e289a833-6dcc-40f6-9b09-6c0bb3412642,1,b4163,61.6629208389957,10,0,10,2026-04-18
69cb0781d5d0f40042dff280,e289a833-6dcc-40f6-9b09-6c0bb3412642,1,a4164,-30.7160155323788,10,0,10,2026-04-18
69cb0781d5d0f40042dff280,e289a833-6dcc-40f6-9b09-6c0bb3412642,1,b4165,28.4717526104029,10,0,10,2026-04-18
69cb0781d5d0f40042dff280,e289a833-6dcc-40f6-9b09-6c0bb3412642,1,a4166,-11.125030961841,10,0,10,2026-04-18
69cb0781d5d0f40042dff280,e289a833-6dcc-40f6-9b09-6c0bb3412642,1,b4167,16.2325359597536,10,0,10,2026-04-18
69cb0781d5d0f40042dff280,e289a833-6dcc-40f6-9b09-6c0bb3412642,1,a4168,-22.3739007736927,9,1,10,2026-04-18
69cb0781d5d0f40042dff280,e289a833-6dcc-40f6-9b09-6c0bb3412642,1,b4169,6.30347070370587,8,2,10,2026-04-18
69cb0781d5d0f40042dff280,e289a833-6dcc-40f6-9b09-6c0bb3412642,1,a4170,-46.8782428015769,10,0,10,2026-04-18
69cb0781d5d0f40042dff280,e289a833-6dcc-40f6-9b09-6c0bb3412642,1,b4171,-23.3696372076003,9,1,10,2026-04-18
69cb0781d5d0f40042dff280,e289a833-6dcc-40f6-9b09-6c0bb3412642,1,a4172,-4.04374588765463,8,2,10,2026-04-18
69cb0781d5d0f40042dff280,e289a833-6dcc-40f6-9b09-6c0bb3412642,1,b4173,-28.0293053192402,10,0,10,2026-04-18
69cb0781d5d0f40042dff280,e289a833-6dcc-40f6-9b09-6c0bb3412642,1,a4174,-62.3055595644271,10,0,10,2026-04-18
69cb0781d5d0f40042dff280,e289a833-6dcc-40f6-9b09-6c0bb3412642,1,b4175,-12.7397282701251,10,0,10,2026-04-18
69cb0781d5d0f40042dff280,e289a833-6dcc-40f6-9b09-6c0bb3412642,1,a4176,6.32335407265598,10,0,10,2026-04-18
69e2689888d1efb2619d4010,c16b237b-e332-42e6-bb55-fda5a9c6b805,1,a4110,-61.9581704464339,3,3,6,2026-04-17
69e38dadcd89df7bb56ca30e,41b31e6c-1f76-4829-acfb-6b0777c82754,1,a4182,-53.6646780838577,9,1,10,2026-04-18
69e38dadcd89df7bb56ca30e,41b31e6c-1f76-4829-acfb-6b0777c82754,2,b4183,9.21312805526937,2,6,8,2026-04-18
69e38dadcd89df7bb56ca30e,41b31e6c-1f76-4829-acfb-6b0777c82754,1,b4183,24.0079995780937,10,0,10,2026-04-18
69e38dadcd89df7bb56ca30e,41b31e6c-1f76-4829-acfb-6b0777c82754,1,b4185,13.9439421226246,10,0,10,2026-04-18
69e38dadcd89df7bb56ca30e,41b31e6c-1f76-4829-acfb-6b0777c82754,1,a4186,-30.9202087449395,10,0,10,2026-04-18
69e38dadcd89df7bb56ca30e,41b31e6c-1f76-4829-acfb-6b0777c82754,1,b4187,27.8498614152802,10,0,10,2026-04-18
69e38dadcd89df7bb56ca30e,41b31e6c-1f76-4829-acfb-6b0777c82754,1,a4188,20.1100114379593,9,1,10,2026-04-18
69e38dadcd89df7bb56ca30e,41b31e6c-1f76-4829-acfb-6b0777c82754,1,b4189,-51.1246527117103,8,2,10,2026-04-18
69e38dadcd89df7bb56ca30e,41b31e6c-1f76-4829-acfb-6b0777c82754,1,a4190,-35.9300115888568,10,0,10,2026-04-18
69e38dadcd89df7bb56ca30e,41b31e6c-1f76-4829-acfb-6b0777c82754,1,b4191,-36.7665140369446,10,0,10,2026-04-18
69e38dadcd89df7bb56ca30e,41b31e6c-1f76-4829-acfb-6b0777c82754,1,a4192,74.0256662070708,10,0,10,2026-04-18
69e38dadcd89df7bb56ca30e,41b31e6c-1f76-4829-acfb-6b0777c82754,1,b4195,6.67281670305394,4,6,10,2026-04-18
69e38dadcd89df7bb56ca30e,41b31e6c-1f76-4829-acfb-6b0777c82754,1,b4197,38.4646885615183,10,0,10,2026-04-18
69e38dadcd89df7bb56ca30e,41b31e6c-1f76-4829-acfb-6b0777c82754,1,a4198,-58.9978384755223,10,0,10,2026-04-18
69e38dadcd89df7bb56ca30e,41b31e6c-1f76-4829-acfb-6b0777c82754,1,b4199,-0.228698975511258,1,9,10,2026-04-18
69e38dadcd89df7bb56ca30e,41b31e6c-1f76-4829-acfb-6b0777c82754,1,a4200,1.44414038122108,1,9,10,2026-04-18
69e38dadcd89df7bb56ca30e,41b31e6c-1f76-4829-acfb-6b0777c82754,1,a4212,67.3573587098791,5,5,10,2026-04-19
69e38dadcd89df7bb56ca30e,41b31e6c-1f76-4829-acfb-6b0777c82754,1,b4213,13.8821810214196,10,0,10,2026-04-19
69e38dadcd89df7bb56ca30e,41b31e6c-1f76-4829-acfb-6b0777c82754,1,a4254,-9.22350257557354,10,0,10,2026-04-19
69e38dadcd89df7bb56ca30e,41b31e6c-1f76-4829-acfb-6b0777c82754,1,b4255,1.85068702979574,10,0,10,2026-04-19
69e38dadcd89df7bb56ca30e,41b31e6c-1f76-4829-acfb-6b0777c82754,1,a4256,56.64794758584,10,0,10,2026-04-19
69e38dadcd89df7bb56ca30e,41b31e6c-1f76-4829-acfb-6b0777c82754,1,b4257,23.961017605838,10,0,10,2026-04-19
69e38dadcd89df7bb56ca30e,41b31e6c-1f76-4829-acfb-6b0777c82754,1,a4258,31.700424147602,10,0,10,2026-04-19
69e38dadcd89df7bb56ca30e,41b31e6c-1f76-4829-acfb-6b0777c82754,1,b4259,46.9839192722773,9,1,10,2026-04-19
69e38dadcd89df7bb56ca30e,41b31e6c-1f76-4829-acfb-6b0777c82754,1,a4260,32.4183051325529,10,0,10,2026-04-19
69e38dadcd89df7bb56ca30e,41b31e6c-1f76-4829-acfb-6b0777c82754,1,b4261,21.7927750070816,10,0,10,2026-04-19
69e38dadcd89df7bb56ca30e,41b31e6c-1f76-4829-acfb-6b0777c82754,1,a4262,45.190496064342,10,0,10,2026-04-19
69e38dadcd89df7bb56ca30e,41b31e6c-1f76-4829-acfb-6b0777c82754,1,b4263,60.2296787572914,10,0,10,2026-04-19
69e38dadcd89df7bb56ca30e,41b31e6c-1f76-4829-acfb-6b0777c82754,1,a4264,69.6378680186095,10,0,10,2026-04-19
69e38dadcd89df7bb56ca30e,41b31e6c-1f76-4829-acfb-6b0777c82754,1,b4265,10.8238382124152,10,0,10,2026-04-19
69e38dadcd89df7bb56ca30e,41b31e6c-1f76-4829-acfb-6b0777c82754,1,a4266,43.0636458566982,10,0,10,2026-04-19
69e38dadcd89df7bb56ca30e,41b31e6c-1f76-4829-acfb-6b0777c82754,1,b4267,14.3047998475381,10,0,10,2026-04-19
69e38dadcd89df7bb56ca30e,41b31e6c-1f76-4829-acfb-6b0777c82754,1,a4268,48.8527266490446,10,0,10,2026-04-19
69e38dadcd89df7bb56ca30e,41b31e6c-1f76-4829-acfb-6b0777c82754,1,b4269,35.5947078605132,10,0,10,2026-04-19
69e38dadcd89df7bb56ca30e,41b31e6c-1f76-4829-acfb-6b0777c82754,1,a4270,45.3609842393913,10,0,10,2026-04-19
69e38dadcd89df7bb56ca30e,41b31e6c-1f76-4829-acfb-6b0777c82754,1,b4271,52.6061161449229,10,0,10,2026-04-19
69e38dadcd89df7bb56ca30e,41b31e6c-1f76-4829-acfb-6b0777c82754,1,a4272,-19.7375347964523,10,0,10,2026-04-19
69e38dadcd89df7bb56ca30e,41b31e6c-1f76-4829-acfb-6b0777c82754,1,b4273,68.5498047562048,10,0,10,2026-04-19
69e38dadcd89df7bb56ca30e,41b31e6c-1f76-4829-acfb-6b0777c82754,1,a4274,33.644527314948,10,0,10,2026-04-19
69e38dadcd89df7bb56ca30e,41b31e6c-1f76-4829-acfb-6b0777c82754,1,b4275,25.8715572786915,10,0,10,2026-04-19
69e38dadcd89df7bb56ca30e,41b31e6c-1f76-4829-acfb-6b0777c82754,1,a4276,-78.3412509446064,10,0,10,2026-04-19
69e38dadcd89df7bb56ca30e,41b31e6c-1f76-4829-acfb-6b0777c82754,1,b4277,-13.1564739419507,10,0,10,2026-04-19
69e38dadcd89df7bb56ca30e,41b31e6c-1f76-4829-acfb-6b0777c82754,1,a4278,-29.4807251750801,10,0,10,2026-04-19
69e38dadcd89df7bb56ca30e,41b31e6c-1f76-4829-acfb-6b0777c82754,1,b4279,-25.4186863502927,10,0,10,2026-04-19
69e38dadcd89df7bb56ca30e,41b31e6c-1f76-4829-acfb-6b0777c82754,1,a4280,52.081415874778,10,0,10,2026-04-19
69e38dadcd89df7bb56ca30e,41b31e6c-1f76-4829-acfb-6b0777c82754,1,b4281,11.4521990359116,10,0,10,2026-04-19
69e38dadcd89df7bb56ca30e,41b31e6c-1f76-4829-acfb-6b0777c82754,1,a4282,-0.781810688285804,10,0,10,2026-04-19
69e38dadcd89df7bb56ca30e,41b31e6c-1f76-4829-acfb-6b0777c82754,1,b4283,105.99173093549,10,0,10,2026-04-19
69e38dadcd89df7bb56ca30e,41b31e6c-1f76-4829-acfb-6b0777c82754,1,a4284,7.91516365224677,10,0,10,2026-04-19
69e38dadcd89df7bb56ca30e,41b31e6c-1f76-4829-acfb-6b0777c82754,1,b4285,2.06090453649967,10,0,10,2026-04-19
69e38dadcd89df7bb56ca30e,41b31e6c-1f76-4829-acfb-6b0777c82754,1,a4286,65.0734446119105,10,0,10,2026-04-19
69e38dadcd89df7bb56ca30e,41b31e6c-1f76-4829-acfb-6b0777c82754,1,b4287,29.7144719555091,10,0,10,2026-04-19
69e38dadcd89df7bb56ca30e,41b31e6c-1f76-4829-acfb-6b0777c82754,1,a4288,-24.8842687322015,10,0,10,2026-04-19
69e38dadcd89df7bb56ca30e,41b31e6c-1f76-4829-acfb-6b0777c82754,1,b4289,60.2047375522309,10,0,10,2026-04-19
69e38dadcd89df7bb56ca30e,41b31e6c-1f76-4829-acfb-6b0777c82754,1,a4290,67.2177250637325,10,0,10,2026-04-19
69e38dadcd89df7bb56ca30e,41b31e6c-1f76-4829-acfb-6b0777c82754,1,b4291,55.1947600281367,9,1,10,2026-04-19
69e38dadcd89df7bb56ca30e,41b31e6c-1f76-4829-acfb-6b0777c82754,1,a4292,21.310201948787,8,2,10,2026-04-19
69e38dadcd89df7bb56ca30e,41b31e6c-1f76-4829-acfb-6b0777c82754,1,b4293,3.49800245326247,10,0,10,2026-04-19
69e38dadcd89df7bb56ca30e,41b31e6c-1f76-4829-acfb-6b0777c82754,1,a4294,-55.7872224218964,10,0,10,2026-04-19
69e38dadcd89df7bb56ca30e,41b31e6c-1f76-4829-acfb-6b0777c82754,1,b4295,-9.19773275701098,10,0,10,2026-04-19
69e38dadcd89df7bb56ca30e,41b31e6c-1f76-4829-acfb-6b0777c82754,1,a4296,5.7213008753191,10,0,10,2026-04-19
69e38dadcd89df7bb56ca30e,41b31e6c-1f76-4829-acfb-6b0777c82754,1,b4297,5.37547507187076,10,0,10,2026-04-19
69e38dadcd89df7bb56ca30e,41b31e6c-1f76-4829-acfb-6b0777c82754,1,a4298,-41.2131381267994,10,0,10,2026-04-19
69e38dadcd89df7bb56ca30e,41b31e6c-1f76-4829-acfb-6b0777c82754,1,b4299,5.99266393884909,10,0,10,2026-04-19
69e38dadcd89df7bb56ca30e,41b31e6c-1f76-4829-acfb-6b0777c82754,1,a4300,31.3743843713233,10,0,10,2026-04-19
69e38dadcd89df7bb56ca30e,41b31e6c-1f76-4829-acfb-6b0777c82754,1,b4301,-59.2960239284158,8,2,10,2026-04-19
69e38dadcd89df7bb56ca30e,41b31e6c-1f76-4829-acfb-6b0777c82754,1,a4302,40.4486112924193,10,0,10,2026-04-19
69e38dadcd89df7bb56ca30e,41b31e6c-1f76-4829-acfb-6b0777c82754,1,b4303,-11.0407578131662,10,0,10,2026-04-19
69e38dadcd89df7bb56ca30e,41b31e6c-1f76-4829-acfb-6b0777c82754,1,a4304,-10.7744932225412,10,0,10,2026-04-19
69e38dadcd89df7bb56ca30e,41b31e6c-1f76-4829-acfb-6b0777c82754,1,b4305,-5.55583095517018,10,0,10,2026-04-19
69e38dadcd89df7bb56ca30e,41b31e6c-1f76-4829-acfb-6b0777c82754,1,a4306,-74.7437283248819,10,0,10,2026-04-19
69e38dadcd89df7bb56ca30e,41b31e6c-1f76-4829-acfb-6b0777c82754,1,b4307,-38.9549318260879,10,0,10,2026-04-19
69e38dadcd89df7bb56ca30e,41b31e6c-1f76-4829-acfb-6b0777c82754,1,a4308,18.3238425569451,10,0,10,2026-04-19
69e38dadcd89df7bb56ca30e,41b31e6c-1f76-4829-acfb-6b0777c82754,1,b4309,-4.91699654395392,10,0,10,2026-04-19
69e38dadcd89df7bb56ca30e,41b31e6c-1f76-4829-acfb-6b0777c82754,1,a4310,28.1622193241216,10,0,10,2026-04-19
69e38dadcd89df7bb56ca30e,41b31e6c-1f76-4829-acfb-6b0777c82754,1,b4311,-62.5656211543245,10,0,10,2026-04-19
69e38dadcd89df7bb56ca30e,41b31e6c-1f76-4829-acfb-6b0777c82754,1,a4312,29.7451638829806,10,0,10,2026-04-19
69e38dadcd89df7bb56ca30e,41b31e6c-1f76-4829-acfb-6b0777c82754,1,b4313,4.23022015331569,10,0,10,2026-04-19
69e38dadcd89df7bb56ca30e,41b31e6c-1f76-4829-acfb-6b0777c82754,1,a4314,16.6147522914013,10,0,10,2026-04-19
69e38dadcd89df7bb56ca30e,41b31e6c-1f76-4829-acfb-6b0777c82754,1,b4315,-53.2000831689371,10,0,10,2026-04-19
69e38dadcd89df7bb56ca30e,41b31e6c-1f76-4829-acfb-6b0777c82754,1,a4316,50.0234148020611,10,0,10,2026-04-19
69e38dadcd89df7bb56ca30e,41b31e6c-1f76-4829-acfb-6b0777c82754,1,b4317,-12.666884744311,5,5,10,2026-04-19
69e38dadcd89df7bb56ca30e,41b31e6c-1f76-4829-acfb-6b0777c82754,1,a4318,9.41820178661205,10,0,10,2026-04-19
69e38dadcd89df7bb56ca30e,41b31e6c-1f76-4829-acfb-6b0777c82754,1,b4319,-1.23413685901052,7,3,10,2026-04-19
69e38dadcd89df7bb56ca30e,41b31e6c-1f76-4829-acfb-6b0777c82754,1,a4320,35.2635250425059,10,0,10,2026-04-19
69e38dadcd89df7bb56ca30e,41b31e6c-1f76-4829-acfb-6b0777c82754,1,b4321,-46.1024100806916,10,0,10,2026-04-19
69e38dadcd89df7bb56ca30e,41b31e6c-1f76-4829-acfb-6b0777c82754,1,a4322,14.7686538519215,10,0,10,2026-04-19
69e38dadcd89df7bb56ca30e,41b31e6c-1f76-4829-acfb-6b0777c82754,1,b4323,3.42776767108585,7,1,8,2026-04-19
69e3bbcbcd89df7bb57ec6e1,a2e6c7f8-b9fd-4651-b3ea-87a0381b80a4,1,a4196,-14.3723471911725,3,7,10,2026-04-18
69e3bbcbcd89df7bb57ec6e1,a2e6c7f8-b9fd-4651-b3ea-87a0381b80a4,1,a4198,-58.9978384755223,10,0,10,2026-04-18
69e3bbcbcd89df7bb57ec6e1,a2e6c7f8-b9fd-4651-b3ea-87a0381b80a4,1,a4200,-57.7893991747922,10,0,10,2026-04-18
69e3bbcbcd89df7bb57ec6e1,a2e6c7f8-b9fd-4651-b3ea-87a0381b80a4,1,b4201,39.0498525518126,10,0,10,2026-04-18
69e3bbcbcd89df7bb57ec6e1,a2e6c7f8-b9fd-4651-b3ea-87a0381b80a4,1,a4202,9.75635190072698,9,1,10,2026-04-18
69e3bbcbcd89df7bb57ec6e1,a2e6c7f8-b9fd-4651-b3ea-87a0381b80a4,1,b4203,-40.1478773830858,9,1,10,2026-04-18
69e3bbcbcd89df7bb57ec6e1,a2e6c7f8-b9fd-4651-b3ea-87a0381b80a4,1,a4204,-10.8209424352021,10,0,10,2026-04-18
69e3bbcbcd89df7bb57ec6e1,a2e6c7f8-b9fd-4651-b3ea-87a0381b80a4,1,b4205,4.20053861685912,10,0,10,2026-04-18
69e3bbcbcd89df7bb57ec6e1,a2e6c7f8-b9fd-4651-b3ea-87a0381b80a4,1,a4206,29.9206964466402,10,0,10,2026-04-18
69e3bbcbcd89df7bb57ec6e1,a2e6c7f8-b9fd-4651-b3ea-87a0381b80a4,1,b4207,9.79721567273229,10,0,10,2026-04-18
69e3bbcbcd89df7bb57ec6e1,a2e6c7f8-b9fd-4651-b3ea-87a0381b80a4,1,a4208,-4.75171797661754,10,0,10,2026-04-18
69e3bbcbcd89df7bb57ec6e1,a2e6c7f8-b9fd-4651-b3ea-87a0381b80a4,1,b4209,-3.25575747313156,9,1,10,2026-04-18
69e3bbcbcd89df7bb57ec6e1,a2e6c7f8-b9fd-4651-b3ea-87a0381b80a4,1,a4210,25.901631798347,5,5,10,2026-04-18
69e3bbcbcd89df7bb57ec6e1,a2e6c7f8-b9fd-4651-b3ea-87a0381b80a4,1,b4211,17.3818886080959,7,3,10,2026-04-18
69e3bbcbcd89df7bb57ec6e1,a2e6c7f8-b9fd-4651-b3ea-87a0381b80a4,1,a4212,43.6988426683736,10,0,10,2026-04-18
69e3bbcbcd89df7bb57ec6e1,a2e6c7f8-b9fd-4651-b3ea-87a0381b80a4,1,b4213,13.8821810214196,10,0,10,2026-04-18
69e3bbcbcd89df7bb57ec6e1,a2e6c7f8-b9fd-4651-b3ea-87a0381b80a4,1,a4214,-38.7619163740714,10,0,10,2026-04-18
69e3bbcbcd89df7bb57ec6e1,a2e6c7f8-b9fd-4651-b3ea-87a0381b80a4,1,b4215,-76.4697170165002,10,0,10,2026-04-18
69e3bbcbcd89df7bb57ec6e1,a2e6c7f8-b9fd-4651-b3ea-87a0381b80a4,1,a4216,-20.4116500838479,10,0,10,2026-04-18
69e3bbcbcd89df7bb57ec6e1,a2e6c7f8-b9fd-4651-b3ea-87a0381b80a4,1,b4217,14.9901429768048,6,4,10,2026-04-18
69e3bbcbcd89df7bb57ec6e1,a2e6c7f8-b9fd-4651-b3ea-87a0381b80a4,1,a4218,7.05610938152144,6,4,10,2026-04-18
69e3bbcbcd89df7bb57ec6e1,a2e6c7f8-b9fd-4651-b3ea-87a0381b80a4,1,b4219,30.7923701143524,7,3,10,2026-04-18
69e3bbcbcd89df7bb57ec6e1,a2e6c7f8-b9fd-4651-b3ea-87a0381b80a4,1,a4220,21.9948026207223,6,4,10,2026-04-18
69e3bbcbcd89df7bb57ec6e1,a2e6c7f8-b9fd-4651-b3ea-87a0381b80a4,1,b4221,-6.36947164341094,10,0,10,2026-04-18
69e3bbcbcd89df7bb57ec6e1,a2e6c7f8-b9fd-4651-b3ea-87a0381b80a4,1,a4222,-39.0433292295618,10,0,10,2026-04-18
69e3bbcbcd89df7bb57ec6e1,a2e6c7f8-b9fd-4651-b3ea-87a0381b80a4,1,b4223,2.19999057830642,10,0,10,2026-04-18
69e3bbcbcd89df7bb57ec6e1,a2e6c7f8-b9fd-4651-b3ea-87a0381b80a4,1,a4224,-24.3412963123805,10,0,10,2026-04-18
69e3bbcbcd89df7bb57ec6e1,a2e6c7f8-b9fd-4651-b3ea-87a0381b80a4,1,b4225,-50.3804608248459,10,0,10,2026-04-18
69e3bbcbcd89df7bb57ec6e1,a2e6c7f8-b9fd-4651-b3ea-87a0381b80a4,1,a4226,-16.2596928318368,10,0,10,2026-04-18
69e3bbcbcd89df7bb57ec6e1,a2e6c7f8-b9fd-4651-b3ea-87a0381b80a4,1,b4227,-11.3227929291766,10,0,10,2026-04-18
69e3bbcbcd89df7bb57ec6e1,a2e6c7f8-b9fd-4651-b3ea-87a0381b80a4,1,a4228,65.8241406723156,9,1,10,2026-04-18
69e3bbcbcd89df7bb57ec6e1,a2e6c7f8-b9fd-4651-b3ea-87a0381b80a4,1,a4230,23.5726596294352,10,0,10,2026-04-18
69e3bbcbcd89df7bb57ec6e1,a2e6c7f8-b9fd-4651-b3ea-87a0381b80a4,1,b4231,-29.4141806486518,9,1,10,2026-04-18
69e3bbcbcd89df7bb57ec6e1,a2e6c7f8-b9fd-4651-b3ea-87a0381b80a4,1,a4232,-30.6028453017187,10,0,10,2026-04-18
69e3bbcbcd89df7bb57ec6e1,a2e6c7f8-b9fd-4651-b3ea-87a0381b80a4,1,b4233,-19.8105357280453,10,0,10,2026-04-18
69e3bbcbcd89df7bb57ec6e1,a2e6c7f8-b9fd-4651-b3ea-87a0381b80a4,1,a4234,-15.0924231425801,10,0,10,2026-04-19
69e3bbcbcd89df7bb57ec6e1,a2e6c7f8-b9fd-4651-b3ea-87a0381b80a4,1,b4235,5.79854270066468,9,1,10,2026-04-19
69e3bbcbcd89df7bb57ec6e1,a2e6c7f8-b9fd-4651-b3ea-87a0381b80a4,1,a4236,-57.9326268577101,10,0,10,2026-04-19
69e3bbcbcd89df7bb57ec6e1,a2e6c7f8-b9fd-4651-b3ea-87a0381b80a4,1,b4237,-20.642506759168,10,0,10,2026-04-19
69e3bbcbcd89df7bb57ec6e1,a2e6c7f8-b9fd-4651-b3ea-87a0381b80a4,1,a4238,-23.6002010451143,10,0,10,2026-04-19
69e3bbcbcd89df7bb57ec6e1,a2e6c7f8-b9fd-4651-b3ea-87a0381b80a4,1,b4239,-37.8510029730845,10,0,10,2026-04-19
69e3bbcbcd89df7bb57ec6e1,a2e6c7f8-b9fd-4651-b3ea-87a0381b80a4,1,a4240,64.2910946678127,10,0,10,2026-04-19
69e3bbcbcd89df7bb57ec6e1,a2e6c7f8-b9fd-4651-b3ea-87a0381b80a4,1,b4241,12.8601575294069,10,0,10,2026-04-19
69e3bbcbcd89df7bb57ec6e1,a2e6c7f8-b9fd-4651-b3ea-87a0381b80a4,1,a4242,-45.8281044097436,10,0,10,2026-04-19
69e3bbcbcd89df7bb57ec6e1,a2e6c7f8-b9fd-4651-b3ea-87a0381b80a4,1,b4243,22.2768087207336,10,0,10,2026-04-19
69e3bbcbcd89df7bb57ec6e1,a2e6c7f8-b9fd-4651-b3ea-87a0381b80a4,1,a4244,-71.6953631749644,10,0,10,2026-04-19
69e3bbcbcd89df7bb57ec6e1,a2e6c7f8-b9fd-4651-b3ea-87a0381b80a4,1,b4245,-21.9292011096318,10,0,10,2026-04-19
69e3bbcbcd89df7bb57ec6e1,a2e6c7f8-b9fd-4651-b3ea-87a0381b80a4,1,a4246,84.0047502660847,10,0,10,2026-04-19
69e3bbcbcd89df7bb57ec6e1,a2e6c7f8-b9fd-4651-b3ea-87a0381b80a4,1,b4247,-55.4049916070181,10,0,10,2026-04-19
69e3bbcbcd89df7bb57ec6e1,a2e6c7f8-b9fd-4651-b3ea-87a0381b80a4,1,a4248,-22.6167721389465,10,0,10,2026-04-19
69e3bbcbcd89df7bb57ec6e1,a2e6c7f8-b9fd-4651-b3ea-87a0381b80a4,1,b4249,20.6801580598566,10,0,10,2026-04-19
69e3bbcbcd89df7bb57ec6e1,a2e6c7f8-b9fd-4651-b3ea-87a0381b80a4,1,a4250,36.872580964099,10,0,10,2026-04-19
69e3bbcbcd89df7bb57ec6e1,a2e6c7f8-b9fd-4651-b3ea-87a0381b80a4,1,b4251,-8.81615330757273,10,0,10,2026-04-19
69e3bbcbcd89df7bb57ec6e1,a2e6c7f8-b9fd-4651-b3ea-87a0381b80a4,1,a4252,-31.7479430287674,8,2,10,2026-04-19
69e3bbcbcd89df7bb57ec6e1,a2e6c7f8-b9fd-4651-b3ea-87a0381b80a4,1,b4253,42.9462840958945,2,8,10,2026-04-19
69e3bbcbcd89df7bb57ec6e1,a2e6c7f8-b9fd-4651-b3ea-87a0381b80a4,1,a4318,-1.16121159177133,2,8,10,2026-04-19
69e3bbcbcd89df7bb57ec6e1,a2e6c7f8-b9fd-4651-b3ea-87a0381b80a4,1,b4319,11.4472258512414,10,0,10,2026-04-19
69e3bbcbcd89df7bb57ec6e1,a2e6c7f8-b9fd-4651-b3ea-87a0381b80a4,1,b4321,-22.5414920029088,5,5,10,2026-04-19
69e4fd7ccd89df7bb594ce6e,a539e6f9-5423-4d2e-b5d5-3f23cb39f769,1,a4326,-65.3330306186749,10,0,10,2026-04-19
69e4fd7ccd89df7bb594ce6e,a539e6f9-5423-4d2e-b5d5-3f23cb39f769,1,b4327,37.0408731794029,10,0,10,2026-04-19
69e4fd7ccd89df7bb594ce6e,a539e6f9-5423-4d2e-b5d5-3f23cb39f769,1,a4328,-90.9046379913313,8,2,10,2026-04-19
69e4fd7ccd89df7bb594ce6e,a539e6f9-5423-4d2e-b5d5-3f23cb39f769,1,b4329,50.8901498814769,9,1,10,2026-04-19
69e4fd7ccd89df7bb594ce6e,a539e6f9-5423-4d2e-b5d5-3f23cb39f769,1,a4330,10.4444778231662,5,5,10,2026-04-19
69e4fd7ccd89df7bb594ce6e,a539e6f9-5423-4d2e-b5d5-3f23cb39f769,1,b4331,2.35885504969253,6,4,10,2026-04-19
69e4fd7ccd89df7bb594ce6e,a539e6f9-5423-4d2e-b5d5-3f23cb39f769,1,a4332,-58.1019018791041,6,4,10,2026-04-19
69e4fd7ccd89df7bb594ce6e,a539e6f9-5423-4d2e-b5d5-3f23cb39f769,1,b4333,-37.3551258899551,8,2,10,2026-04-19
69e4fd7ccd89df7bb594ce6e,a539e6f9-5423-4d2e-b5d5-3f23cb39f769,1,a4334,18.4325835273899,1,0,1,2026-04-19
69e4fd7ccd89df7bb594ce6e,a539e6f9-5423-4d2e-b5d5-3f23cb39f769,1,b4335,76.0458491104544,5,5,10,2026-04-19
69e4fd7ccd89df7bb594ce6e,a539e6f9-5423-4d2e-b5d5-3f23cb39f769,1,a4336,-17.8696540670681,8,2,10,2026-04-19
69e4fd7ccd89df7bb594ce6e,a539e6f9-5423-4d2e-b5d5-3f23cb39f769,1,a4338,-13.4954940772157,10,0,10,2026-04-19
69e4fd7ccd89df7bb594ce6e,a539e6f9-5423-4d2e-b5d5-3f23cb39f769,1,b4339,39.6631061622668,9,1,10,2026-04-19
69e4fd7ccd89df7bb594ce6e,a539e6f9-5423-4d2e-b5d5-3f23cb39f769,1,a4340,36.5658657037051,8,2,10,2026-04-19
69e4fd7ccd89df7bb594ce6e,a539e6f9-5423-4d2e-b5d5-3f23cb39f769,1,b4341,24.7515161700054,9,1,10,2026-04-19
69e4fd7ccd89df7bb594ce6e,a539e6f9-5423-4d2e-b5d5-3f23cb39f769,1,b4343,39.5933252380483,10,0,10,2026-04-19
69e4fd7ccd89df7bb594ce6e,a539e6f9-5423-4d2e-b5d5-3f23cb39f769,1,a4344,11.1187433451913,10,0,10,2026-04-19
69e4fd7ccd89df7bb594ce6e,a539e6f9-5423-4d2e-b5d5-3f23cb39f769,1,b4345,-2.54869578284356,9,1,10,2026-04-19
69e4fd7ccd89df7bb594ce6e,a539e6f9-5423-4d2e-b5d5-3f23cb39f769,1,a4346,-3.78360130127958,10,0,10,2026-04-19
69e4fd7ccd89df7bb594ce6e,a539e6f9-5423-4d2e-b5d5-3f23cb39f769,1,b4347,5.71950199571831,10,0,10,2026-04-19
69e4fd7ccd89df7bb594ce6e,a539e6f9-5423-4d2e-b5d5-3f23cb39f769,1,a4348,32.5236354980222,9,1,10,2026-04-19
69e4fd7ccd89df7bb594ce6e,a539e6f9-5423-4d2e-b5d5-3f23cb39f769,1,b4349,-11.5474961856904,10,0,10,2026-04-19
69e4fd7ccd89df7bb594ce6e,a539e6f9-5423-4d2e-b5d5-3f23cb39f769,1,a4350,-12.9010694251506,9,1,10,2026-04-19
69e4fd7ccd89df7bb594ce6e,a539e6f9-5423-4d2e-b5d5-3f23cb39f769,1,b4351,-103.805101248691,10,0,10,2026-04-19
69e4fd7ccd89df7bb594ce6e,a539e6f9-5423-4d2e-b5d5-3f23cb39f769,1,a4352,1.86414187791976,1,9,10,2026-04-19
69e4fd7ccd89df7bb594ce6e,a539e6f9-5423-4d2e-b5d5-3f23cb39f769,1,b4353,-11.1673111441247,1,9,10,2026-04-19
69e4fd7ccd89df7bb594ce6e,a539e6f9-5423-4d2e-b5d5-3f23cb39f769,1,a4356,9.51400107922989,4,6,10,2026-04-19
69e4fd7ccd89df7bb594ce6e,a539e6f9-5423-4d2e-b5d5-3f23cb39f769,1,b4359,5.12141949960671,7,3,10,2026-04-19
69e4fd7ccd89df7bb594ce6e,a539e6f9-5423-4d2e-b5d5-3f23cb39f769,1,a4360,10.8771578870245,1,0,1,2026-04-19
69e4fd7ccd89df7bb594ce6e,a539e6f9-5423-4d2e-b5d5-3f23cb39f769,1,a4362,43.2404327297262,10,0,10,2026-04-19
69e4fd7ccd89df7bb594ce6e,a539e6f9-5423-4d2e-b5d5-3f23cb39f769,1,b4363,-37.6413834120417,6,4,10,2026-04-19
69e4fd7ccd89df7bb594ce6e,a539e6f9-5423-4d2e-b5d5-3f23cb39f769,1,b4369,0,0,10,10,2026-04-19
69e4fd7ccd89df7bb594ce6e,a539e6f9-5423-4d2e-b5d5-3f23cb39f769,1,a4370,19.9199848410608,2,8,10,2026-04-19
69e4fd7ccd89df7bb594ce6e,a539e6f9-5423-4d2e-b5d5-3f23cb39f769,1,b4371,13.555148272337,10,0,10,2026-04-19
69e4fd7ccd89df7bb594ce6e,a539e6f9-5423-4d2e-b5d5-3f23cb39f769,1,a4372,-20.2725566070868,6,4,10,2026-04-20
69e4fd7ccd89df7bb594ce6e,a539e6f9-5423-4d2e-b5d5-3f23cb39f769,1,b4373,-6.49969477801496,10,0,10,2026-04-20
69e4fd7ccd89df7bb594ce6e,a539e6f9-5423-4d2e-b5d5-3f23cb39f769,1,a4374,17.0092234857463,10,0,10,2026-04-20
69e4fd7ccd89df7bb594ce6e,a539e6f9-5423-4d2e-b5d5-3f23cb39f769,1,b4375,-26.9803162182304,10,0,10,2026-04-20
69e4fd7ccd89df7bb594ce6e,a539e6f9-5423-4d2e-b5d5-3f23cb39f769,1,a4376,13.7857087503317,7,3,10,2026-04-20
69e4fd7ccd89df7bb594ce6e,a539e6f9-5423-4d2e-b5d5-3f23cb39f769,1,b4377,14.1991432385703,3,7,10,2026-04-20
69e4fd7ccd89df7bb594ce6e,a539e6f9-5423-4d2e-b5d5-3f23cb39f769,1,a4378,-21.5045621856229,8,2,10,2026-04-20
69e4fd7ccd89df7bb594ce6e,a539e6f9-5423-4d2e-b5d5-3f23cb39f769,1,b4381,-58.1044016293407,10,0,10,2026-04-20
69e4fd7ccd89df7bb594ce6e,a539e6f9-5423-4d2e-b5d5-3f23cb39f769,1,b4383,-31.1042046747806,10,0,10,2026-04-20
69e4fd7ccd89df7bb594ce6e,a539e6f9-5423-4d2e-b5d5-3f23cb39f769,1,a4384,-31.8507084790878,10,0,10,2026-04-20
69e4fd7ccd89df7bb594ce6e,a539e6f9-5423-4d2e-b5d5-3f23cb39f769,1,b4385,-79.2245994490802,10,0,10,2026-04-20
69e4fd7ccd89df7bb594ce6e,a539e6f9-5423-4d2e-b5d5-3f23cb39f769,1,a4386,2.35356947314708,10,0,10,2026-04-20
69e4fd7ccd89df7bb594ce6e,a539e6f9-5423-4d2e-b5d5-3f23cb39f769,1,b4387,35.1830420620051,9,1,10,2026-04-20
69e4fd7ccd89df7bb594ce6e,a539e6f9-5423-4d2e-b5d5-3f23cb39f769,1,a4388,-28.7206860037053,10,0,10,2026-04-20
69e4fd7ccd89df7bb594ce6e,a539e6f9-5423-4d2e-b5d5-3f23cb39f769,1,b4389,13.9967755047957,10,0,10,2026-04-20
69e4fd7ccd89df7bb594ce6e,a539e6f9-5423-4d2e-b5d5-3f23cb39f769,1,a4390,56.198540221862,10,0,10,2026-04-20
69e4fd7ccd89df7bb594ce6e,a539e6f9-5423-4d2e-b5d5-3f23cb39f769,1,b4391,-22.7582769000166,10,0,10,2026-04-20
69e4fd7ccd89df7bb594ce6e,a539e6f9-5423-4d2e-b5d5-3f23cb39f769,1,a4392,43.969602701625,10,0,10,2026-04-20
69e4fd7ccd89df7bb594ce6e,a539e6f9-5423-4d2e-b5d5-3f23cb39f769,1,b4393,-31.5519108117087,9,1,10,2026-04-20
69e4fd7ccd89df7bb594ce6e,a539e6f9-5423-4d2e-b5d5-3f23cb39f769,1,a4394,-2.28780937209553,8,2,10,2026-04-20
69e4fd7ccd89df7bb594ce6e,a539e6f9-5423-4d2e-b5d5-3f23cb39f769,1,b4395,-42.4279195321715,10,0,10,2026-04-20
69e4fd7ccd89df7bb594ce6e,a539e6f9-5423-4d2e-b5d5-3f23cb39f769,1,a4396,18.9646143643938,9,1,10,2026-04-20
69e4fd7ccd89df7bb594ce6e,a539e6f9-5423-4d2e-b5d5-3f23cb39f769,1,b4397,-39.1733982325622,10,0,10,2026-04-20
69e4fd7ccd89df7bb594ce6e,a539e6f9-5423-4d2e-b5d5-3f23cb39f769,1,a4398,-4.95318898677785,10,0,10,2026-04-20
69e4fd7ccd89df7bb594ce6e,a539e6f9-5423-4d2e-b5d5-3f23cb39f769,1,b4399,37.4586154340761,10,0,10,2026-04-20
69e4fd7ccd89df7bb594ce6e,a539e6f9-5423-4d2e-b5d5-3f23cb39f769,1,a4400,-10.7116160008954,9,1,10,2026-04-20
69e4fd7ccd89df7bb594ce6e,a539e6f9-5423-4d2e-b5d5-3f23cb39f769,1,b4401,-19.8842873418701,9,1,10,2026-04-20
69e4fd7ccd89df7bb594ce6e,a539e6f9-5423-4d2e-b5d5-3f23cb39f769,1,a4402,39.6487650282738,10,0,10,2026-04-20
69e4fd7ccd89df7bb594ce6e,a539e6f9-5423-4d2e-b5d5-3f23cb39f769,1,b4403,54.2642055236725,10,0,10,2026-04-20
69e4fd7ccd89df7bb594ce6e,a539e6f9-5423-4d2e-b5d5-3f23cb39f769,1,a4404,-67.38485715559,9,1,10,2026-04-20
69e4fd7ccd89df7bb594ce6e,a539e6f9-5423-4d2e-b5d5-3f23cb39f769,1,b4405,16.4420183868343,10,0,10,2026-04-20
69e4fd7ccd89df7bb594ce6e,a539e6f9-5423-4d2e-b5d5-3f23cb39f769,1,a4406,29.2004571354808,10,0,10,2026-04-20
69e4fd7ccd89df7bb594ce6e,a539e6f9-5423-4d2e-b5d5-3f23cb39f769,1,b4407,-19.3022660295303,9,1,10,2026-04-20
69e4fd7ccd89df7bb594ce6e,a539e6f9-5423-4d2e-b5d5-3f23cb39f769,1,a4408,-17.2358298079544,10,0,10,2026-04-20
69e4fd7ccd89df7bb594ce6e,a539e6f9-5423-4d2e-b5d5-3f23cb39f769,1,b4409,-51.3584506357843,10,0,10,2026-04-20
69e4fd7ccd89df7bb594ce6e,a539e6f9-5423-4d2e-b5d5-3f23cb39f769,1,a4410,-59.2857331923521,10,0,10,2026-04-20
69e4fd7ccd89df7bb594ce6e,a539e6f9-5423-4d2e-b5d5-3f23cb39f769,1,b4411,-15.5456048832662,8,2,10,2026-04-20
69e4fd7ccd89df7bb594ce6e,a539e6f9-5423-4d2e-b5d5-3f23cb39f769,1,a4412,6.40457710697751,9,1,10,2026-04-20
69e4fd7ccd89df7bb594ce6e,a539e6f9-5423-4d2e-b5d5-3f23cb39f769,1,b4413,51.2623402740054,10,0,10,2026-04-20
69e4fd7ccd89df7bb594ce6e,a539e6f9-5423-4d2e-b5d5-3f23cb39f769,1,a4414,-21.0665302384706,10,0,10,2026-04-20
69e4fd7ccd89df7bb594ce6e,a539e6f9-5423-4d2e-b5d5-3f23cb39f769,1,b4415,-14.4576469973887,10,0,10,2026-04-20
69e4fd7ccd89df7bb594ce6e,a539e6f9-5423-4d2e-b5d5-3f23cb39f769,1,a4416,-9.44754252037476,9,1,10,2026-04-20
69e4fd7ccd89df7bb594ce6e,a539e6f9-5423-4d2e-b5d5-3f23cb39f769,1,b4417,-23.8525028582915,10,0,10,2026-04-20
69e4fd7ccd89df7bb594ce6e,a539e6f9-5423-4d2e-b5d5-3f23cb39f769,1,a4418,40.5637376323455,10,0,10,2026-04-20
69e4fd7ccd89df7bb594ce6e,a539e6f9-5423-4d2e-b5d5-3f23cb39f769,1,b4419,34.1722358281173,10,0,10,2026-04-20
69e4fd7ccd89df7bb594ce6e,a539e6f9-5423-4d2e-b5d5-3f23cb39f769,1,a4420,-9.73025519810934,9,1,10,2026-04-20
69e4fd7ccd89df7bb594ce6e,a539e6f9-5423-4d2e-b5d5-3f23cb39f769,1,b4421,-67.1863100267256,10,0,10,2026-04-20
69e4fd7ccd89df7bb594ce6e,a539e6f9-5423-4d2e-b5d5-3f23cb39f769,1,a4422,-1.97067477888621,10,0,10,2026-04-20
69e4fd7ccd89df7bb594ce6e,a539e6f9-5423-4d2e-b5d5-3f23cb39f769,1,b4423,-30.4556869105493,10,0,10,2026-04-20
69e4fd7ccd89df7bb594ce6e,a539e6f9-5423-4d2e-b5d5-3f23cb39f769,1,a4424,-88.2296130816594,10,0,10,2026-04-20
69e4fd7ccd89df7bb594ce6e,a539e6f9-5423-4d2e-b5d5-3f23cb39f769,1,b4425,7.09323995740912,9,1,10,2026-04-20
69e4fd7ccd89df7bb594ce6e,a539e6f9-5423-4d2e-b5d5-3f23cb39f769,1,a4426,-25.9733345690819,9,1,10,2026-04-20
69e4fd7ccd89df7bb594ce6e,a539e6f9-5423-4d2e-b5d5-3f23cb39f769,1,b4427,-22.35214147226,10,0,10,2026-04-20
69e4fd7ccd89df7bb594ce6e,a539e6f9-5423-4d2e-b5d5-3f23cb39f769,1,a4428,-33.7937787255115,10,0,10,2026-04-20
69e4fd7ccd89df7bb594ce6e,a539e6f9-5423-4d2e-b5d5-3f23cb39f769,1,b4429,-58.3859438487418,9,1,10,2026-04-20
69e4fd7ccd89df7bb594ce6e,a539e6f9-5423-4d2e-b5d5-3f23cb39f769,1,a4430,-5.33411574107596,10,0,10,2026-04-20
69e508fdcd89df7bb59bbb07,e87d32f1-5bd8-4e60-80b6-c28eb99342d9,1,b4331,28.7611314289389,2,8,10,2026-04-19
69e508fdcd89df7bb59bbb07,e87d32f1-5bd8-4e60-80b6-c28eb99342d9,1,a4332,-13.4345813319144,1,0,1,2026-04-19
69e508fdcd89df7bb59bbb07,e87d32f1-5bd8-4e60-80b6-c28eb99342d9,1,b4333,-36.7599866185044,6,4,10,2026-04-19
69e508fdcd89df7bb59bbb07,e87d32f1-5bd8-4e60-80b6-c28eb99342d9,1,a4334,-56.3258052260155,4,6,10,2026-04-19
69e508fdcd89df7bb59bbb07,e87d32f1-5bd8-4e60-80b6-c28eb99342d9,1,a4336,22.897736638058,3,7,10,2026-04-19
69e508fdcd89df7bb59bbb07,e87d32f1-5bd8-4e60-80b6-c28eb99342d9,1,b4337,16.9554246406698,5,5,10,2026-04-19
69e508fdcd89df7bb59bbb07,e87d32f1-5bd8-4e60-80b6-c28eb99342d9,1,a4342,-8.48079729547831,1,9,10,2026-04-19
69e508fdcd89df7bb59bbb07,e87d32f1-5bd8-4e60-80b6-c28eb99342d9,1,b4343,47.8483726314096,9,1,10,2026-04-19
69e508fdcd89df7bb59bbb07,e87d32f1-5bd8-4e60-80b6-c28eb99342d9,1,b4353,-43.7982825514257,10,0,10,2026-04-19
69e508fdcd89df7bb59bbb07,e87d32f1-5bd8-4e60-80b6-c28eb99342d9,1,a4354,34.97486647825,9,1,10,2026-04-19
69e508fdcd89df7bb59bbb07,e87d32f1-5bd8-4e60-80b6-c28eb99342d9,1,b4355,-58.9949774922385,9,1,10,2026-04-19
69e508fdcd89df7bb59bbb07,e87d32f1-5bd8-4e60-80b6-c28eb99342d9,1,a4356,-11.7608966507518,8,2,10,2026-04-19
69e508fdcd89df7bb59bbb07,e87d32f1-5bd8-4e60-80b6-c28eb99342d9,1,b4357,21.2435329950793,6,4,10,2026-04-19
69e508fdcd89df7bb59bbb07,e87d32f1-5bd8-4e60-80b6-c28eb99342d9,1,a4358,-50.5244193458992,5,5,10,2026-04-19
69e508fdcd89df7bb59bbb07,e87d32f1-5bd8-4e60-80b6-c28eb99342d9,1,b4359,7.15331725767877,7,3,10,2026-04-19
69e508fdcd89df7bb59bbb07,e87d32f1-5bd8-4e60-80b6-c28eb99342d9,1,a4360,48.2565950230808,10,0,10,2026-04-19
69e508fdcd89df7bb59bbb07,e87d32f1-5bd8-4e60-80b6-c28eb99342d9,1,a4364,-48.8692515439731,9,1,10,2026-04-19
69e508fdcd89df7bb59bbb07,e87d32f1-5bd8-4e60-80b6-c28eb99342d9,1,b4365,18.3678986712136,10,0,10,2026-04-19
69e508fdcd89df7bb59bbb07,e87d32f1-5bd8-4e60-80b6-c28eb99342d9,1,a4366,-51.9268123628396,9,1,10,2026-04-19
69e508fdcd89df7bb59bbb07,e87d32f1-5bd8-4e60-80b6-c28eb99342d9,1,b4367,-14.8525598509078,9,1,10,2026-04-19
69e508fdcd89df7bb59bbb07,e87d32f1-5bd8-4e60-80b6-c28eb99342d9,1,a4368,20.4417249250596,9,1,10,2026-04-19
69e508fdcd89df7bb59bbb07,e87d32f1-5bd8-4e60-80b6-c28eb99342d9,1,a4370,21.1336620079838,6,4,10,2026-04-19
69e508fdcd89df7bb59bbb07,e87d32f1-5bd8-4e60-80b6-c28eb99342d9,1,b4371,-19.2577237027633,3,7,10,2026-04-20
69e508fdcd89df7bb59bbb07,e87d32f1-5bd8-4e60-80b6-c28eb99342d9,1,b4373,-6.49969477801496,10,0,10,2026-04-20
69e508fdcd89df7bb59bbb07,e87d32f1-5bd8-4e60-80b6-c28eb99342d9,1,b4377,-3.32483553703148,8,2,10,2026-04-20
69e508fdcd89df7bb59bbb07,e87d32f1-5bd8-4e60-80b6-c28eb99342d9,1,a4378,-36.7432384226196,9,1,10,2026-04-20
69e508fdcd89df7bb59bbb07,e87d32f1-5bd8-4e60-80b6-c28eb99342d9,1,b4379,17.4634787484866,9,1,10,2026-04-20
69e508fdcd89df7bb59bbb07,e87d32f1-5bd8-4e60-80b6-c28eb99342d9,1,b4381,-58.1044016293407,10,0,10,2026-04-20
69e508fdcd89df7bb59bbb07,e87d32f1-5bd8-4e60-80b6-c28eb99342d9,1,a4382,-26.8041937016559,8,2,10,2026-04-20
69e508fdcd89df7bb59bbb07,e87d32f1-5bd8-4e60-80b6-c28eb99342d9,1,b4383,-31.1042046747806,10,0,10,2026-04-20
69e508fdcd89df7bb59bbb07,e87d32f1-5bd8-4e60-80b6-c28eb99342d9,1,a4384,-31.8507084790878,10,0,10,2026-04-20
69e508fdcd89df7bb59bbb07,e87d32f1-5bd8-4e60-80b6-c28eb99342d9,1,b4385,-79.2245994490802,10,0,10,2026-04-20
69e508fdcd89df7bb59bbb07,e87d32f1-5bd8-4e60-80b6-c28eb99342d9,1,a4386,2.35356947314708,10,0,10,2026-04-20
69e508fdcd89df7bb59bbb07,e87d32f1-5bd8-4e60-80b6-c28eb99342d9,1,b4387,35.1830420620051,9,1,10,2026-04-20
69e508fdcd89df7bb59bbb07,e87d32f1-5bd8-4e60-80b6-c28eb99342d9,1,a4388,-28.7206860037053,10,0,10,2026-04-20
69e508fdcd89df7bb59bbb07,e87d32f1-5bd8-4e60-80b6-c28eb99342d9,1,b4389,13.9967755047957,10,0,10,2026-04-20
69e508fdcd89df7bb59bbb07,e87d32f1-5bd8-4e60-80b6-c28eb99342d9,1,a4390,56.198540221862,10,0,10,2026-04-20
69e508fdcd89df7bb59bbb07,e87d32f1-5bd8-4e60-80b6-c28eb99342d9,1,b4391,-22.7582769000166,10,0,10,2026-04-20
69e508fdcd89df7bb59bbb07,e87d32f1-5bd8-4e60-80b6-c28eb99342d9,1,a4392,43.969602701625,10,0,10,2026-04-20
69e508fdcd89df7bb59bbb07,e87d32f1-5bd8-4e60-80b6-c28eb99342d9,1,b4393,-31.5519108117087,9,1,10,2026-04-20
69e508fdcd89df7bb59bbb07,e87d32f1-5bd8-4e60-80b6-c28eb99342d9,1,a4394,-28.1705749463626,10,0,10,2026-04-20
69e508fdcd89df7bb59bbb07,e87d32f1-5bd8-4e60-80b6-c28eb99342d9,1,b4395,-42.4279195321715,10,0,10,2026-04-20
69e508fdcd89df7bb59bbb07,e87d32f1-5bd8-4e60-80b6-c28eb99342d9,1,a4396,18.9646143643938,9,1,10,2026-04-20
69e508fdcd89df7bb59bbb07,e87d32f1-5bd8-4e60-80b6-c28eb99342d9,1,b4397,-39.1733982325622,10,0,10,2026-04-20
69e508fdcd89df7bb59bbb07,e87d32f1-5bd8-4e60-80b6-c28eb99342d9,1,a4398,-4.95318898677785,10,0,10,2026-04-20
69e508fdcd89df7bb59bbb07,e87d32f1-5bd8-4e60-80b6-c28eb99342d9,1,b4399,37.4586154340761,10,0,10,2026-04-20
69e508fdcd89df7bb59bbb07,e87d32f1-5bd8-4e60-80b6-c28eb99342d9,1,a4400,-8.59105625059309,10,0,10,2026-04-20
69e508fdcd89df7bb59bbb07,e87d32f1-5bd8-4e60-80b6-c28eb99342d9,1,b4401,-19.8842873418701,10,0,10,2026-04-20
69e508fdcd89df7bb59bbb07,e87d32f1-5bd8-4e60-80b6-c28eb99342d9,1,a4402,39.6487650282738,10,0,10,2026-04-20
69e508fdcd89df7bb59bbb07,e87d32f1-5bd8-4e60-80b6-c28eb99342d9,1,b4403,54.2642055236725,10,0,10,2026-04-20
69e508fdcd89df7bb59bbb07,e87d32f1-5bd8-4e60-80b6-c28eb99342d9,1,a4404,-67.38485715559,9,1,10,2026-04-20
69e508fdcd89df7bb59bbb07,e87d32f1-5bd8-4e60-80b6-c28eb99342d9,1,b4405,5.16863711460725,8,2,10,2026-04-20
69e508fdcd89df7bb59bbb07,e87d32f1-5bd8-4e60-80b6-c28eb99342d9,1,a4406,29.2004571354808,10,0,10,2026-04-20
69e508fdcd89df7bb59bbb07,e87d32f1-5bd8-4e60-80b6-c28eb99342d9,1,b4407,-19.3022660295303,9,1,10,2026-04-20
69e508fdcd89df7bb59bbb07,e87d32f1-5bd8-4e60-80b6-c28eb99342d9,1,a4408,-17.2358298079544,10,0,10,2026-04-20
69e508fdcd89df7bb59bbb07,e87d32f1-5bd8-4e60-80b6-c28eb99342d9,1,b4409,-51.3584506357843,10,0,10,2026-04-20
69e508fdcd89df7bb59bbb07,e87d32f1-5bd8-4e60-80b6-c28eb99342d9,1,a4410,-69.7090396175225,8,2,10,2026-04-20
69e508fdcd89df7bb59bbb07,e87d32f1-5bd8-4e60-80b6-c28eb99342d9,1,b4411,-16.0838574551565,9,1,10,2026-04-20
69e508fdcd89df7bb59bbb07,e87d32f1-5bd8-4e60-80b6-c28eb99342d9,1,a4412,6.40457710697751,10,0,10,2026-04-20
69e508fdcd89df7bb59bbb07,e87d32f1-5bd8-4e60-80b6-c28eb99342d9,1,b4413,51.2623402740054,10,0,10,2026-04-20
69e508fdcd89df7bb59bbb07,e87d32f1-5bd8-4e60-80b6-c28eb99342d9,1,a4414,-21.0665302384706,10,0,10,2026-04-20
69e508fdcd89df7bb59bbb07,e87d32f1-5bd8-4e60-80b6-c28eb99342d9,1,b4415,-14.4576469973887,10,0,10,2026-04-20
69e508fdcd89df7bb59bbb07,e87d32f1-5bd8-4e60-80b6-c28eb99342d9,1,a4416,-9.44754252037476,9,1,10,2026-04-20
69e508fdcd89df7bb59bbb07,e87d32f1-5bd8-4e60-80b6-c28eb99342d9,1,b4417,-23.8525028582915,10,0,10,2026-04-20
69e508fdcd89df7bb59bbb07,e87d32f1-5bd8-4e60-80b6-c28eb99342d9,1,a4418,40.5637376323455,10,0,10,2026-04-20
69e508fdcd89df7bb59bbb07,e87d32f1-5bd8-4e60-80b6-c28eb99342d9,1,b4419,34.1722358281173,10,0,10,2026-04-20
69e508fdcd89df7bb59bbb07,e87d32f1-5bd8-4e60-80b6-c28eb99342d9,1,a4420,-9.73025519810934,9,1,10,2026-04-20
69e508fdcd89df7bb59bbb07,e87d32f1-5bd8-4e60-80b6-c28eb99342d9,1,b4421,-67.1863100267256,10,0,10,2026-04-20
69e508fdcd89df7bb59bbb07,e87d32f1-5bd8-4e60-80b6-c28eb99342d9,1,a4422,-1.97067477888621,10,0,10,2026-04-20
69e508fdcd89df7bb59bbb07,e87d32f1-5bd8-4e60-80b6-c28eb99342d9,1,b4423,-30.4556869105493,10,0,10,2026-04-20
69e508fdcd89df7bb59bbb07,e87d32f1-5bd8-4e60-80b6-c28eb99342d9,1,a4424,-88.2296130816594,10,0,10,2026-04-20
69e508fdcd89df7bb59bbb07,e87d32f1-5bd8-4e60-80b6-c28eb99342d9,1,b4425,7.09323995740912,9,1,10,2026-04-20
69e508fdcd89df7bb59bbb07,e87d32f1-5bd8-4e60-80b6-c28eb99342d9,1,a4426,-25.9733345690819,9,1,10,2026-04-20
69e508fdcd89df7bb59bbb07,e87d32f1-5bd8-4e60-80b6-c28eb99342d9,1,b4427,-22.35214147226,10,0,10,2026-04-20
69e508fdcd89df7bb59bbb07,e87d32f1-5bd8-4e60-80b6-c28eb99342d9,1,a4428,-33.7937787255115,10,0,10,2026-04-20
69e508fdcd89df7bb59bbb07,e87d32f1-5bd8-4e60-80b6-c28eb99342d9,1,b4429,-57.3612527896894,7,3,10,2026-04-20
69e508fdcd89df7bb59bbb07,e87d32f1-5bd8-4e60-80b6-c28eb99342d9,1,a4430,-5.33411574107596,10,0,10,2026-04-20
69e65608cd89df7bb5cc04d4,ad224fd1-953e-40b0-b5bb-e2c58edeadaa,1,a4436,23.9124366275673,10,0,10,2026-04-20
69e65608cd89df7bb5cc04d4,ad224fd1-953e-40b0-b5bb-e2c58edeadaa,1,a4438,21.9670496593219,10,0,10,2026-04-20
69e65608cd89df7bb5cc04d4,ad224fd1-953e-40b0-b5bb-e2c58edeadaa,1,b4439,-35.2036048877748,10,0,10,2026-04-20
69e65608cd89df7bb5cc04d4,ad224fd1-953e-40b0-b5bb-e2c58edeadaa,1,a4440,-4.59086857152288,10,0,10,2026-04-20
69e65608cd89df7bb5cc04d4,ad224fd1-953e-40b0-b5bb-e2c58edeadaa,1,b4441,6.76649617221246,10,0,10,2026-04-20
69e65608cd89df7bb5cc04d4,ad224fd1-953e-40b0-b5bb-e2c58edeadaa,1,a4442,-30.5355359680575,10,0,10,2026-04-20
69e65608cd89df7bb5cc04d4,ad224fd1-953e-40b0-b5bb-e2c58edeadaa,1,b4443,-41.7083222692755,9,1,10,2026-04-20
69e65608cd89df7bb5cc04d4,ad224fd1-953e-40b0-b5bb-e2c58edeadaa,1,a4444,-32.1514284386718,10,0,10,2026-04-20
69e65608cd89df7bb5cc04d4,ad224fd1-953e-40b0-b5bb-e2c58edeadaa,1,b4445,12.2228514207821,10,0,10,2026-04-20
69e65608cd89df7bb5cc04d4,ad224fd1-953e-40b0-b5bb-e2c58edeadaa,1,a4446,-32.0801436668693,10,0,10,2026-04-20
69e65608cd89df7bb5cc04d4,ad224fd1-953e-40b0-b5bb-e2c58edeadaa,1,b4447,36.0425704258618,10,0,10,2026-04-20
69e65608cd89df7bb5cc04d4,ad224fd1-953e-40b0-b5bb-e2c58edeadaa,1,a4448,0.276226325667098,10,0,10,2026-04-20
69e65608cd89df7bb5cc04d4,ad224fd1-953e-40b0-b5bb-e2c58edeadaa,1,b4449,-38.7142004459227,10,0,10,2026-04-20
69e65608cd89df7bb5cc04d4,ad224fd1-953e-40b0-b5bb-e2c58edeadaa,1,a4450,90.2064314887147,7,3,10,2026-04-20
69e65608cd89df7bb5cc04d4,ad224fd1-953e-40b0-b5bb-e2c58edeadaa,1,b4451,-6.22686970651408,10,0,10,2026-04-20
69e65608cd89df7bb5cc04d4,ad224fd1-953e-40b0-b5bb-e2c58edeadaa,1,a4452,28.7307382653367,9,1,10,2026-04-20
69e65608cd89df7bb5cc04d4,ad224fd1-953e-40b0-b5bb-e2c58edeadaa,1,b4453,-29.0130153253024,9,1,10,2026-04-20
69e65608cd89df7bb5cc04d4,ad224fd1-953e-40b0-b5bb-e2c58edeadaa,1,a4454,-11.3344494657629,10,0,10,2026-04-20
69e65608cd89df7bb5cc04d4,ad224fd1-953e-40b0-b5bb-e2c58edeadaa,1,b4455,-51.2729521109188,10,0,10,2026-04-20
69e65608cd89df7bb5cc04d4,ad224fd1-953e-40b0-b5bb-e2c58edeadaa,1,a4456,23.1145652750767,8,2,10,2026-04-20
69e65608cd89df7bb5cc04d4,ad224fd1-953e-40b0-b5bb-e2c58edeadaa,1,b4457,43.4608684033745,10,0,10,2026-04-20
69e65608cd89df7bb5cc04d4,ad224fd1-953e-40b0-b5bb-e2c58edeadaa,1,a4458,52.2854764454319,10,0,10,2026-04-20
69e65608cd89df7bb5cc04d4,ad224fd1-953e-40b0-b5bb-e2c58edeadaa,1,b4459,-14.0858819710991,10,0,10,2026-04-20
69e65608cd89df7bb5cc04d4,ad224fd1-953e-40b0-b5bb-e2c58edeadaa,1,a4460,16.5292318525397,10,0,10,2026-04-20
69e65608cd89df7bb5cc04d4,ad224fd1-953e-40b0-b5bb-e2c58edeadaa,1,b4461,30.0285394198698,9,1,10,2026-04-20
69e65608cd89df7bb5cc04d4,ad224fd1-953e-40b0-b5bb-e2c58edeadaa,1,a4462,-33.5166787149738,10,0,10,2026-04-20
69e65608cd89df7bb5cc04d4,ad224fd1-953e-40b0-b5bb-e2c58edeadaa,1,b4463,93.7536437181114,10,0,10,2026-04-20
69e65608cd89df7bb5cc04d4,ad224fd1-953e-40b0-b5bb-e2c58edeadaa,1,a4464,50.4739100989717,10,0,10,2026-04-20
69e65608cd89df7bb5cc04d4,ad224fd1-953e-40b0-b5bb-e2c58edeadaa,1,b4465,28.1876776836388,10,0,10,2026-04-20
69e65608cd89df7bb5cc04d4,ad224fd1-953e-40b0-b5bb-e2c58edeadaa,1,a4466,-38.0400948150493,10,0,10,2026-04-20
69e65608cd89df7bb5cc04d4,ad224fd1-953e-40b0-b5bb-e2c58edeadaa,1,b4467,20.1845643303696,10,0,10,2026-04-20
69e65608cd89df7bb5cc04d4,ad224fd1-953e-40b0-b5bb-e2c58edeadaa,1,a4468,-49.2054270219441,10,0,10,2026-04-20
69e65608cd89df7bb5cc04d4,ad224fd1-953e-40b0-b5bb-e2c58edeadaa,1,b4469,-19.328806167975,10,0,10,2026-04-20
69e65608cd89df7bb5cc04d4,ad224fd1-953e-40b0-b5bb-e2c58edeadaa,1,a4470,21.7574432643208,10,0,10,2026-04-20
69e65608cd89df7bb5cc04d4,ad224fd1-953e-40b0-b5bb-e2c58edeadaa,1,b4471,6.36621988892007,10,0,10,2026-04-20
69e65608cd89df7bb5cc04d4,ad224fd1-953e-40b0-b5bb-e2c58edeadaa,1,a4472,43.4117621178999,10,0,10,2026-04-20
69e65608cd89df7bb5cc04d4,ad224fd1-953e-40b0-b5bb-e2c58edeadaa,1,b4473,6.49109577271364,10,0,10,2026-04-20
69e65608cd89df7bb5cc04d4,ad224fd1-953e-40b0-b5bb-e2c58edeadaa,1,a4474,18.4961585986978,10,0,10,2026-04-20
69e65608cd89df7bb5cc04d4,ad224fd1-953e-40b0-b5bb-e2c58edeadaa,1,b4475,-25.3377436533677,10,0,10,2026-04-20
69e65608cd89df7bb5cc04d4,ad224fd1-953e-40b0-b5bb-e2c58edeadaa,1,a4476,-41.24948334812,10,0,10,2026-04-21
69e65608cd89df7bb5cc04d4,ad224fd1-953e-40b0-b5bb-e2c58edeadaa,1,b4477,-16.3572560204207,10,0,10,2026-04-21
69e65608cd89df7bb5cc04d4,ad224fd1-953e-40b0-b5bb-e2c58edeadaa,1,a4478,31.4702997797898,10,0,10,2026-04-21
69e65608cd89df7bb5cc04d4,ad224fd1-953e-40b0-b5bb-e2c58edeadaa,1,b4479,46.3463120194994,10,0,10,2026-04-21
69e65608cd89df7bb5cc04d4,ad224fd1-953e-40b0-b5bb-e2c58edeadaa,1,a4480,-6.10844052250534,10,0,10,2026-04-21
69e65608cd89df7bb5cc04d4,ad224fd1-953e-40b0-b5bb-e2c58edeadaa,1,b4481,10.0092499729623,10,0,10,2026-04-21
69e65608cd89df7bb5cc04d4,ad224fd1-953e-40b0-b5bb-e2c58edeadaa,1,a4482,38.8119662781837,10,0,10,2026-04-21
69e65608cd89df7bb5cc04d4,ad224fd1-953e-40b0-b5bb-e2c58edeadaa,1,b4483,-21.7493405089925,10,0,10,2026-04-21
69e65608cd89df7bb5cc04d4,ad224fd1-953e-40b0-b5bb-e2c58edeadaa,1,a4484,-74.5857617016608,10,0,10,2026-04-21
69e65608cd89df7bb5cc04d4,ad224fd1-953e-40b0-b5bb-e2c58edeadaa,1,b4485,-38.2309220141918,10,0,10,2026-04-21
69e65608cd89df7bb5cc04d4,ad224fd1-953e-40b0-b5bb-e2c58edeadaa,1,a4486,15.9784510420801,10,0,10,2026-04-21
69e65608cd89df7bb5cc04d4,ad224fd1-953e-40b0-b5bb-e2c58edeadaa,1,b4487,2.73284816835402,10,0,10,2026-04-21
69e65608cd89df7bb5cc04d4,ad224fd1-953e-40b0-b5bb-e2c58edeadaa,1,a4488,-14.8003679909988,10,0,10,2026-04-21
69e65608cd89df7bb5cc04d4,ad224fd1-953e-40b0-b5bb-e2c58edeadaa,1,a4490,44.8691248300423,10,0,10,2026-04-21
69e65608cd89df7bb5cc04d4,ad224fd1-953e-40b0-b5bb-e2c58edeadaa,1,b4491,9.24299177690638,10,0,10,2026-04-21
69e65608cd89df7bb5cc04d4,ad224fd1-953e-40b0-b5bb-e2c58edeadaa,1,a4492,-21.1955981920346,10,0,10,2026-04-21
69e65608cd89df7bb5cc04d4,ad224fd1-953e-40b0-b5bb-e2c58edeadaa,1,b4493,34.0507284960759,10,0,10,2026-04-21
69e65608cd89df7bb5cc04d4,ad224fd1-953e-40b0-b5bb-e2c58edeadaa,1,a4494,47.4984097884624,10,0,10,2026-04-21
69e65608cd89df7bb5cc04d4,ad224fd1-953e-40b0-b5bb-e2c58edeadaa,1,b4495,-92.3937774122519,10,0,10,2026-04-21
69e65608cd89df7bb5cc04d4,ad224fd1-953e-40b0-b5bb-e2c58edeadaa,1,a4496,-40.1221909550031,10,0,10,2026-04-21
69e65608cd89df7bb5cc04d4,ad224fd1-953e-40b0-b5bb-e2c58edeadaa,1,b4497,-57.1253189179119,10,0,10,2026-04-21
69e65608cd89df7bb5cc04d4,ad224fd1-953e-40b0-b5bb-e2c58edeadaa,1,a4498,-27.5042061703699,10,0,10,2026-04-21
69e65608cd89df7bb5cc04d4,ad224fd1-953e-40b0-b5bb-e2c58edeadaa,1,b4499,-1.89434597056316,10,0,10,2026-04-21
69e65608cd89df7bb5cc04d4,ad224fd1-953e-40b0-b5bb-e2c58edeadaa,1,a4500,-8.67073633940349,10,0,10,2026-04-21
69e65608cd89df7bb5cc04d4,ad224fd1-953e-40b0-b5bb-e2c58edeadaa,1,b4501,36.8844485696098,10,0,10,2026-04-21
69e65608cd89df7bb5cc04d4,ad224fd1-953e-40b0-b5bb-e2c58edeadaa,1,a4502,38.8657270090969,10,0,10,2026-04-21
69e65608cd89df7bb5cc04d4,ad224fd1-953e-40b0-b5bb-e2c58edeadaa,1,b4503,-79.3563935979063,10,0,10,2026-04-21
69e65608cd89df7bb5cc04d4,ad224fd1-953e-40b0-b5bb-e2c58edeadaa,1,a4504,-25.5124216962533,10,0,10,2026-04-21
69e65608cd89df7bb5cc04d4,ad224fd1-953e-40b0-b5bb-e2c58edeadaa,1,b4505,44.2964702530744,8,2,10,2026-04-21
69e65608cd89df7bb5cc04d4,ad224fd1-953e-40b0-b5bb-e2c58edeadaa,1,a4506,-37.451500957584,10,0,10,2026-04-21
69e65608cd89df7bb5cc04d4,ad224fd1-953e-40b0-b5bb-e2c58edeadaa,1,b4507,27.3819206382108,10,0,10,2026-04-21
69e65608cd89df7bb5cc04d4,ad224fd1-953e-40b0-b5bb-e2c58edeadaa,1,a4508,20.0354176076923,10,0,10,2026-04-21
69e65608cd89df7bb5cc04d4,ad224fd1-953e-40b0-b5bb-e2c58edeadaa,1,b4509,35.1524370302359,10,0,10,2026-04-21
69e65608cd89df7bb5cc04d4,ad224fd1-953e-40b0-b5bb-e2c58edeadaa,1,a4510,-18.4909539491981,10,0,10,2026-04-21
69e65608cd89df7bb5cc04d4,ad224fd1-953e-40b0-b5bb-e2c58edeadaa,1,b4511,53.6544752711197,10,0,10,2026-04-21
69e65608cd89df7bb5cc04d4,ad224fd1-953e-40b0-b5bb-e2c58edeadaa,1,a4512,-25.7921554749665,10,0,10,2026-04-21
69e65608cd89df7bb5cc04d4,ad224fd1-953e-40b0-b5bb-e2c58edeadaa,1,b4513,-37.1466241245534,10,0,10,2026-04-21
69e65608cd89df7bb5cc04d4,ad224fd1-953e-40b0-b5bb-e2c58edeadaa,1,a4514,52.9368631298643,10,0,10,2026-04-21
69e65608cd89df7bb5cc04d4,ad224fd1-953e-40b0-b5bb-e2c58edeadaa,1,b4515,47.1421929573542,10,0,10,2026-04-21
69e65608cd89df7bb5cc04d4,ad224fd1-953e-40b0-b5bb-e2c58edeadaa,1,a4516,38.3114519870263,10,0,10,2026-04-21
69e65608cd89df7bb5cc04d4,ad224fd1-953e-40b0-b5bb-e2c58edeadaa,1,b4517,-51.2549594240219,9,1,10,2026-04-21
69e65608cd89df7bb5cc04d4,ad224fd1-953e-40b0-b5bb-e2c58edeadaa,1,a4518,-7.37245530857101,1,0,1,2026-04-21
69e65608cd89df7bb5cc04d4,ad224fd1-953e-40b0-b5bb-e2c58edeadaa,1,b4519,9.96991369070053,10,0,10,2026-04-21
69e65608cd89df7bb5cc04d4,ad224fd1-953e-40b0-b5bb-e2c58edeadaa,1,a4520,-0.229055126477014,10,0,10,2026-04-21
69e65608cd89df7bb5cc04d4,ad224fd1-953e-40b0-b5bb-e2c58edeadaa,1,b4521,-13.208348153518,10,0,10,2026-04-21
69e65608cd89df7bb5cc04d4,ad224fd1-953e-40b0-b5bb-e2c58edeadaa,1,a4522,44.5218209292209,9,1,10,2026-04-21
69e65608cd89df7bb5cc04d4,ad224fd1-953e-40b0-b5bb-e2c58edeadaa,1,b4523,-27.307940904024,10,0,10,2026-04-21
69e65608cd89df7bb5cc04d4,ad224fd1-953e-40b0-b5bb-e2c58edeadaa,1,a4524,56.3938036213488,10,0,10,2026-04-21
69e65608cd89df7bb5cc04d4,ad224fd1-953e-40b0-b5bb-e2c58edeadaa,1,b4525,10.2663250853722,10,0,10,2026-04-21
69e65608cd89df7bb5cc04d4,ad224fd1-953e-40b0-b5bb-e2c58edeadaa,1,a4526,69.5053785276491,10,0,10,2026-04-21
69e65608cd89df7bb5cc04d4,ad224fd1-953e-40b0-b5bb-e2c58edeadaa,1,b4527,45.8984507539511,10,0,10,2026-04-21
69e65608cd89df7bb5cc04d4,ad224fd1-953e-40b0-b5bb-e2c58edeadaa,1,a4528,-23.4663620801499,10,0,10,2026-04-21
69e65608cd89df7bb5cc04d4,ad224fd1-953e-40b0-b5bb-e2c58edeadaa,1,b4529,18.945819166718,10,0,10,2026-04-21
69e65608cd89df7bb5cc04d4,ad224fd1-953e-40b0-b5bb-e2c58edeadaa,1,a4530,36.1443601427428,10,0,10,2026-04-21
69e65608cd89df7bb5cc04d4,ad224fd1-953e-40b0-b5bb-e2c58edeadaa,1,b4531,-41.2788352146574,10,0,10,2026-04-21
69e65608cd89df7bb5cc04d4,ad224fd1-953e-40b0-b5bb-e2c58edeadaa,1,a4532,27.564921947441,10,0,10,2026-04-21
69e65608cd89df7bb5cc04d4,ad224fd1-953e-40b0-b5bb-e2c58edeadaa,1,b4533,-45.1291913386883,10,0,10,2026-04-21
69e65608cd89df7bb5cc04d4,ad224fd1-953e-40b0-b5bb-e2c58edeadaa,1,a4534,-24.5202917013444,10,0,10,2026-04-21
69e65608cd89df7bb5cc04d4,ad224fd1-953e-40b0-b5bb-e2c58edeadaa,1,b4535,35.5858736247011,10,0,10,2026-04-21
69e65608cd89df7bb5cc04d4,ad224fd1-953e-40b0-b5bb-e2c58edeadaa,1,a4536,26.0986414004698,10,0,10,2026-04-21
69e65608cd89df7bb5cc04d4,ad224fd1-953e-40b0-b5bb-e2c58edeadaa,1,b4537,-0.0852898817564753,10,0,10,2026-04-21
69e65608cd89df7bb5cc04d4,ad224fd1-953e-40b0-b5bb-e2c58edeadaa,1,a4538,2.42655226144212,10,0,10,2026-04-21
69e65608cd89df7bb5cc04d4,ad224fd1-953e-40b0-b5bb-e2c58edeadaa,1,b4539,-19.6141777972788,10,0,10,2026-04-21
69e65608cd89df7bb5cc04d4,ad224fd1-953e-40b0-b5bb-e2c58edeadaa,1,a4540,31.7935297727285,10,0,10,2026-04-21
69e65608cd89df7bb5cc04d4,ad224fd1-953e-40b0-b5bb-e2c58edeadaa,1,b4541,-72.3197542053875,10,0,10,2026-04-21
69e65608cd89df7bb5cc04d4,ad224fd1-953e-40b0-b5bb-e2c58edeadaa,1,a4542,-23.1808013149667,10,0,10,2026-04-21
69e65608cd89df7bb5cc04d4,ad224fd1-953e-40b0-b5bb-e2c58edeadaa,1,b4543,49.4099085347949,10,0,10,2026-04-21
69e65608cd89df7bb5cc04d4,ad224fd1-953e-40b0-b5bb-e2c58edeadaa,1,a4544,16.4529977289217,10,0,10,2026-04-21
69e65608cd89df7bb5cc04d4,ad224fd1-953e-40b0-b5bb-e2c58edeadaa,1,b4545,-10.5567533207823,9,1,10,2026-04-21
69e65608cd89df7bb5cc04d4,ad224fd1-953e-40b0-b5bb-e2c58edeadaa,1,a4546,-30.1043369813181,10,0,10,2026-04-21
69e65608cd89df7bb5cc04d4,ad224fd1-953e-40b0-b5bb-e2c58edeadaa,1,b4547,-1.25708026072918,10,0,10,2026-04-21
69e65608cd89df7bb5cc04d4,ad224fd1-953e-40b0-b5bb-e2c58edeadaa,1,a4548,-14.8334191906995,10,0,10,2026-04-21
69e65608cd89df7bb5cc04d4,ad224fd1-953e-40b0-b5bb-e2c58edeadaa,1,b4549,-20.9988849887283,8,2,10,2026-04-21
69e6566fcd89df7bb5cc04ea,d5c0c46b-1cb0-4d2e-82e0-a5be9a4c1907,1,b4437,-7.16106347474513,10,0,10,2026-04-20
69e6566fcd89df7bb5cc04ea,d5c0c46b-1cb0-4d2e-82e0-a5be9a4c1907,1,a4438,17.5633779468559,10,0,10,2026-04-20
69e6566fcd89df7bb5cc04ea,d5c0c46b-1cb0-4d2e-82e0-a5be9a4c1907,1,b4439,-35.2036048877748,10,0,10,2026-04-20
69e6566fcd89df7bb5cc04ea,d5c0c46b-1cb0-4d2e-82e0-a5be9a4c1907,1,a4440,-4.59086857152288,10,0,10,2026-04-20
69e6566fcd89df7bb5cc04ea,d5c0c46b-1cb0-4d2e-82e0-a5be9a4c1907,1,b4441,6.76649617221246,10,0,10,2026-04-20
69e6566fcd89df7bb5cc04ea,d5c0c46b-1cb0-4d2e-82e0-a5be9a4c1907,1,a4442,-30.5355359680575,10,0,10,2026-04-20
69e6566fcd89df7bb5cc04ea,d5c0c46b-1cb0-4d2e-82e0-a5be9a4c1907,1,b4443,-41.7083222692755,9,1,10,2026-04-20
69e6566fcd89df7bb5cc04ea,d5c0c46b-1cb0-4d2e-82e0-a5be9a4c1907,1,a4444,-32.1514284386718,10,0,10,2026-04-20
69e6566fcd89df7bb5cc04ea,d5c0c46b-1cb0-4d2e-82e0-a5be9a4c1907,1,b4445,12.2228514207821,10,0,10,2026-04-20
69e6566fcd89df7bb5cc04ea,d5c0c46b-1cb0-4d2e-82e0-a5be9a4c1907,1,a4446,-32.0801436668693,10,0,10,2026-04-20
69e6566fcd89df7bb5cc04ea,d5c0c46b-1cb0-4d2e-82e0-a5be9a4c1907,1,b4447,36.0425704258618,10,0,10,2026-04-20
69e6566fcd89df7bb5cc04ea,d5c0c46b-1cb0-4d2e-82e0-a5be9a4c1907,1,a4448,0.276226325667098,10,0,10,2026-04-20
69e6566fcd89df7bb5cc04ea,d5c0c46b-1cb0-4d2e-82e0-a5be9a4c1907,1,b4449,-38.7142004459227,10,0,10,2026-04-20
69e6566fcd89df7bb5cc04ea,d5c0c46b-1cb0-4d2e-82e0-a5be9a4c1907,1,a4450,90.2064314887147,7,3,10,2026-04-20
69e6566fcd89df7bb5cc04ea,d5c0c46b-1cb0-4d2e-82e0-a5be9a4c1907,1,b4451,-6.22686970651408,10,0,10,2026-04-20
69e6566fcd89df7bb5cc04ea,d5c0c46b-1cb0-4d2e-82e0-a5be9a4c1907,1,a4452,28.7307382653367,9,1,10,2026-04-20
69e6566fcd89df7bb5cc04ea,d5c0c46b-1cb0-4d2e-82e0-a5be9a4c1907,1,b4453,-29.0130153253024,9,1,10,2026-04-20
69e6566fcd89df7bb5cc04ea,d5c0c46b-1cb0-4d2e-82e0-a5be9a4c1907,1,a4454,-11.3344494657629,10,0,10,2026-04-20
69e6566fcd89df7bb5cc04ea,d5c0c46b-1cb0-4d2e-82e0-a5be9a4c1907,1,b4455,-51.2729521109188,10,0,10,2026-04-20
69e6566fcd89df7bb5cc04ea,d5c0c46b-1cb0-4d2e-82e0-a5be9a4c1907,1,a4456,23.1145652750767,9,1,10,2026-04-20
69e6566fcd89df7bb5cc04ea,d5c0c46b-1cb0-4d2e-82e0-a5be9a4c1907,1,b4457,43.4608684033745,10,0,10,2026-04-20
69e6566fcd89df7bb5cc04ea,d5c0c46b-1cb0-4d2e-82e0-a5be9a4c1907,1,a4458,52.2854764454319,10,0,10,2026-04-20
69e6566fcd89df7bb5cc04ea,d5c0c46b-1cb0-4d2e-82e0-a5be9a4c1907,1,b4459,-14.0858819710991,10,0,10,2026-04-20
69e6566fcd89df7bb5cc04ea,d5c0c46b-1cb0-4d2e-82e0-a5be9a4c1907,1,a4460,16.5292318525397,10,0,10,2026-04-20
69e6566fcd89df7bb5cc04ea,d5c0c46b-1cb0-4d2e-82e0-a5be9a4c1907,1,b4461,30.0285394198698,10,0,10,2026-04-20
69e6566fcd89df7bb5cc04ea,d5c0c46b-1cb0-4d2e-82e0-a5be9a4c1907,1,a4462,-33.5166787149738,10,0,10,2026-04-20
69e6566fcd89df7bb5cc04ea,d5c0c46b-1cb0-4d2e-82e0-a5be9a4c1907,1,b4463,93.7536437181114,10,0,10,2026-04-20
69e6566fcd89df7bb5cc04ea,d5c0c46b-1cb0-4d2e-82e0-a5be9a4c1907,1,a4464,50.4739100989717,10,0,10,2026-04-20
69e6566fcd89df7bb5cc04ea,d5c0c46b-1cb0-4d2e-82e0-a5be9a4c1907,1,b4465,28.1876776836388,10,0,10,2026-04-20
69e6566fcd89df7bb5cc04ea,d5c0c46b-1cb0-4d2e-82e0-a5be9a4c1907,1,a4466,-38.0400948150493,10,0,10,2026-04-20
69e6566fcd89df7bb5cc04ea,d5c0c46b-1cb0-4d2e-82e0-a5be9a4c1907,1,b4467,20.1845643303696,10,0,10,2026-04-20
69e6566fcd89df7bb5cc04ea,d5c0c46b-1cb0-4d2e-82e0-a5be9a4c1907,1,a4468,-50.1811723003269,9,1,10,2026-04-20
69e6566fcd89df7bb5cc04ea,d5c0c46b-1cb0-4d2e-82e0-a5be9a4c1907,1,b4469,-25.294072840377,9,1,10,2026-04-20
69e6566fcd89df7bb5cc04ea,d5c0c46b-1cb0-4d2e-82e0-a5be9a4c1907,1,a4470,21.7574432643208,10,0,10,2026-04-20
69e6566fcd89df7bb5cc04ea,d5c0c46b-1cb0-4d2e-82e0-a5be9a4c1907,1,b4471,6.36621988892007,10,0,10,2026-04-20
69e6566fcd89df7bb5cc04ea,d5c0c46b-1cb0-4d2e-82e0-a5be9a4c1907,1,a4472,43.4117621178999,10,0,10,2026-04-20
69e6566fcd89df7bb5cc04ea,d5c0c46b-1cb0-4d2e-82e0-a5be9a4c1907,1,b4473,6.49109577271364,10,0,10,2026-04-20
69e6566fcd89df7bb5cc04ea,d5c0c46b-1cb0-4d2e-82e0-a5be9a4c1907,1,a4474,18.4961585986978,10,0,10,2026-04-20
69e6566fcd89df7bb5cc04ea,d5c0c46b-1cb0-4d2e-82e0-a5be9a4c1907,1,b4475,-25.3377436533677,10,0,10,2026-04-20
69e6566fcd89df7bb5cc04ea,d5c0c46b-1cb0-4d2e-82e0-a5be9a4c1907,1,a4476,-41.24948334812,10,0,10,2026-04-21
69e6566fcd89df7bb5cc04ea,d5c0c46b-1cb0-4d2e-82e0-a5be9a4c1907,1,b4477,-16.3572560204207,10,0,10,2026-04-21
69e6566fcd89df7bb5cc04ea,d5c0c46b-1cb0-4d2e-82e0-a5be9a4c1907,1,a4478,31.4702997797898,10,0,10,2026-04-21
69e6566fcd89df7bb5cc04ea,d5c0c46b-1cb0-4d2e-82e0-a5be9a4c1907,1,b4479,46.3463120194994,10,0,10,2026-04-21
69e6566fcd89df7bb5cc04ea,d5c0c46b-1cb0-4d2e-82e0-a5be9a4c1907,1,a4480,-6.10844052250534,10,0,10,2026-04-21
69e6566fcd89df7bb5cc04ea,d5c0c46b-1cb0-4d2e-82e0-a5be9a4c1907,1,b4481,10.0092499729623,10,0,10,2026-04-21
69e6566fcd89df7bb5cc04ea,d5c0c46b-1cb0-4d2e-82e0-a5be9a4c1907,1,a4482,38.8119662781837,10,0,10,2026-04-21
69e6566fcd89df7bb5cc04ea,d5c0c46b-1cb0-4d2e-82e0-a5be9a4c1907,1,b4483,-21.7493405089925,10,0,10,2026-04-21
69e6566fcd89df7bb5cc04ea,d5c0c46b-1cb0-4d2e-82e0-a5be9a4c1907,1,a4484,-74.5857617016608,10,0,10,2026-04-21
69e6566fcd89df7bb5cc04ea,d5c0c46b-1cb0-4d2e-82e0-a5be9a4c1907,1,b4485,-38.2309220141918,10,0,10,2026-04-21
69e6566fcd89df7bb5cc04ea,d5c0c46b-1cb0-4d2e-82e0-a5be9a4c1907,1,a4490,44.8691248300423,10,0,10,2026-04-21
69e6566fcd89df7bb5cc04ea,d5c0c46b-1cb0-4d2e-82e0-a5be9a4c1907,1,b4491,9.24299177690638,10,0,10,2026-04-21
69e6566fcd89df7bb5cc04ea,d5c0c46b-1cb0-4d2e-82e0-a5be9a4c1907,1,a4492,-21.1955981920346,10,0,10,2026-04-21
69e6566fcd89df7bb5cc04ea,d5c0c46b-1cb0-4d2e-82e0-a5be9a4c1907,1,b4493,34.0507284960759,10,0,10,2026-04-21
69e6566fcd89df7bb5cc04ea,d5c0c46b-1cb0-4d2e-82e0-a5be9a4c1907,1,a4494,47.4984097884624,10,0,10,2026-04-21
69e6566fcd89df7bb5cc04ea,d5c0c46b-1cb0-4d2e-82e0-a5be9a4c1907,1,b4495,-92.3937774122519,10,0,10,2026-04-21
69e6566fcd89df7bb5cc04ea,d5c0c46b-1cb0-4d2e-82e0-a5be9a4c1907,1,a4496,-40.1221909550031,10,0,10,2026-04-21
69e6566fcd89df7bb5cc04ea,d5c0c46b-1cb0-4d2e-82e0-a5be9a4c1907,1,b4497,-57.1253189179119,10,0,10,2026-04-21
69e6566fcd89df7bb5cc04ea,d5c0c46b-1cb0-4d2e-82e0-a5be9a4c1907,1,a4498,-27.5042061703699,10,0,10,2026-04-21
69e6566fcd89df7bb5cc04ea,d5c0c46b-1cb0-4d2e-82e0-a5be9a4c1907,1,b4499,-1.89434597056316,10,0,10,2026-04-21
69e6566fcd89df7bb5cc04ea,d5c0c46b-1cb0-4d2e-82e0-a5be9a4c1907,1,a4500,-8.67073633940349,10,0,10,2026-04-21
69e6566fcd89df7bb5cc04ea,d5c0c46b-1cb0-4d2e-82e0-a5be9a4c1907,1,b4501,36.8844485696098,10,0,10,2026-04-21
69e6566fcd89df7bb5cc04ea,d5c0c46b-1cb0-4d2e-82e0-a5be9a4c1907,1,a4502,38.8657270090969,10,0,10,2026-04-21
69e6566fcd89df7bb5cc04ea,d5c0c46b-1cb0-4d2e-82e0-a5be9a4c1907,1,b4503,-79.3563935979063,10,0,10,2026-04-21
69e6566fcd89df7bb5cc04ea,d5c0c46b-1cb0-4d2e-82e0-a5be9a4c1907,1,a4504,-25.5124216962533,10,0,10,2026-04-21
69e6566fcd89df7bb5cc04ea,d5c0c46b-1cb0-4d2e-82e0-a5be9a4c1907,1,b4505,32.0945757877613,10,0,10,2026-04-21
69e6566fcd89df7bb5cc04ea,d5c0c46b-1cb0-4d2e-82e0-a5be9a4c1907,1,a4506,-37.451500957584,10,0,10,2026-04-21
69e6566fcd89df7bb5cc04ea,d5c0c46b-1cb0-4d2e-82e0-a5be9a4c1907,1,b4507,27.3819206382108,10,0,10,2026-04-21
69e6566fcd89df7bb5cc04ea,d5c0c46b-1cb0-4d2e-82e0-a5be9a4c1907,1,a4508,20.0354176076923,10,0,10,2026-04-21
69e6566fcd89df7bb5cc04ea,d5c0c46b-1cb0-4d2e-82e0-a5be9a4c1907,1,b4509,35.1524370302359,10,0,10,2026-04-21
69e6566fcd89df7bb5cc04ea,d5c0c46b-1cb0-4d2e-82e0-a5be9a4c1907,1,a4510,-18.4909539491981,10,0,10,2026-04-21
69e6566fcd89df7bb5cc04ea,d5c0c46b-1cb0-4d2e-82e0-a5be9a4c1907,1,b4511,53.6544752711197,10,0,10,2026-04-21
69e6566fcd89df7bb5cc04ea,d5c0c46b-1cb0-4d2e-82e0-a5be9a4c1907,1,a4512,-25.7921554749665,10,0,10,2026-04-21
69e6566fcd89df7bb5cc04ea,d5c0c46b-1cb0-4d2e-82e0-a5be9a4c1907,1,b4513,-37.1466241245534,10,0,10,2026-04-21
69e6566fcd89df7bb5cc04ea,d5c0c46b-1cb0-4d2e-82e0-a5be9a4c1907,1,a4514,52.9368631298643,10,0,10,2026-04-21
69e6566fcd89df7bb5cc04ea,d5c0c46b-1cb0-4d2e-82e0-a5be9a4c1907,1,b4515,47.1421929573542,10,0,10,2026-04-21
69e6566fcd89df7bb5cc04ea,d5c0c46b-1cb0-4d2e-82e0-a5be9a4c1907,1,a4516,38.3114519870263,10,0,10,2026-04-21
69e6566fcd89df7bb5cc04ea,d5c0c46b-1cb0-4d2e-82e0-a5be9a4c1907,1,b4517,-66.6385365621495,10,0,10,2026-04-21
69e6566fcd89df7bb5cc04ea,d5c0c46b-1cb0-4d2e-82e0-a5be9a4c1907,1,a4518,-16.669270925353,10,0,10,2026-04-21
69e6566fcd89df7bb5cc04ea,d5c0c46b-1cb0-4d2e-82e0-a5be9a4c1907,1,a4520,-0.229055126477014,10,0,10,2026-04-21
69e6566fcd89df7bb5cc04ea,d5c0c46b-1cb0-4d2e-82e0-a5be9a4c1907,1,b4521,-13.208348153518,10,0,10,2026-04-21
69e6566fcd89df7bb5cc04ea,d5c0c46b-1cb0-4d2e-82e0-a5be9a4c1907,1,a4522,44.5218209292209,10,0,10,2026-04-21
69e6566fcd89df7bb5cc04ea,d5c0c46b-1cb0-4d2e-82e0-a5be9a4c1907,1,b4523,-27.307940904024,10,0,10,2026-04-21
69e6566fcd89df7bb5cc04ea,d5c0c46b-1cb0-4d2e-82e0-a5be9a4c1907,1,a4524,56.3938036213488,10,0,10,2026-04-21
69e6566fcd89df7bb5cc04ea,d5c0c46b-1cb0-4d2e-82e0-a5be9a4c1907,1,b4525,10.2663250853722,10,0,10,2026-04-21
69e6566fcd89df7bb5cc04ea,d5c0c46b-1cb0-4d2e-82e0-a5be9a4c1907,1,a4526,69.5053785276491,10,0,10,2026-04-21
69e6566fcd89df7bb5cc04ea,d5c0c46b-1cb0-4d2e-82e0-a5be9a4c1907,1,b4527,45.8984507539511,10,0,10,2026-04-21
69e6566fcd89df7bb5cc04ea,d5c0c46b-1cb0-4d2e-82e0-a5be9a4c1907,1,a4528,-23.4663620801499,10,0,10,2026-04-21
69e6566fcd89df7bb5cc04ea,d5c0c46b-1cb0-4d2e-82e0-a5be9a4c1907,1,b4529,18.945819166718,10,0,10,2026-04-21
69e6566fcd89df7bb5cc04ea,d5c0c46b-1cb0-4d2e-82e0-a5be9a4c1907,1,a4530,36.1443601427428,10,0,10,2026-04-21
69e6566fcd89df7bb5cc04ea,d5c0c46b-1cb0-4d2e-82e0-a5be9a4c1907,1,b4531,-41.2788352146574,10,0,10,2026-04-21
69e6566fcd89df7bb5cc04ea,d5c0c46b-1cb0-4d2e-82e0-a5be9a4c1907,1,a4532,27.564921947441,10,0,10,2026-04-21
69e6566fcd89df7bb5cc04ea,d5c0c46b-1cb0-4d2e-82e0-a5be9a4c1907,1,b4533,-45.1291913386883,10,0,10,2026-04-21
69e6566fcd89df7bb5cc04ea,d5c0c46b-1cb0-4d2e-82e0-a5be9a4c1907,1,a4534,-24.5202917013444,10,0,10,2026-04-21
69e6566fcd89df7bb5cc04ea,d5c0c46b-1cb0-4d2e-82e0-a5be9a4c1907,1,b4535,35.5858736247011,10,0,10,2026-04-21
69e6566fcd89df7bb5cc04ea,d5c0c46b-1cb0-4d2e-82e0-a5be9a4c1907,1,a4536,26.0986414004698,10,0,10,2026-04-21
69e6566fcd89df7bb5cc04ea,d5c0c46b-1cb0-4d2e-82e0-a5be9a4c1907,1,b4537,-0.0852898817564753,10,0,10,2026-04-21
69e6566fcd89df7bb5cc04ea,d5c0c46b-1cb0-4d2e-82e0-a5be9a4c1907,1,a4538,2.42655226144212,10,0,10,2026-04-21
69e6566fcd89df7bb5cc04ea,d5c0c46b-1cb0-4d2e-82e0-a5be9a4c1907,1,b4539,-19.6141777972788,10,0,10,2026-04-21
69e6566fcd89df7bb5cc04ea,d5c0c46b-1cb0-4d2e-82e0-a5be9a4c1907,1,a4540,31.7935297727285,10,0,10,2026-04-21
69e6566fcd89df7bb5cc04ea,d5c0c46b-1cb0-4d2e-82e0-a5be9a4c1907,1,b4541,-72.3197542053875,10,0,10,2026-04-21
69e6566fcd89df7bb5cc04ea,d5c0c46b-1cb0-4d2e-82e0-a5be9a4c1907,1,a4542,-23.1808013149667,10,0,10,2026-04-21
69e6566fcd89df7bb5cc04ea,d5c0c46b-1cb0-4d2e-82e0-a5be9a4c1907,1,b4543,49.4099085347949,10,0,10,2026-04-21
69e6566fcd89df7bb5cc04ea,d5c0c46b-1cb0-4d2e-82e0-a5be9a4c1907,1,a4544,16.4529977289217,10,0,10,2026-04-21
69e6566fcd89df7bb5cc04ea,d5c0c46b-1cb0-4d2e-82e0-a5be9a4c1907,1,b4545,-10.5567533207823,10,0,10,2026-04-21
69e6566fcd89df7bb5cc04ea,d5c0c46b-1cb0-4d2e-82e0-a5be9a4c1907,1,a4546,-30.1043369813181,10,0,10,2026-04-21
69e6566fcd89df7bb5cc04ea,d5c0c46b-1cb0-4d2e-82e0-a5be9a4c1907,1,b4547,-1.25708026072918,10,0,10,2026-04-21
69e6566fcd89df7bb5cc04ea,d5c0c46b-1cb0-4d2e-82e0-a5be9a4c1907,1,a4548,-14.8334191906995,10,0,10,2026-04-21
69e6566fcd89df7bb5cc04ea,d5c0c46b-1cb0-4d2e-82e0-a5be9a4c1907,1,b4549,-10.4193401212777,10,0,10,2026-04-21
69e7a111cd89df7bb52f1034,92670675-1b96-454e-9850-5af35d1a2320,1,b4551,-39.6446165785347,10,0,10,2026-04-21
69e7a111cd89df7bb52f1034,92670675-1b96-454e-9850-5af35d1a2320,1,b4553,-46.0870774548557,10,0,10,2026-04-21
69e7a111cd89df7bb52f1034,92670675-1b96-454e-9850-5af35d1a2320,1,a4554,67.4066134558338,10,0,10,2026-04-21
69e7a111cd89df7bb52f1034,92670675-1b96-454e-9850-5af35d1a2320,1,b4555,-2.95239820662496,10,0,10,2026-04-21
69e7a111cd89df7bb52f1034,92670675-1b96-454e-9850-5af35d1a2320,1,a4556,38.4705574784721,10,0,10,2026-04-21
69e7a111cd89df7bb52f1034,92670675-1b96-454e-9850-5af35d1a2320,1,b4557,53.0529186307926,10,0,10,2026-04-21
69e7a111cd89df7bb52f1034,92670675-1b96-454e-9850-5af35d1a2320,1,a4558,19.7260230123862,10,0,10,2026-04-21
69e7a111cd89df7bb52f1034,92670675-1b96-454e-9850-5af35d1a2320,1,b4559,-37.2846906472729,9,1,10,2026-04-21
69e7a111cd89df7bb52f1034,92670675-1b96-454e-9850-5af35d1a2320,1,a4560,-27.2667072520236,10,0,10,2026-04-21
69e7a111cd89df7bb52f1034,92670675-1b96-454e-9850-5af35d1a2320,1,b4561,11.5869416420177,10,0,10,2026-04-21
69e7a111cd89df7bb52f1034,92670675-1b96-454e-9850-5af35d1a2320,1,b4563,-25.1585180059849,10,0,10,2026-04-21
69e7a111cd89df7bb52f1034,92670675-1b96-454e-9850-5af35d1a2320,1,a4564,71.1430700480817,10,0,10,2026-04-21
69e7a111cd89df7bb52f1034,92670675-1b96-454e-9850-5af35d1a2320,1,a4566,-6.17798715036805,10,0,10,2026-04-21
69e7a111cd89df7bb52f1034,92670675-1b96-454e-9850-5af35d1a2320,1,b4567,-2.27394230506398,10,0,10,2026-04-21
69e7a111cd89df7bb52f1034,92670675-1b96-454e-9850-5af35d1a2320,1,a4568,-21.9886249207519,10,0,10,2026-04-21
69e7a111cd89df7bb52f1034,92670675-1b96-454e-9850-5af35d1a2320,1,b4569,49.9355885022617,10,0,10,2026-04-21
69e7a111cd89df7bb52f1034,92670675-1b96-454e-9850-5af35d1a2320,1,a4570,-5.82140302622008,10,0,10,2026-04-21
69e7a111cd89df7bb52f1034,92670675-1b96-454e-9850-5af35d1a2320,1,b4571,5.67822462564439,10,0,10,2026-04-21
69e7a111cd89df7bb52f1034,92670675-1b96-454e-9850-5af35d1a2320,1,a4572,-70.0371287771984,10,0,10,2026-04-21
69e7a111cd89df7bb52f1034,92670675-1b96-454e-9850-5af35d1a2320,1,b4573,-1.94073992666788,10,0,10,2026-04-21
69e7a111cd89df7bb52f1034,92670675-1b96-454e-9850-5af35d1a2320,1,a4574,-106.955751464059,10,0,10,2026-04-21
69e7a111cd89df7bb52f1034,92670675-1b96-454e-9850-5af35d1a2320,1,b4575,-69.8782572063992,10,0,10,2026-04-21
69e7a111cd89df7bb52f1034,92670675-1b96-454e-9850-5af35d1a2320,1,a4576,10.7035962718515,10,0,10,2026-04-21
69e7a111cd89df7bb52f1034,92670675-1b96-454e-9850-5af35d1a2320,1,b4577,-12.778188060616,10,0,10,2026-04-21
69e7a111cd89df7bb52f1034,92670675-1b96-454e-9850-5af35d1a2320,1,a4578,83.8430883480829,10,0,10,2026-04-21
69e7a111cd89df7bb52f1034,92670675-1b96-454e-9850-5af35d1a2320,1,b4579,62.1239657348608,10,0,10,2026-04-21
69e7a111cd89df7bb52f1034,92670675-1b96-454e-9850-5af35d1a2320,1,a4580,-2.05014489491399,10,0,10,2026-04-21
69e7a111cd89df7bb52f1034,92670675-1b96-454e-9850-5af35d1a2320,1,b4581,52.1641345218301,10,0,10,2026-04-21
69e7a111cd89df7bb52f1034,92670675-1b96-454e-9850-5af35d1a2320,1,a4582,-15.7924204273926,10,0,10,2026-04-21
69e7a111cd89df7bb52f1034,92670675-1b96-454e-9850-5af35d1a2320,1,b4583,36.0637045122546,10,0,10,2026-04-21
69e7a111cd89df7bb52f1034,92670675-1b96-454e-9850-5af35d1a2320,1,a4584,-28.4318921687517,10,0,10,2026-04-21
69e7a111cd89df7bb52f1034,92670675-1b96-454e-9850-5af35d1a2320,1,b4585,-16.1643636590581,10,0,10,2026-04-21
69e7a111cd89df7bb52f1034,92670675-1b96-454e-9850-5af35d1a2320,1,a4586,-43.8115471350844,10,0,10,2026-04-21
69e7a111cd89df7bb52f1034,92670675-1b96-454e-9850-5af35d1a2320,1,b4587,54.5842360711581,8,2,10,2026-04-21
69e7a111cd89df7bb52f1034,92670675-1b96-454e-9850-5af35d1a2320,1,a4588,-45.7673266199405,10,0,10,2026-04-21
69e7a111cd89df7bb52f1034,92670675-1b96-454e-9850-5af35d1a2320,1,b4589,22.8078431210853,10,0,10,2026-04-21
69e7a111cd89df7bb52f1034,92670675-1b96-454e-9850-5af35d1a2320,1,a4590,6.41575840509688,10,0,10,2026-04-21
69e7a111cd89df7bb52f1034,92670675-1b96-454e-9850-5af35d1a2320,1,b4591,24.2704946835968,10,0,10,2026-04-21
69e7a111cd89df7bb52f1034,92670675-1b96-454e-9850-5af35d1a2320,1,a4592,73.1993806556427,9,1,10,2026-04-21
69e7a111cd89df7bb52f1034,92670675-1b96-454e-9850-5af35d1a2320,1,b4593,7.54840442887521,7,3,10,2026-04-22
69e7a111cd89df7bb52f1034,92670675-1b96-454e-9850-5af35d1a2320,1,a4594,7.15774240898823,10,0,10,2026-04-22
69e7a111cd89df7bb52f1034,92670675-1b96-454e-9850-5af35d1a2320,1,b4595,23.3643089210038,10,0,10,2026-04-22
69e7a111cd89df7bb52f1034,92670675-1b96-454e-9850-5af35d1a2320,1,a4596,21.7238511519712,10,0,10,2026-04-22
69e7a111cd89df7bb52f1034,92670675-1b96-454e-9850-5af35d1a2320,1,b4597,31.4909532192077,10,0,10,2026-04-22
69e7a111cd89df7bb52f1034,92670675-1b96-454e-9850-5af35d1a2320,1,a4598,-109.196862271817,10,0,10,2026-04-22
69e7a111cd89df7bb52f1034,92670675-1b96-454e-9850-5af35d1a2320,1,b4599,30.981361810694,10,0,10,2026-04-22
69e7a111cd89df7bb52f1034,92670675-1b96-454e-9850-5af35d1a2320,1,a4600,61.2853730011326,9,1,10,2026-04-22
69e7a111cd89df7bb52f1034,92670675-1b96-454e-9850-5af35d1a2320,1,b4601,22.2474798319348,9,1,10,2026-04-22
69e7a111cd89df7bb52f1034,92670675-1b96-454e-9850-5af35d1a2320,1,a4602,35.2102975617271,8,2,10,2026-04-22
69e7a111cd89df7bb52f1034,92670675-1b96-454e-9850-5af35d1a2320,1,b4603,-3.87016018925066,9,1,10,2026-04-22
69e7a111cd89df7bb52f1034,92670675-1b96-454e-9850-5af35d1a2320,1,a4604,24.6637706819372,10,0,10,2026-04-22
69e7a111cd89df7bb52f1034,92670675-1b96-454e-9850-5af35d1a2320,1,b4605,-4.44053814532811,10,0,10,2026-04-22
69e7a111cd89df7bb52f1034,92670675-1b96-454e-9850-5af35d1a2320,1,a4606,-4.72184796556055,9,1,10,2026-04-22
69e7a111cd89df7bb52f1034,92670675-1b96-454e-9850-5af35d1a2320,1,b4607,58.9731744905321,10,0,10,2026-04-22
69e7a111cd89df7bb52f1034,92670675-1b96-454e-9850-5af35d1a2320,1,a4608,5.76169715475841,10,0,10,2026-04-22
69e7a111cd89df7bb52f1034,92670675-1b96-454e-9850-5af35d1a2320,1,b4609,-27.6289484055344,10,0,10,2026-04-22
69e7a111cd89df7bb52f1034,92670675-1b96-454e-9850-5af35d1a2320,1,a4610,39.695460444393,9,1,10,2026-04-22
69e7a111cd89df7bb52f1034,92670675-1b96-454e-9850-5af35d1a2320,1,b4611,3.73849063127704,10,0,10,2026-04-22
69e7a111cd89df7bb52f1034,92670675-1b96-454e-9850-5af35d1a2320,1,a4612,-32.9443994603049,10,0,10,2026-04-22
69e7a111cd89df7bb52f1034,92670675-1b96-454e-9850-5af35d1a2320,1,b4613,-15.0432643362078,10,0,10,2026-04-22
69e7a111cd89df7bb52f1034,92670675-1b96-454e-9850-5af35d1a2320,1,a4614,12.3674835583753,10,0,10,2026-04-22
69e7a111cd89df7bb52f1034,92670675-1b96-454e-9850-5af35d1a2320,1,b4615,-54.6395578380867,10,0,10,2026-04-22
69e7a111cd89df7bb52f1034,92670675-1b96-454e-9850-5af35d1a2320,1,a4616,-34.7852423781009,10,0,10,2026-04-22
69e7a111cd89df7bb52f1034,92670675-1b96-454e-9850-5af35d1a2320,1,b4617,-1.21671492078058,9,1,10,2026-04-22
69e7a111cd89df7bb52f1034,92670675-1b96-454e-9850-5af35d1a2320,1,a4618,12.4135575082598,1,0,1,2026-04-22
69e7a111cd89df7bb52f1034,92670675-1b96-454e-9850-5af35d1a2320,1,b4619,-13.9325540334268,10,0,10,2026-04-22
69e7a111cd89df7bb52f1034,92670675-1b96-454e-9850-5af35d1a2320,1,a4620,43.792624449705,9,1,10,2026-04-22
69e7a111cd89df7bb52f1034,92670675-1b96-454e-9850-5af35d1a2320,1,b4621,-19.3137148167572,10,0,10,2026-04-22
69e7a111cd89df7bb52f1034,92670675-1b96-454e-9850-5af35d1a2320,1,a4622,-16.0602447829045,10,0,10,2026-04-22
69e7a111cd89df7bb52f1034,92670675-1b96-454e-9850-5af35d1a2320,1,b4623,-40.6792117926421,10,0,10,2026-04-22
69e7a111cd89df7bb52f1034,92670675-1b96-454e-9850-5af35d1a2320,1,a4624,-83.9687338791947,10,0,10,2026-04-22
69e7a111cd89df7bb52f1034,92670675-1b96-454e-9850-5af35d1a2320,1,b4625,-8.10026810703863,10,0,10,2026-04-22
69e7a111cd89df7bb52f1034,92670675-1b96-454e-9850-5af35d1a2320,1,a4626,-7.83877663463682,10,0,10,2026-04-22
69e7a111cd89df7bb52f1034,92670675-1b96-454e-9850-5af35d1a2320,1,b4627,-39.9658841162074,10,0,10,2026-04-22
69e7a111cd89df7bb52f1034,92670675-1b96-454e-9850-5af35d1a2320,1,a4628,-41.6337265904806,10,0,10,2026-04-22
69e7a111cd89df7bb52f1034,92670675-1b96-454e-9850-5af35d1a2320,1,b4629,-23.894971197191,8,2,10,2026-04-22
69e7a111cd89df7bb52f1034,92670675-1b96-454e-9850-5af35d1a2320,1,a4630,-13.6560128822285,10,0,10,2026-04-22
69e7a111cd89df7bb52f1034,92670675-1b96-454e-9850-5af35d1a2320,1,b4631,-47.5072479410544,10,0,10,2026-04-22
69e7a111cd89df7bb52f1034,92670675-1b96-454e-9850-5af35d1a2320,1,a4632,36.377809274467,10,0,10,2026-04-22
69e7a111cd89df7bb52f1034,92670675-1b96-454e-9850-5af35d1a2320,1,b4633,-57.7143367127464,9,1,10,2026-04-22
69e7a111cd89df7bb52f1034,92670675-1b96-454e-9850-5af35d1a2320,1,a4634,-29.5405529103838,8,2,10,2026-04-22
69e7a111cd89df7bb52f1034,92670675-1b96-454e-9850-5af35d1a2320,1,b4635,-7.90193007257097,10,0,10,2026-04-22
69e7a111cd89df7bb52f1034,92670675-1b96-454e-9850-5af35d1a2320,1,a4636,38.1851230465871,10,0,10,2026-04-22
69e7a111cd89df7bb52f1034,92670675-1b96-454e-9850-5af35d1a2320,1,b4637,-4.68632439909883,10,0,10,2026-04-22
69e7a111cd89df7bb52f1034,92670675-1b96-454e-9850-5af35d1a2320,1,a4638,-15.1458125801122,9,1,10,2026-04-22
69e7a111cd89df7bb52f1034,92670675-1b96-454e-9850-5af35d1a2320,1,b4639,-48.3367709836322,10,0,10,2026-04-22
69e7a111cd89df7bb52f1034,92670675-1b96-454e-9850-5af35d1a2320,1,a4640,19.1928876537074,10,0,10,2026-04-22
69e7a111cd89df7bb52f1034,92670675-1b96-454e-9850-5af35d1a2320,1,b4641,-47.7792878532082,10,0,10,2026-04-22
69e7a111cd89df7bb52f1034,92670675-1b96-454e-9850-5af35d1a2320,1,a4642,-44.6053721398061,10,0,10,2026-04-22
69e7a111cd89df7bb52f1034,92670675-1b96-454e-9850-5af35d1a2320,1,b4643,13.6946440169796,10,0,10,2026-04-22
69e7a111cd89df7bb52f1034,92670675-1b96-454e-9850-5af35d1a2320,1,a4644,-11.2674764831461,10,0,10,2026-04-22
69e7a111cd89df7bb52f1034,92670675-1b96-454e-9850-5af35d1a2320,1,b4645,-6.17537703413265,10,0,10,2026-04-22
69e7a111cd89df7bb52f1034,92670675-1b96-454e-9850-5af35d1a2320,1,a4646,75.8001518399539,10,0,10,2026-04-22
69e7a111cd89df7bb52f1034,92670675-1b96-454e-9850-5af35d1a2320,1,b4647,16.27403312777,10,0,10,2026-04-22
69e7a111cd89df7bb52f1034,92670675-1b96-454e-9850-5af35d1a2320,1,a4648,-64.0470472897757,10,0,10,2026-04-22
69e7a111cd89df7bb52f1034,92670675-1b96-454e-9850-5af35d1a2320,1,b4649,-8.94746094954715,10,0,10,2026-04-22
69e7a111cd89df7bb52f1034,92670675-1b96-454e-9850-5af35d1a2320,1,a4650,-49.730556089388,10,0,10,2026-04-22
69e7a111cd89df7bb52f1034,92670675-1b96-454e-9850-5af35d1a2320,1,b4651,81.3755702197049,10,0,10,2026-04-22
69e7a111cd89df7bb52f1034,92670675-1b96-454e-9850-5af35d1a2320,1,a4652,-24.6814903761105,10,0,10,2026-04-22
69e7a111cd89df7bb52f1034,92670675-1b96-454e-9850-5af35d1a2320,1,b4653,0.234905257632219,10,0,10,2026-04-22
69e7a111cd89df7bb52f1034,92670675-1b96-454e-9850-5af35d1a2320,1,a4654,18.369295411827,10,0,10,2026-04-22
69e7a111cd89df7bb52f1034,92670675-1b96-454e-9850-5af35d1a2320,1,b4655,56.9792788913603,10,0,10,2026-04-22
69e7a111cd89df7bb52f1034,92670675-1b96-454e-9850-5af35d1a2320,1,a4656,-8.03245854891291,10,0,10,2026-04-22
69e7a111cd89df7bb52f1034,92670675-1b96-454e-9850-5af35d1a2320,1,b4657,10.4096274067258,10,0,10,2026-04-22
69e7a111cd89df7bb52f1034,92670675-1b96-454e-9850-5af35d1a2320,1,a4658,-43.5913482593346,10,0,10,2026-04-22
69e7a111cd89df7bb52f1034,92670675-1b96-454e-9850-5af35d1a2320,1,b4659,-2.68686148549303,10,0,10,2026-04-22
69e7a111cd89df7bb52f1034,92670675-1b96-454e-9850-5af35d1a2320,1,a4660,23.9321846043591,10,0,10,2026-04-22
69e7a111cd89df7bb52f1034,92670675-1b96-454e-9850-5af35d1a2320,1,b4661,73.4988740405882,10,0,10,2026-04-22
69e7a111cd89df7bb52f1034,92670675-1b96-454e-9850-5af35d1a2320,1,a4662,-11.047328190219,10,0,10,2026-04-22
69e7a111cd89df7bb52f1034,92670675-1b96-454e-9850-5af35d1a2320,1,b4663,69.003008499005,10,0,10,2026-04-22
69e7a111cd89df7bb52f1034,92670675-1b96-454e-9850-5af35d1a2320,1,a4664,-22.857939760775,10,0,10,2026-04-22
69e7a111cd89df7bb52f1034,92670675-1b96-454e-9850-5af35d1a2320,1,b4665,-49.9502817975809,10,0,10,2026-04-22
69e7a111cd89df7bb52f1034,92670675-1b96-454e-9850-5af35d1a2320,1,a4666,-11.2491036914405,10,0,10,2026-04-22
69e7a111cd89df7bb52f1034,92670675-1b96-454e-9850-5af35d1a2320,1,b4667,3.98926950609243,10,0,10,2026-04-22
69e7a111cd89df7bb52f1034,92670675-1b96-454e-9850-5af35d1a2320,1,a4668,11.6489723738354,10,0,10,2026-04-22
69e7a111cd89df7bb52f1034,92670675-1b96-454e-9850-5af35d1a2320,1,b4669,18.5350769762052,10,0,10,2026-04-22
69e7a111cd89df7bb52f1034,92670675-1b96-454e-9850-5af35d1a2320,1,a4670,91.416209235442,10,0,10,2026-04-22
69e7a111cd89df7bb52f1034,92670675-1b96-454e-9850-5af35d1a2320,1,b4671,-1.17036977395845,10,0,10,2026-04-22
69e7a111cd89df7bb52f1034,92670675-1b96-454e-9850-5af35d1a2320,1,a4672,29.939437956566,10,0,10,2026-04-22
69e7a111cd89df7bb52f1034,92670675-1b96-454e-9850-5af35d1a2320,1,b4673,-42.4951928113039,10,0,10,2026-04-22
69e7a111cd89df7bb52f1034,92670675-1b96-454e-9850-5af35d1a2320,1,a4674,12.0179290828762,10,0,10,2026-04-22
69e7a111cd89df7bb52f1034,92670675-1b96-454e-9850-5af35d1a2320,1,b4675,3.2563624111511,10,0,10,2026-04-22
69e7a111cd89df7bb52f1034,92670675-1b96-454e-9850-5af35d1a2320,1,a4676,-23.6157659317846,10,0,10,2026-04-22
69e7a111cd89df7bb52f1034,92670675-1b96-454e-9850-5af35d1a2320,1,b4677,44.9150981751594,6,0,6,2026-04-22
69e7a178cd89df7bb52f1040,c1821236-f7fd-48a3-8621-efd897cae0ab,1,a4552,-4.60359037272004,10,0,10,2026-04-21
69e7a178cd89df7bb52f1040,c1821236-f7fd-48a3-8621-efd897cae0ab,1,b4553,-46.0870774548557,10,0,10,2026-04-21
69e7a178cd89df7bb52f1040,c1821236-f7fd-48a3-8621-efd897cae0ab,1,a4554,67.4066134558338,10,0,10,2026-04-21
69e7a178cd89df7bb52f1040,c1821236-f7fd-48a3-8621-efd897cae0ab,1,b4555,-2.95239820662496,10,0,10,2026-04-21
69e7a178cd89df7bb52f1040,c1821236-f7fd-48a3-8621-efd897cae0ab,1,a4556,38.4705574784721,10,0,10,2026-04-21
69e7a178cd89df7bb52f1040,c1821236-f7fd-48a3-8621-efd897cae0ab,1,b4557,53.0529186307926,10,0,10,2026-04-21
69e7a178cd89df7bb52f1040,c1821236-f7fd-48a3-8621-efd897cae0ab,1,a4558,19.7260230123862,10,0,10,2026-04-21
69e7a178cd89df7bb52f1040,c1821236-f7fd-48a3-8621-efd897cae0ab,1,b4559,-50.8786643376684,10,0,10,2026-04-21
69e7a178cd89df7bb52f1040,c1821236-f7fd-48a3-8621-efd897cae0ab,1,a4560,-27.2667072520236,10,0,10,2026-04-21
69e7a178cd89df7bb52f1040,c1821236-f7fd-48a3-8621-efd897cae0ab,1,b4561,11.5869416420177,10,0,10,2026-04-21
69e7a178cd89df7bb52f1040,c1821236-f7fd-48a3-8621-efd897cae0ab,1,a4562,-16.2253936855752,10,0,10,2026-04-21
69e7a178cd89df7bb52f1040,c1821236-f7fd-48a3-8621-efd897cae0ab,1,b4563,-25.1585180059849,10,0,10,2026-04-21
69e7a178cd89df7bb52f1040,c1821236-f7fd-48a3-8621-efd897cae0ab,1,a4564,56.397968302468,8,2,10,2026-04-21
69e7a178cd89df7bb52f1040,c1821236-f7fd-48a3-8621-efd897cae0ab,1,a4566,-6.17798715036805,10,0,10,2026-04-21
69e7a178cd89df7bb52f1040,c1821236-f7fd-48a3-8621-efd897cae0ab,1,b4567,-2.27394230506398,10,0,10,2026-04-21
69e7a178cd89df7bb52f1040,c1821236-f7fd-48a3-8621-efd897cae0ab,1,a4568,-21.9886249207519,10,0,10,2026-04-21
69e7a178cd89df7bb52f1040,c1821236-f7fd-48a3-8621-efd897cae0ab,1,b4569,49.9355885022617,10,0,10,2026-04-21
69e7a178cd89df7bb52f1040,c1821236-f7fd-48a3-8621-efd897cae0ab,1,a4570,-5.82140302622008,10,0,10,2026-04-21
69e7a178cd89df7bb52f1040,c1821236-f7fd-48a3-8621-efd897cae0ab,1,b4571,5.67822462564439,10,0,10,2026-04-21
69e7a178cd89df7bb52f1040,c1821236-f7fd-48a3-8621-efd897cae0ab,1,a4572,-70.0371287771984,10,0,10,2026-04-21
69e7a178cd89df7bb52f1040,c1821236-f7fd-48a3-8621-efd897cae0ab,1,b4573,-12.8031597148473,10,0,10,2026-04-21
69e7a178cd89df7bb52f1040,c1821236-f7fd-48a3-8621-efd897cae0ab,1,a4574,-106.955751464059,10,0,10,2026-04-21
69e7a178cd89df7bb52f1040,c1821236-f7fd-48a3-8621-efd897cae0ab,1,b4575,-69.8782572063992,10,0,10,2026-04-21
69e7a178cd89df7bb52f1040,c1821236-f7fd-48a3-8621-efd897cae0ab,1,a4576,10.7035962718515,10,0,10,2026-04-21
69e7a178cd89df7bb52f1040,c1821236-f7fd-48a3-8621-efd897cae0ab,1,b4577,-12.778188060616,10,0,10,2026-04-21
69e7a178cd89df7bb52f1040,c1821236-f7fd-48a3-8621-efd897cae0ab,1,a4578,83.8430883480829,10,0,10,2026-04-21
69e7a178cd89df7bb52f1040,c1821236-f7fd-48a3-8621-efd897cae0ab,1,b4579,62.1239657348608,10,0,10,2026-04-21
69e7a178cd89df7bb52f1040,c1821236-f7fd-48a3-8621-efd897cae0ab,1,a4580,-2.05014489491399,10,0,10,2026-04-21
69e7a178cd89df7bb52f1040,c1821236-f7fd-48a3-8621-efd897cae0ab,1,b4581,52.1641345218301,10,0,10,2026-04-21
69e7a178cd89df7bb52f1040,c1821236-f7fd-48a3-8621-efd897cae0ab,1,a4582,-15.7924204273926,10,0,10,2026-04-21
69e7a178cd89df7bb52f1040,c1821236-f7fd-48a3-8621-efd897cae0ab,1,b4583,36.0637045122546,10,0,10,2026-04-21
69e7a178cd89df7bb52f1040,c1821236-f7fd-48a3-8621-efd897cae0ab,1,a4584,-28.4318921687517,10,0,10,2026-04-21
69e7a178cd89df7bb52f1040,c1821236-f7fd-48a3-8621-efd897cae0ab,1,b4585,-16.1643636590581,10,0,10,2026-04-21
69e7a178cd89df7bb52f1040,c1821236-f7fd-48a3-8621-efd897cae0ab,1,a4586,-43.8115471350844,10,0,10,2026-04-21
69e7a178cd89df7bb52f1040,c1821236-f7fd-48a3-8621-efd897cae0ab,1,b4587,54.5842360711581,8,2,10,2026-04-21
69e7a178cd89df7bb52f1040,c1821236-f7fd-48a3-8621-efd897cae0ab,1,a4588,-45.7673266199405,10,0,10,2026-04-21
69e7a178cd89df7bb52f1040,c1821236-f7fd-48a3-8621-efd897cae0ab,1,b4589,22.8078431210853,10,0,10,2026-04-21
69e7a178cd89df7bb52f1040,c1821236-f7fd-48a3-8621-efd897cae0ab,1,a4590,6.41575840509688,10,0,10,2026-04-21
69e7a178cd89df7bb52f1040,c1821236-f7fd-48a3-8621-efd897cae0ab,1,b4591,24.2704946835968,10,0,10,2026-04-21
69e7a178cd89df7bb52f1040,c1821236-f7fd-48a3-8621-efd897cae0ab,1,a4592,73.1993806556427,9,1,10,2026-04-21
69e7a178cd89df7bb52f1040,c1821236-f7fd-48a3-8621-efd897cae0ab,1,b4593,-25.0916520959126,10,0,10,2026-04-22
69e7a178cd89df7bb52f1040,c1821236-f7fd-48a3-8621-efd897cae0ab,1,a4594,7.15774240898823,10,0,10,2026-04-22
69e7a178cd89df7bb52f1040,c1821236-f7fd-48a3-8621-efd897cae0ab,1,b4595,23.3643089210038,10,0,10,2026-04-22
69e7a178cd89df7bb52f1040,c1821236-f7fd-48a3-8621-efd897cae0ab,1,a4596,21.7238511519712,10,0,10,2026-04-22
69e7a178cd89df7bb52f1040,c1821236-f7fd-48a3-8621-efd897cae0ab,1,b4597,31.4909532192077,10,0,10,2026-04-22
69e7a178cd89df7bb52f1040,c1821236-f7fd-48a3-8621-efd897cae0ab,1,a4598,-109.196862271817,10,0,10,2026-04-22
69e7a178cd89df7bb52f1040,c1821236-f7fd-48a3-8621-efd897cae0ab,1,b4599,30.981361810694,10,0,10,2026-04-22
69e7a178cd89df7bb52f1040,c1821236-f7fd-48a3-8621-efd897cae0ab,1,a4600,61.2853730011326,9,1,10,2026-04-22
69e7a178cd89df7bb52f1040,c1821236-f7fd-48a3-8621-efd897cae0ab,1,b4601,22.2474798319348,9,1,10,2026-04-22
69e7a178cd89df7bb52f1040,c1821236-f7fd-48a3-8621-efd897cae0ab,1,a4602,35.2102975617271,8,2,10,2026-04-22
69e7a178cd89df7bb52f1040,c1821236-f7fd-48a3-8621-efd897cae0ab,1,b4603,-3.87016018925066,9,1,10,2026-04-22
69e7a178cd89df7bb52f1040,c1821236-f7fd-48a3-8621-efd897cae0ab,1,a4604,24.6637706819372,10,0,10,2026-04-22
69e7a178cd89df7bb52f1040,c1821236-f7fd-48a3-8621-efd897cae0ab,1,b4605,-4.44053814532811,10,0,10,2026-04-22
69e7a178cd89df7bb52f1040,c1821236-f7fd-48a3-8621-efd897cae0ab,1,a4606,-4.72184796556055,9,1,10,2026-04-22
69e7a178cd89df7bb52f1040,c1821236-f7fd-48a3-8621-efd897cae0ab,1,b4607,58.9731744905321,10,0,10,2026-04-22
69e7a178cd89df7bb52f1040,c1821236-f7fd-48a3-8621-efd897cae0ab,1,a4608,5.76169715475841,10,0,10,2026-04-22
69e7a178cd89df7bb52f1040,c1821236-f7fd-48a3-8621-efd897cae0ab,1,b4609,-27.6289484055344,10,0,10,2026-04-22
69e7a178cd89df7bb52f1040,c1821236-f7fd-48a3-8621-efd897cae0ab,1,a4610,39.695460444393,10,0,10,2026-04-22
69e7a178cd89df7bb52f1040,c1821236-f7fd-48a3-8621-efd897cae0ab,1,b4611,3.73849063127704,10,0,10,2026-04-22
69e7a178cd89df7bb52f1040,c1821236-f7fd-48a3-8621-efd897cae0ab,1,a4612,-32.9443994603049,10,0,10,2026-04-22
69e7a178cd89df7bb52f1040,c1821236-f7fd-48a3-8621-efd897cae0ab,1,b4613,-15.0432643362078,10,0,10,2026-04-22
69e7a178cd89df7bb52f1040,c1821236-f7fd-48a3-8621-efd897cae0ab,1,a4614,12.3674835583753,10,0,10,2026-04-22
69e7a178cd89df7bb52f1040,c1821236-f7fd-48a3-8621-efd897cae0ab,1,b4615,-54.6395578380867,10,0,10,2026-04-22
69e7a178cd89df7bb52f1040,c1821236-f7fd-48a3-8621-efd897cae0ab,1,a4616,-34.7852423781009,10,0,10,2026-04-22
69e7a178cd89df7bb52f1040,c1821236-f7fd-48a3-8621-efd897cae0ab,1,b4617,11.7742716497805,10,0,10,2026-04-22
69e7a178cd89df7bb52f1040,c1821236-f7fd-48a3-8621-efd897cae0ab,1,a4618,67.5329588564849,10,0,10,2026-04-22
69e7a178cd89df7bb52f1040,c1821236-f7fd-48a3-8621-efd897cae0ab,1,b4619,-13.9325540334268,9,1,10,2026-04-22
69e7a178cd89df7bb52f1040,c1821236-f7fd-48a3-8621-efd897cae0ab,1,b4621,-19.3137148167572,10,0,10,2026-04-22
69e7a178cd89df7bb52f1040,c1821236-f7fd-48a3-8621-efd897cae0ab,1,a4622,-16.0602447829045,10,0,10,2026-04-22
69e7a178cd89df7bb52f1040,c1821236-f7fd-48a3-8621-efd897cae0ab,1,b4623,-40.6792117926421,10,0,10,2026-04-22
69e7a178cd89df7bb52f1040,c1821236-f7fd-48a3-8621-efd897cae0ab,1,a4624,-31.1720489106426,6,4,10,2026-04-22
69e7a178cd89df7bb52f1040,c1821236-f7fd-48a3-8621-efd897cae0ab,1,b4625,-8.10026810703863,10,0,10,2026-04-22
69e7a178cd89df7bb52f1040,c1821236-f7fd-48a3-8621-efd897cae0ab,1,a4626,-7.83877663463682,10,0,10,2026-04-22
69e7a178cd89df7bb52f1040,c1821236-f7fd-48a3-8621-efd897cae0ab,1,b4627,-39.9658841162074,10,0,10,2026-04-22
69e7a178cd89df7bb52f1040,c1821236-f7fd-48a3-8621-efd897cae0ab,1,a4628,-41.6337265904806,10,0,10,2026-04-22
69e7a178cd89df7bb52f1040,c1821236-f7fd-48a3-8621-efd897cae0ab,1,b4629,-23.894971197191,7,3,10,2026-04-22
69e7a178cd89df7bb52f1040,c1821236-f7fd-48a3-8621-efd897cae0ab,1,a4630,-13.6560128822285,10,0,10,2026-04-22
69e7a178cd89df7bb52f1040,c1821236-f7fd-48a3-8621-efd897cae0ab,1,b4631,-47.5072479410544,10,0,10,2026-04-22
69e7a178cd89df7bb52f1040,c1821236-f7fd-48a3-8621-efd897cae0ab,1,a4632,36.377809274467,10,0,10,2026-04-22
69e7a178cd89df7bb52f1040,c1821236-f7fd-48a3-8621-efd897cae0ab,1,b4633,-60.3432724117188,10,0,10,2026-04-22
69e7a178cd89df7bb52f1040,c1821236-f7fd-48a3-8621-efd897cae0ab,1,a4634,-44.9236862600247,9,1,10,2026-04-22
69e7a178cd89df7bb52f1040,c1821236-f7fd-48a3-8621-efd897cae0ab,1,b4635,-5.80695304651759,1,0,1,2026-04-22
69e7a178cd89df7bb52f1040,c1821236-f7fd-48a3-8621-efd897cae0ab,1,a4636,38.1851230465871,10,0,10,2026-04-22
69e7a178cd89df7bb52f1040,c1821236-f7fd-48a3-8621-efd897cae0ab,1,b4637,-4.68632439909883,10,0,10,2026-04-22
69e7a178cd89df7bb52f1040,c1821236-f7fd-48a3-8621-efd897cae0ab,1,a4638,-15.1458125801122,10,0,10,2026-04-22
69e7a178cd89df7bb52f1040,c1821236-f7fd-48a3-8621-efd897cae0ab,1,b4639,-48.3367709836322,10,0,10,2026-04-22
69e7a178cd89df7bb52f1040,c1821236-f7fd-48a3-8621-efd897cae0ab,1,a4640,19.1928876537074,10,0,10,2026-04-22
69e7a178cd89df7bb52f1040,c1821236-f7fd-48a3-8621-efd897cae0ab,1,b4641,-47.7792878532082,10,0,10,2026-04-22
69e7a178cd89df7bb52f1040,c1821236-f7fd-48a3-8621-efd897cae0ab,1,a4642,-44.6053721398061,10,0,10,2026-04-22
69e7a178cd89df7bb52f1040,c1821236-f7fd-48a3-8621-efd897cae0ab,1,b4643,13.6946440169796,10,0,10,2026-04-22
69e7a178cd89df7bb52f1040,c1821236-f7fd-48a3-8621-efd897cae0ab,1,a4644,-11.2674764831461,10,0,10,2026-04-22
69e7a178cd89df7bb52f1040,c1821236-f7fd-48a3-8621-efd897cae0ab,1,b4645,-6.17537703413265,10,0,10,2026-04-22
69e7a178cd89df7bb52f1040,c1821236-f7fd-48a3-8621-efd897cae0ab,1,a4646,75.8001518399539,10,0,10,2026-04-22
69e7a178cd89df7bb52f1040,c1821236-f7fd-48a3-8621-efd897cae0ab,1,b4647,16.27403312777,10,0,10,2026-04-22
69e7a178cd89df7bb52f1040,c1821236-f7fd-48a3-8621-efd897cae0ab,1,a4648,-64.0470472897757,10,0,10,2026-04-22
69e7a178cd89df7bb52f1040,c1821236-f7fd-48a3-8621-efd897cae0ab,1,b4649,-8.94746094954715,10,0,10,2026-04-22
69e7a178cd89df7bb52f1040,c1821236-f7fd-48a3-8621-efd897cae0ab,1,a4650,-49.730556089388,10,0,10,2026-04-22
69e7a178cd89df7bb52f1040,c1821236-f7fd-48a3-8621-efd897cae0ab,1,b4651,81.3755702197049,10,0,10,2026-04-22
69e7a178cd89df7bb52f1040,c1821236-f7fd-48a3-8621-efd897cae0ab,1,a4652,-9.55163992413837,9,1,10,2026-04-22
69e7a178cd89df7bb52f1040,c1821236-f7fd-48a3-8621-efd897cae0ab,1,b4653,14.6009168053438,9,1,10,2026-04-22
69e7a178cd89df7bb52f1040,c1821236-f7fd-48a3-8621-efd897cae0ab,1,a4654,18.369295411827,10,0,10,2026-04-22
69e7a178cd89df7bb52f1040,c1821236-f7fd-48a3-8621-efd897cae0ab,1,b4655,56.9792788913603,10,0,10,2026-04-22
69e7a178cd89df7bb52f1040,c1821236-f7fd-48a3-8621-efd897cae0ab,1,a4656,-8.03245854891291,10,0,10,2026-04-22
69e7a178cd89df7bb52f1040,c1821236-f7fd-48a3-8621-efd897cae0ab,1,b4657,10.4096274067258,10,0,10,2026-04-22
69e7a178cd89df7bb52f1040,c1821236-f7fd-48a3-8621-efd897cae0ab,1,a4658,-43.5913482593346,10,0,10,2026-04-22
69e7a178cd89df7bb52f1040,c1821236-f7fd-48a3-8621-efd897cae0ab,1,b4659,-2.68686148549303,10,0,10,2026-04-22
69e7a178cd89df7bb52f1040,c1821236-f7fd-48a3-8621-efd897cae0ab,1,a4660,23.9321846043591,10,0,10,2026-04-22
69e7a178cd89df7bb52f1040,c1821236-f7fd-48a3-8621-efd897cae0ab,1,b4661,73.4988740405882,10,0,10,2026-04-22
69e7a178cd89df7bb52f1040,c1821236-f7fd-48a3-8621-efd897cae0ab,1,a4662,-11.047328190219,10,0,10,2026-04-22
69e7a178cd89df7bb52f1040,c1821236-f7fd-48a3-8621-efd897cae0ab,1,b4663,69.003008499005,10,0,10,2026-04-22
69e7a178cd89df7bb52f1040,c1821236-f7fd-48a3-8621-efd897cae0ab,1,a4664,-22.857939760775,10,0,10,2026-04-22
69e7a178cd89df7bb52f1040,c1821236-f7fd-48a3-8621-efd897cae0ab,1,b4665,-49.9502817975809,10,0,10,2026-04-22
69e7a178cd89df7bb52f1040,c1821236-f7fd-48a3-8621-efd897cae0ab,1,a4666,-11.2491036914405,10,0,10,2026-04-22
69e7a178cd89df7bb52f1040,c1821236-f7fd-48a3-8621-efd897cae0ab,1,b4667,3.98926950609243,10,0,10,2026-04-22
69e7a178cd89df7bb52f1040,c1821236-f7fd-48a3-8621-efd897cae0ab,1,a4668,11.6489723738354,10,0,10,2026-04-22
69e7a178cd89df7bb52f1040,c1821236-f7fd-48a3-8621-efd897cae0ab,1,b4669,18.5350769762052,10,0,10,2026-04-22
69e7a178cd89df7bb52f1040,c1821236-f7fd-48a3-8621-efd897cae0ab,1,a4670,91.416209235442,10,0,10,2026-04-22
69e7a178cd89df7bb52f1040,c1821236-f7fd-48a3-8621-efd897cae0ab,1,b4671,-1.17036977395845,10,0,10,2026-04-22
69e7a178cd89df7bb52f1040,c1821236-f7fd-48a3-8621-efd897cae0ab,1,a4672,29.939437956566,10,0,10,2026-04-22
69e7a178cd89df7bb52f1040,c1821236-f7fd-48a3-8621-efd897cae0ab,1,b4673,-42.4951928113039,10,0,10,2026-04-22
69e7a178cd89df7bb52f1040,c1821236-f7fd-48a3-8621-efd897cae0ab,1,a4674,12.0179290828762,10,0,10,2026-04-22
69e7a178cd89df7bb52f1040,c1821236-f7fd-48a3-8621-efd897cae0ab,1,b4675,3.2563624111511,10,0,10,2026-04-22
69e7a178cd89df7bb52f1040,c1821236-f7fd-48a3-8621-efd897cae0ab,1,a4676,-23.6157659317846,10,0,10,2026-04-22
69e7a178cd89df7bb52f1040,c1821236-f7fd-48a3-8621-efd897cae0ab,1,b4677,30.9648079051492,8,0,8,2026-04-22
69ecf56bcd89df7bb59a646b,8e362728-d46c-4a53-8f99-132686d98ead,1,a4762,16.7365464896452,10,0,10,2026-04-25
69ecf56bcd89df7bb59a646b,8e362728-d46c-4a53-8f99-132686d98ead,1,a4764,-11.3216696204853,10,0,10,2026-04-25
69ecf56bcd89df7bb59a646b,8e362728-d46c-4a53-8f99-132686d98ead,1,b4765,-35.4289002811976,10,0,10,2026-04-25
69ecf56bcd89df7bb59a646b,8e362728-d46c-4a53-8f99-132686d98ead,1,a4766,10.9879955243725,8,2,10,2026-04-25
69ecf56bcd89df7bb59a646b,8e362728-d46c-4a53-8f99-132686d98ead,1,b4767,1.02735324301502,10,0,10,2026-04-25
69ecf56bcd89df7bb59a646b,8e362728-d46c-4a53-8f99-132686d98ead,1,a4768,86.1321193925345,9,1,10,2026-04-25
69ecf56bcd89df7bb59a646b,8e362728-d46c-4a53-8f99-132686d98ead,1,b4769,19.6762651987717,10,0,10,2026-04-25
69ecf56bcd89df7bb59a646b,8e362728-d46c-4a53-8f99-132686d98ead,1,a4770,10.8814306196453,10,0,10,2026-04-25
69ecf56bcd89df7bb59a646b,8e362728-d46c-4a53-8f99-132686d98ead,1,b4771,-19.0396692010654,9,1,10,2026-04-25
69ecf56bcd89df7bb59a646b,8e362728-d46c-4a53-8f99-132686d98ead,1,a4772,-32.9515381202395,10,0,10,2026-04-25
69ecf56bcd89df7bb59a646b,8e362728-d46c-4a53-8f99-132686d98ead,1,b4773,0,0,10,10,2026-04-25
69ecf56bcd89df7bb59a646b,8e362728-d46c-4a53-8f99-132686d98ead,1,a4774,53.5771719240153,8,2,10,2026-04-25
69ecf56bcd89df7bb59a646b,8e362728-d46c-4a53-8f99-132686d98ead,1,a4786,15.9248606608061,9,1,10,2026-04-25
69ecf56bcd89df7bb59a646b,8e362728-d46c-4a53-8f99-132686d98ead,1,b4787,-68.4504456555603,10,0,10,2026-04-25
69ecf56bcd89df7bb59a646b,8e362728-d46c-4a53-8f99-132686d98ead,1,a4788,3.97866912552783,10,0,10,2026-04-25
69ecf56bcd89df7bb59a646b,8e362728-d46c-4a53-8f99-132686d98ead,1,b4789,-9.12486203169716,10,0,10,2026-04-25
69ecf56bcd89df7bb59a646b,8e362728-d46c-4a53-8f99-132686d98ead,1,a4790,-22.9630577857072,10,0,10,2026-04-25
69ecf56bcd89df7bb59a646b,8e362728-d46c-4a53-8f99-132686d98ead,1,b4791,-17.0151759423554,10,0,10,2026-04-25
69ecf56bcd89df7bb59a646b,8e362728-d46c-4a53-8f99-132686d98ead,1,a4792,57.4182924655907,10,0,10,2026-04-25
69ecf56bcd89df7bb59a646b,8e362728-d46c-4a53-8f99-132686d98ead,1,b4793,20.2188934346611,10,0,10,2026-04-25
69ecf56bcd89df7bb59a646b,8e362728-d46c-4a53-8f99-132686d98ead,1,a4794,71.1063348865296,9,1,10,2026-04-26
69ecf56bcd89df7bb59a646b,8e362728-d46c-4a53-8f99-132686d98ead,1,b4803,12.9968775079114,10,0,10,2026-04-26
69ecf56bcd89df7bb59a646b,8e362728-d46c-4a53-8f99-132686d98ead,1,a4804,2.7469658344572,9,1,10,2026-04-26
69ecf56bcd89df7bb59a646b,8e362728-d46c-4a53-8f99-132686d98ead,1,b4805,23.5682146757742,10,0,10,2026-04-26
69ecf56bcd89df7bb59a646b,8e362728-d46c-4a53-8f99-132686d98ead,1,a4806,35.7918342172151,10,0,10,2026-04-26
69ecf56bcd89df7bb59a646b,8e362728-d46c-4a53-8f99-132686d98ead,1,b4807,-53.014443988138,10,0,10,2026-04-26
69ecf56bcd89df7bb59a646b,8e362728-d46c-4a53-8f99-132686d98ead,1,a4808,-22.750823708422,9,1,10,2026-04-26
69ecf56bcd89df7bb59a646b,8e362728-d46c-4a53-8f99-132686d98ead,1,b4809,-72.7885324655934,10,0,10,2026-04-26
69ecf56bcd89df7bb59a646b,8e362728-d46c-4a53-8f99-132686d98ead,1,a4810,79.2764605022124,10,0,10,2026-04-26
69ecf56bcd89df7bb59a646b,8e362728-d46c-4a53-8f99-132686d98ead,1,a4812,27.5607230734991,10,0,10,2026-04-29
69ecf5becd89df7bb59a6477,cb5c6ba2-225d-457f-b828-20dd7e91fa73,1,b4763,5.8681669542473,0,10,10,2026-04-25
69ecf5becd89df7bb59a6477,cb5c6ba2-225d-457f-b828-20dd7e91fa73,1,a4764,-11.3216696204853,10,0,10,2026-04-25
69ecf5becd89df7bb59a6477,cb5c6ba2-225d-457f-b828-20dd7e91fa73,1,a4774,53.5771719240153,10,0,10,2026-04-25
69ecf5becd89df7bb59a6477,cb5c6ba2-225d-457f-b828-20dd7e91fa73,1,b4775,12.2848571517495,10,0,10,2026-04-25
69ecf5becd89df7bb59a6477,cb5c6ba2-225d-457f-b828-20dd7e91fa73,1,a4776,7.02618659086213,9,1,10,2026-04-25
69ecf5becd89df7bb59a6477,cb5c6ba2-225d-457f-b828-20dd7e91fa73,1,b4777,-8.04433015004403,7,3,10,2026-04-25
69ecf5becd89df7bb59a6477,cb5c6ba2-225d-457f-b828-20dd7e91fa73,1,a4778,-45.891296055993,10,0,10,2026-04-25
69ecf5becd89df7bb59a6477,cb5c6ba2-225d-457f-b828-20dd7e91fa73,1,b4779,-61.7793584858573,9,1,10,2026-04-25
69ecf5becd89df7bb59a6477,cb5c6ba2-225d-457f-b828-20dd7e91fa73,1,a4780,2.78267589048118,9,1,10,2026-04-25
69ecf5becd89df7bb59a6477,cb5c6ba2-225d-457f-b828-20dd7e91fa73,1,b4781,0.648393918549212,1,9,10,2026-04-25
69ecf5becd89df7bb59a6477,cb5c6ba2-225d-457f-b828-20dd7e91fa73,1,a4786,5.61604827414708,1,9,10,2026-04-26
