UserID,UserToken,Gate,Section,Score,Yes,No,Total,SessionDate
697e393fb4bc909da3047a94,333f3d6b-6b70-47aa-a999-1ca4cfe4d2fe,1,a1385,-56.4441153617962,10,0,10,2026-01-31
697e393fb4bc909da3047a94,333f3d6b-6b70-47aa-a999-1ca4cfe4d2fe,2,a1383,-37.0932936505602,10,0,10,2026-01-31
697e393fb4bc909da3047a94,333f3d6b-6b70-47aa-a999-1ca4cfe4d2fe,1,a1381,71.902373992203,10,0,10,2026-02-15
697e393fb4bc909da3047a94,333f3d6b-6b70-47aa-a999-1ca4cfe4d2fe,3,b1178,48.4282652238469,10,0,10,2026-02-16
697e393fb4bc909da3047a94,333f3d6b-6b70-47aa-a999-1ca4cfe4d2fe,4,a1163,77.2911990228818,10,0,10,2026-02-17
697e393fb4bc909da3047a94,333f3d6b-6b70-47aa-a999-1ca4cfe4d2fe,5,a1165,-1.0165871443907,10,0,10,2026-02-18
697e393fb4bc909da3047a94,333f3d6b-6b70-47aa-a999-1ca4cfe4d2fe,6,b1154,0,0,10,10,2026-02-19
697e393fb4bc909da3047a94,333f3d6b-6b70-47aa-a999-1ca4cfe4d2fe,6,a1249,0,0,10,10,2026-02-19
697f84d1f3483b3eaa36da9a,047a95cf-81b7-484a-b6f0-92644a565232,1,a1377,-52.5596955394805,9,1,10,2026-02-01
697f84d1f3483b3eaa36da9a,047a95cf-81b7-484a-b6f0-92644a565232,2,a1383,-37.0932936505602,10,0,10,2026-02-01
697f84d1f3483b3eaa36da9a,047a95cf-81b7-484a-b6f0-92644a565232,3,a1381,71.902373992203,10,0,10,2026-02-01
697f84d1f3483b3eaa36da9a,047a95cf-81b7-484a-b6f0-92644a565232,4,a1379,-1.74963206541939,10,0,10,2026-02-01
697f84d1f3483b3eaa36da9a,047a95cf-81b7-484a-b6f0-92644a565232,5,b1378,49.9588705154382,10,0,10,2026-02-01
697f84d1f3483b3eaa36da9a,047a95cf-81b7-484a-b6f0-92644a565232,6,b1376,20.945728681742,10,0,10,2026-02-01
697f84d1f3483b3eaa36da9a,047a95cf-81b7-484a-b6f0-92644a565232,7,b1376,20.945728681742,9,1,10,2026-02-01
697faaa67b7d0a8f5858db6e,c545a6ab-736f-458f-a395-4a024a601999,1,b1374,-60.4878646044877,7,1,8,2026-02-01
6981200436e54ad58cd99502,4fb67586-a2b1-4ebf-b25f-17397e45a1bb,1,b1366,6.10469774814752,1,0,1,2026-02-02
6984124b4bfcefda256ef0d2,55d07b01-bcbf-424a-a75d-23e41035f5bc,1,b1372,-16.4827251369834,10,0,10,2026-02-05
6984124b4bfcefda256ef0d2,55d07b01-bcbf-424a-a75d-23e41035f5bc,2,b1372,-8.55822235723023,2,1,3,2026-03-17
6985884bed4f55686dbd3241,1c6b8c17-2ef6-4e50-a931-5e1befcfec66,1,b1362,55.6425989330027,10,0,10,2026-02-06
6985884bed4f55686dbd3241,1c6b8c17-2ef6-4e50-a931-5e1befcfec66,2,a1361,10.0908767757328,1,1,2,2026-02-06
69864d5f5167bea6207e1e46,75f8ac9f-4790-454c-aa31-5cef265582de,1,b1360,-20.8299653387884,3,0,3,2026-02-06
6988fcd6212560bfa4580996,463117c5-96ad-40af-83dd-72df7bda4324,1,a1355,30.8320234977581,9,1,10,2026-02-08
6988fcd6212560bfa4580996,463117c5-96ad-40af-83dd-72df7bda4324,1,b1354,16.3786394169167,1,0,1,2026-02-08
6989087c212560bfa45816ad,f64ae679-1862-40c5-9db2-fecc3e1df81e,1,a1369,14.2157799225993,10,0,10,2026-02-08
69890d94212560bfa458234b,1041e241-512e-4da2-86b3-6788368e9e85,1,b1358,-25.6264100275007,9,0,9,2026-02-08
69890e7f212560bfa45823f9,daeb743f-35cc-4959-a2dc-bf6237f89d9e,1,a1357,82.3971793570953,4,1,5,2026-02-08
69890fd1212560bfa45829fd,0d57247c-5923-4940-a6fa-34d6919c63f7,1,a1353,14.0176140024362,8,2,10,2026-02-08
698912c0212560bfa4583231,83a70aa5-971a-43cb-8f16-96afca02b9f1,1,a1351,11.4656152786114,10,0,10,2026-02-08
698912c0212560bfa4583231,83a70aa5-971a-43cb-8f16-96afca02b9f1,2,b1350,-88.0095504755231,10,0,10,2026-02-08
698912c0212560bfa4583231,83a70aa5-971a-43cb-8f16-96afca02b9f1,3,a1349,47.9024441496763,9,1,10,2026-02-13
698912c0212560bfa4583231,83a70aa5-971a-43cb-8f16-96afca02b9f1,3,a1211,-36.5632345138622,10,0,10,2026-02-16
698912c0212560bfa4583231,83a70aa5-971a-43cb-8f16-96afca02b9f1,4,a1177,0.816497798284693,10,0,10,2026-02-16
698912c0212560bfa4583231,83a70aa5-971a-43cb-8f16-96afca02b9f1,5,b1176,-5.8213730020159,10,0,10,2026-02-22
698912c0212560bfa4583231,83a70aa5-971a-43cb-8f16-96afca02b9f1,6,a1123,-96.0374761474551,7,3,10,2026-02-22
698912c0212560bfa4583231,83a70aa5-971a-43cb-8f16-96afca02b9f1,6,a1069,-11.4307509761085,10,0,10,2026-02-28
698912c0212560bfa4583231,83a70aa5-971a-43cb-8f16-96afca02b9f1,7,b1068,8.34271889685015,10,0,10,2026-02-28
698912c0212560bfa4583231,83a70aa5-971a-43cb-8f16-96afca02b9f1,1,a1067,-51.4761550258036,10,0,10,2026-03-15
698912c0212560bfa4583231,83a70aa5-971a-43cb-8f16-96afca02b9f1,2,b552,7.25208524221895,10,0,10,2026-03-22
698912c0212560bfa4583231,83a70aa5-971a-43cb-8f16-96afca02b9f1,2,b772,18.0406391973021,10,0,10,2026-04-15
698912c0212560bfa4583231,83a70aa5-971a-43cb-8f16-96afca02b9f1,2,b4001,-1.81531805929351,10,0,10,2026-04-17
698912c0212560bfa4583231,83a70aa5-971a-43cb-8f16-96afca02b9f1,3,a4040,58.8549847381103,10,0,10,2026-04-18
698912c0212560bfa4583231,83a70aa5-971a-43cb-8f16-96afca02b9f1,4,a4156,-29.5470565318749,10,0,10,2026-04-25
698912c0212560bfa4583231,83a70aa5-971a-43cb-8f16-96afca02b9f1,4,b4747,-14.4264923164124,9,1,10,2026-05-02
69891d6e212560bfa4584629,576cdbd3-4e57-4bb7-bdd9-0da47bbb8694,1,b1348,0.309772768381873,5,0,5,2026-02-08
6989203b212560bfa4584dca,fc52dc5a-07fb-447c-a136-2ffc7afe72b5,1,b1346,67.752190303848,10,0,10,2026-02-08
6989203b212560bfa4584dca,fc52dc5a-07fb-447c-a136-2ffc7afe72b5,2,a1345,-8.88667922579261,8,2,10,2026-02-08
6989203b212560bfa4584dca,fc52dc5a-07fb-447c-a136-2ffc7afe72b5,2,b1250,-6.65737190576198,1,0,1,2026-02-11
6989203b212560bfa4584dca,fc52dc5a-07fb-447c-a136-2ffc7afe72b5,3,a1249,58.2465946336283,10,0,10,2026-02-11
698929bd212560bfa4585718,3c82403f-2cea-40a5-89e6-2895baff2866,1,b1344,18.9472694146034,10,0,10,2026-02-09
69893569212560bfa4586c14,15c85fd1-15f1-453c-8536-e7ab1d2be403,1,a1341,-37.0539919718271,10,0,10,2026-02-09
69893569212560bfa4586c14,15c85fd1-15f1-453c-8536-e7ab1d2be403,2,b1340,-10.7761987733651,10,0,10,2026-02-09
69893569212560bfa4586c14,15c85fd1-15f1-453c-8536-e7ab1d2be403,3,a1339,8.41120682510748,10,0,10,2026-02-09
69893569212560bfa4586c14,15c85fd1-15f1-453c-8536-e7ab1d2be403,4,b1334,17.2000907411454,10,0,10,2026-02-09
69893569212560bfa4586c14,15c85fd1-15f1-453c-8536-e7ab1d2be403,5,b1336,-58.6012056476018,10,0,10,2026-02-09
69893569212560bfa4586c14,15c85fd1-15f1-453c-8536-e7ab1d2be403,6,b1308,-19.9204003706537,9,1,10,2026-02-10
69893569212560bfa4586c14,15c85fd1-15f1-453c-8536-e7ab1d2be403,7,a1269,90.0564106877868,10,0,10,2026-02-10
69893569212560bfa4586c14,15c85fd1-15f1-453c-8536-e7ab1d2be403,1,b1268,0,0,1,1,2026-03-11
698944ed148ad96a60ab04a7,e0d124d1-0e70-4aa8-af5a-d28fd68bc658,1,b1338,-42.3313271125866,10,0,10,2026-02-09
6989450d148ad96a60ab0717,8803aebc-2efc-4d93-8f66-af85e860be94,1,b1336,-51.166940482911,8,2,10,2026-02-09
698945b0148ad96a60ab0a94,82f70f08-7e4f-432f-bd39-76261e8e403b,1,a1337,-30.5087831454953,1,1,2,2026-02-09
69895ac7148ad96a60ab63f7,f9f382ea-5a5b-49c1-a6d7-34889478b7d0,1,b1332,-16.1450953335167,2,0,2,2026-02-09
69895ec6148ad96a60ab749d,09e06b02-9157-43d7-85dc-c08855672dad,1,a1331,-86.6706892274507,10,0,10,2026-02-12
69895ec6148ad96a60ab749d,09e06b02-9157-43d7-85dc-c08855672dad,2,a1209,7.19992192582695,9,1,10,2026-02-13
69895ec6148ad96a60ab749d,09e06b02-9157-43d7-85dc-c08855672dad,3,a1141,32.1962355319011,9,1,10,2026-02-20
6989988ca413434bd676e59e,41e03bd9-c40e-4282-b0ad-ac1c939b33be,1,b1328,-2.22949706197852,10,0,10,2026-02-09
6989988ca413434bd676e59e,41e03bd9-c40e-4282-b0ad-ac1c939b33be,2,a1327,-11.7998013260316,10,0,10,2026-02-09
6989988ca413434bd676e59e,41e03bd9-c40e-4282-b0ad-ac1c939b33be,3,b1326,29.2876662445602,10,0,10,2026-02-09
6989988ca413434bd676e59e,41e03bd9-c40e-4282-b0ad-ac1c939b33be,4,a1325,137.028162363704,10,0,10,2026-02-09
6989988ca413434bd676e59e,41e03bd9-c40e-4282-b0ad-ac1c939b33be,5,b1324,2.3414295236345,10,0,10,2026-02-09
6989988ca413434bd676e59e,41e03bd9-c40e-4282-b0ad-ac1c939b33be,6,a1323,21.9707367021288,10,0,10,2026-02-09
6989988ca413434bd676e59e,41e03bd9-c40e-4282-b0ad-ac1c939b33be,7,b1322,-21.025977749841,10,0,10,2026-02-09
6989d64382eec9910a306d8f,553a5d40-6093-40f3-a410-b812388b0dbf,1,a1319,3.55168260785203,10,0,10,2026-02-09
6989e7ddba7b0933880497ce,6882f6d6-c922-4f41-b7bd-b2ae4b23eeba,1,a1317,39.2472262746881,10,0,10,2026-02-09
6989e7ddba7b0933880497ce,6882f6d6-c922-4f41-b7bd-b2ae4b23eeba,2,b1316,-7.13310072291517,10,0,10,2026-02-09
6989e7ddba7b0933880497ce,6882f6d6-c922-4f41-b7bd-b2ae4b23eeba,3,a1315,-11.3684818125343,10,0,10,2026-02-09
6989e7ddba7b0933880497ce,6882f6d6-c922-4f41-b7bd-b2ae4b23eeba,4,b1314,25.3755378395255,10,0,10,2026-02-09
6989e7f9ba7b093388049b41,468b4401-a2d6-4baa-9fd7-57d7b2704c34,1,a1317,51.0602428489236,10,0,10,2026-02-09
6989f171ba7b09338804cd92,9b7ce601-d3b1-4c71-8c1c-f2614272b86f,1,a1313,-52.8936389570396,10,0,10,2026-02-09
6989f171ba7b09338804cd92,9b7ce601-d3b1-4c71-8c1c-f2614272b86f,2,b1312,10.9378921857827,10,0,10,2026-02-09
6989f171ba7b09338804cd92,9b7ce601-d3b1-4c71-8c1c-f2614272b86f,3,b1302,63.2278403530445,10,0,10,2026-02-09
6989f8deba7b09338804eb30,0c722653-5a5e-4134-a0ce-06091f49103b,1,a1367,-47.1481625333491,10,0,10,2026-02-12
6989f8deba7b09338804eb30,0c722653-5a5e-4134-a0ce-06091f49103b,2,b1364,-52.9827598016505,10,0,10,2026-02-18
6989f8deba7b09338804eb30,0c722653-5a5e-4134-a0ce-06091f49103b,3,a1361,82.6969729815095,10,0,10,2026-02-18
6989f8deba7b09338804eb30,0c722653-5a5e-4134-a0ce-06091f49103b,4,b1304,1.46860044975282,10,0,10,2026-02-26
6989f8deba7b09338804eb30,0c722653-5a5e-4134-a0ce-06091f49103b,5,b1304,1.46860044975282,10,0,10,2026-03-18
6989f8deba7b09338804eb30,0c722653-5a5e-4134-a0ce-06091f49103b,6,a645,-31.0981091893778,2,0,2,2026-04-23
6989fc23ba7b09338804f6a4,22545bc2-a42f-4ff1-b1db-4d8dcd2524ff,1,a1311,59.2485106406986,9,1,10,2026-02-09
6989fc23ba7b09338804f6a4,22545bc2-a42f-4ff1-b1db-4d8dcd2524ff,2,b1310,17.6154375719225,10,0,10,2026-02-09
6989fc23ba7b09338804f6a4,22545bc2-a42f-4ff1-b1db-4d8dcd2524ff,3,a1309,23.4962691425102,10,0,10,2026-02-09
6989fc23ba7b09338804f6a4,22545bc2-a42f-4ff1-b1db-4d8dcd2524ff,4,b1308,-19.9204003706537,10,0,10,2026-02-09
6989fc23ba7b09338804f6a4,22545bc2-a42f-4ff1-b1db-4d8dcd2524ff,5,a1307,55.7134871730947,10,0,10,2026-02-09
6989fc23ba7b09338804f6a4,22545bc2-a42f-4ff1-b1db-4d8dcd2524ff,6,b1306,-53.4721473408636,10,0,10,2026-02-09
6989fc23ba7b09338804f6a4,22545bc2-a42f-4ff1-b1db-4d8dcd2524ff,7,a1305,-12.0123860687647,10,0,10,2026-02-09
698a3cf2614ea119306e0e7c,94ad3d22-0f61-48cf-855a-bdf7c6a85da8,1,b1300,-33.5139771492881,10,0,10,2026-02-09
698a3cf2614ea119306e0e7c,94ad3d22-0f61-48cf-855a-bdf7c6a85da8,2,a1299,-9.71192300375344,10,0,10,2026-02-09
698adf7c2727d9da0d763ec9,796dfde6-50ff-44b2-899b-63ac74e9956e,1,a1287,-88.407539724693,10,0,10,2026-02-10
698adf7c2727d9da0d763ec9,796dfde6-50ff-44b2-899b-63ac74e9956e,2,b1286,63.1798599997802,10,0,10,2026-02-11
698adf7c2727d9da0d763ec9,796dfde6-50ff-44b2-899b-63ac74e9956e,3,a1279,-75.0804883390979,10,0,10,2026-02-11
698adf7c2727d9da0d763ec9,796dfde6-50ff-44b2-899b-63ac74e9956e,4,b1262,5.88282173540729,8,2,10,2026-02-26
698adf7c2727d9da0d763ec9,796dfde6-50ff-44b2-899b-63ac74e9956e,4,b1086,-0.769990333433572,10,0,10,2026-03-08
698adf7c2727d9da0d763ec9,796dfde6-50ff-44b2-899b-63ac74e9956e,5,a881,-27.72994239354,10,0,10,2026-03-09
698adf7c2727d9da0d763ec9,796dfde6-50ff-44b2-899b-63ac74e9956e,6,a871,-64.1800447176628,10,0,10,2026-03-14
698b379db8541daaf787eb84,55fb7cb1-7b30-44a9-aba5-bc779fd09ace,1,b1280,-10.2116421344923,9,1,10,2026-03-23
698b379db8541daaf787eb84,55fb7cb1-7b30-44a9-aba5-bc779fd09ace,2,a829,7.64896745909786,7,3,10,2026-03-23
698b379db8541daaf787eb84,55fb7cb1-7b30-44a9-aba5-bc779fd09ace,3,b830,19.0035590169166,8,2,10,2026-03-23
698b4439b8541daaf7884230,550e0103-a826-40e1-af42-68bf7d076ea2,1,a1279,-75.0804883390979,10,0,10,2026-02-10
698b70bbfea37acd5220b419,0002627c-7897-45a2-9ef2-cd4a565d038c,1,a1277,-105.679825594098,10,0,10,2026-02-10
698b70bbfea37acd5220b419,0002627c-7897-45a2-9ef2-cd4a565d038c,2,b1276,53.414609781585,10,0,10,2026-02-10
698b70bbfea37acd5220b419,0002627c-7897-45a2-9ef2-cd4a565d038c,3,a1275,-39.1999766246831,10,0,10,2026-02-10
698b70bbfea37acd5220b419,0002627c-7897-45a2-9ef2-cd4a565d038c,4,b1274,25.5491757410085,10,0,10,2026-02-10
698b70bbfea37acd5220b419,0002627c-7897-45a2-9ef2-cd4a565d038c,5,a1273,91.5455133377657,10,0,10,2026-02-10
698b70bbfea37acd5220b419,0002627c-7897-45a2-9ef2-cd4a565d038c,6,b1272,-2.10801559521023,10,0,10,2026-02-10
698b70bbfea37acd5220b419,0002627c-7897-45a2-9ef2-cd4a565d038c,7,a1271,-39.0896827763301,10,0,10,2026-02-10
698b73a0fea37acd5220c0fe,25c9bcbf-bb2d-494c-9e5b-a05451055f7a,1,b1276,53.414609781585,10,0,10,2026-02-10
698ba080bd5c10495e3d5a6c,3c128d34-f551-401a-8250-b38a2f32bd90,1,b1268,-60.2731789590205,10,0,10,2026-02-10
698ba080bd5c10495e3d5a6c,3c128d34-f551-401a-8250-b38a2f32bd90,2,a1267,6.8667036726608,10,0,10,2026-02-10
698ba080bd5c10495e3d5a6c,3c128d34-f551-401a-8250-b38a2f32bd90,3,b1266,56.8483970059723,10,0,10,2026-02-10
698bc2bb5492ed58968e5ffe,16871688-3ec5-41d6-b6f5-6c086fdf6a50,1,b1264,-6.46600774493198,10,0,10,2026-02-10
698be4d5534721c406ef936d,9b30ab31-36eb-4240-9c49-a0e8a04df6c7,1,b1260,-20.747710360049,7,3,10,2026-02-11
698be4d5534721c406ef936d,9b30ab31-36eb-4240-9c49-a0e8a04df6c7,1,a1259,57.0321702069027,10,0,10,2026-02-11
698be4d5534721c406ef936d,9b30ab31-36eb-4240-9c49-a0e8a04df6c7,2,b1258,38.8673752349813,10,0,10,2026-02-11
698be4d5534721c406ef936d,9b30ab31-36eb-4240-9c49-a0e8a04df6c7,3,a1257,-209.889703990732,10,0,10,2026-02-11
698be4d5534721c406ef936d,9b30ab31-36eb-4240-9c49-a0e8a04df6c7,4,b1256,67.3468365829233,10,0,10,2026-02-11
698be4d5534721c406ef936d,9b30ab31-36eb-4240-9c49-a0e8a04df6c7,5,a1255,-8.35323793094867,10,0,10,2026-02-11
698be4d5534721c406ef936d,9b30ab31-36eb-4240-9c49-a0e8a04df6c7,6,b1254,43.7643696905773,10,0,10,2026-02-11
698be4d5534721c406ef936d,9b30ab31-36eb-4240-9c49-a0e8a04df6c7,7,a1247,-71.6500115748413,10,0,10,2026-02-11
698c4d4216ab20e84c2aa8ad,eb705983-989f-4f33-a297-113b41844d52,1,a1253,11.5883054995127,2,0,2,2026-02-11
698c629680afb0c8c22711c5,4d560337-d42c-4f96-b023-ed64465dbcab,1,b1252,4.60902491889335,1,0,1,2026-02-11
698cc0b4f70bda8edd7cddc6,f1051886-4d9f-4668-9815-fdb5e7f65392,1,b1248,56.0074092667084,6,4,10,2026-02-11
698cc0b4f70bda8edd7cddc6,f1051886-4d9f-4668-9815-fdb5e7f65392,2,b1240,44.6103365908805,10,0,10,2026-02-11
698cc0b4f70bda8edd7cddc6,f1051886-4d9f-4668-9815-fdb5e7f65392,3,a1239,40.5677662384985,10,0,10,2026-02-12
698cc0b4f70bda8edd7cddc6,f1051886-4d9f-4668-9815-fdb5e7f65392,4,b1238,7.471361381982,4,0,4,2026-02-12
698ce7d51641d1c81279f465,67f0f73e-1eef-43e9-a598-89ecdac4b910,1,a1245,-27.9416948061056,10,0,10,2026-02-11
698d0d799beddedd2ad7cbb3,8de854c9-f0cf-4734-9aa7-886b90228246,1,b1242,-12.1701893538926,9,1,10,2026-02-11
698d39f20643817c8eb9500b,77f9cdd5-2d94-4bc4-8b10-4761a5cbd6bd,1,a1237,41.103573824989,5,5,10,2026-02-12
698d39f20643817c8eb9500b,77f9cdd5-2d94-4bc4-8b10-4761a5cbd6bd,2,b1236,-20.5065908662421,10,0,10,2026-02-12
698d39f20643817c8eb9500b,77f9cdd5-2d94-4bc4-8b10-4761a5cbd6bd,3,a1235,-49.9895881533835,10,0,10,2026-02-12
698d39f20643817c8eb9500b,77f9cdd5-2d94-4bc4-8b10-4761a5cbd6bd,4,b1234,16.8264393311787,10,0,10,2026-02-12
698d39f20643817c8eb9500b,77f9cdd5-2d94-4bc4-8b10-4761a5cbd6bd,5,a1233,-17.483686938126,10,0,10,2026-02-12
698d39f20643817c8eb9500b,77f9cdd5-2d94-4bc4-8b10-4761a5cbd6bd,6,b1228,47.3694059684551,10,0,10,2026-02-13
698d39f20643817c8eb9500b,77f9cdd5-2d94-4bc4-8b10-4761a5cbd6bd,7,a1213,2.34852642022213,10,0,10,2026-02-13
698dfe0b51ac813e25098872,0a76b786-dd20-4f1a-b1d8-b6b2fc54121c,1,a1229,27.4143532872669,10,0,10,2026-02-12
698e23c95d18b928250eb7eb,17c8a753-062a-4fe8-b2e8-87d679c1f0b4,1,b1226,21.322196621152,10,0,10,2026-02-12
698e23c95d18b928250eb7eb,17c8a753-062a-4fe8-b2e8-87d679c1f0b4,2,a1225,41.5480387949135,10,0,10,2026-02-16
698e23c95d18b928250eb7eb,17c8a753-062a-4fe8-b2e8-87d679c1f0b4,3,b1164,92.6163137557074,10,0,10,2026-02-16
698e23c95d18b928250eb7eb,17c8a753-062a-4fe8-b2e8-87d679c1f0b4,4,a1163,77.2911990228818,10,0,10,2026-02-16
698e23c95d18b928250eb7eb,17c8a753-062a-4fe8-b2e8-87d679c1f0b4,5,b1162,64.3209481689645,10,0,10,2026-02-16
698e23c95d18b928250eb7eb,17c8a753-062a-4fe8-b2e8-87d679c1f0b4,6,a1161,-86.9551479912283,10,0,10,2026-02-17
698e23c95d18b928250eb7eb,17c8a753-062a-4fe8-b2e8-87d679c1f0b4,7,b1160,25.319445225521,10,0,10,2026-02-17
698e2d595d18b928250f3e28,9c3b8c03-65a0-4c02-aecd-9668db529848,1,b1224,-26.081041716268,10,0,10,2026-02-12
698e2d595d18b928250f3e28,9c3b8c03-65a0-4c02-aecd-9668db529848,2,a1223,-125.67595798737,9,1,10,2026-02-12
698e2d595d18b928250f3e28,9c3b8c03-65a0-4c02-aecd-9668db529848,2,a1221,25.1835880186737,10,0,10,2026-02-15
698e2d595d18b928250f3e28,9c3b8c03-65a0-4c02-aecd-9668db529848,3,b1220,19.6781739524148,10,0,10,2026-02-15
698e2d595d18b928250f3e28,9c3b8c03-65a0-4c02-aecd-9668db529848,4,a1187,15.1682596347254,9,1,10,2026-02-15
698e2d595d18b928250f3e28,9c3b8c03-65a0-4c02-aecd-9668db529848,5,b1186,49.1368942615587,10,0,10,2026-02-15
698e2d595d18b928250f3e28,9c3b8c03-65a0-4c02-aecd-9668db529848,6,a1185,32.8607209583199,10,0,10,2026-02-15
698e2d595d18b928250f3e28,9c3b8c03-65a0-4c02-aecd-9668db529848,6,b1184,-12.3487458103079,10,0,10,2026-02-15
698e2d595d18b928250f3e28,9c3b8c03-65a0-4c02-aecd-9668db529848,7,a1183,39.664270972334,10,0,10,2026-02-15
698e37695d18b928250f8c0a,0fb57f9b-6b05-4802-9aa2-971fbb305598,1,b1220,19.6781739524148,10,0,10,2026-02-12
698e37695d18b928250f8c0a,0fb57f9b-6b05-4802-9aa2-971fbb305598,2,a1219,62.7038102450652,10,0,10,2026-02-12
698e37695d18b928250f8c0a,0fb57f9b-6b05-4802-9aa2-971fbb305598,3,b1218,-69.5218289937869,10,0,10,2026-02-12
698e6c2ca222103aebe7cecf,190b01db-fb81-4894-966f-654fdebe5d74,1,a1217,-85.84839046613,10,0,10,2026-02-13
698e6c2ca222103aebe7cecf,190b01db-fb81-4894-966f-654fdebe5d74,2,b1216,-14.4546972114405,10,0,10,2026-02-13
698e6c2ca222103aebe7cecf,190b01db-fb81-4894-966f-654fdebe5d74,2,b1208,22.1542146721068,10,0,10,2026-02-13
698e6c2ca222103aebe7cecf,190b01db-fb81-4894-966f-654fdebe5d74,3,a1207,-83.8099083421718,10,0,10,2026-02-15
698e6c2ca222103aebe7cecf,190b01db-fb81-4894-966f-654fdebe5d74,4,a1179,-22.2158836512366,10,0,10,2026-02-16
698e6c2ca222103aebe7cecf,190b01db-fb81-4894-966f-654fdebe5d74,4,a1167,-54.9353275315137,10,0,10,2026-02-16
698e6c2ca222103aebe7cecf,190b01db-fb81-4894-966f-654fdebe5d74,5,b1166,-9.90740297537188,10,0,10,2026-02-19
698e6c2ca222103aebe7cecf,190b01db-fb81-4894-966f-654fdebe5d74,5,b1152,-33.2116168916453,10,0,10,2026-02-19
698e6c2ca222103aebe7cecf,190b01db-fb81-4894-966f-654fdebe5d74,1,a1151,26.8202435547126,10,0,10,2026-02-21
698e6c2ca222103aebe7cecf,190b01db-fb81-4894-966f-654fdebe5d74,1,b1126,-5.53866304012702,10,0,10,2026-02-21
698e6c2ca222103aebe7cecf,190b01db-fb81-4894-966f-654fdebe5d74,6,a1125,13.5045880793348,9,1,10,2026-02-21
698e6c2ca222103aebe7cecf,190b01db-fb81-4894-966f-654fdebe5d74,7,b1124,48.1701762269112,7,3,10,2026-02-23
698e6c2ca222103aebe7cecf,190b01db-fb81-4894-966f-654fdebe5d74,7,b1122,39.671924185053,10,0,10,2026-02-23
698e6c2ca222103aebe7cecf,190b01db-fb81-4894-966f-654fdebe5d74,1,a1121,3.37174316680121,10,0,10,2026-02-25
698e6c2ca222103aebe7cecf,190b01db-fb81-4894-966f-654fdebe5d74,2,b1112,-43.0585716730071,10,0,10,2026-02-27
698e6c2ca222103aebe7cecf,190b01db-fb81-4894-966f-654fdebe5d74,3,a1085,54.1118101233626,10,0,10,2026-02-27
698e6c2ca222103aebe7cecf,190b01db-fb81-4894-966f-654fdebe5d74,3,b1084,-19.6143386243256,9,1,10,2026-03-01
698e6c2ca222103aebe7cecf,190b01db-fb81-4894-966f-654fdebe5d74,4,b1060,3.90740805866992,10,0,10,2026-03-03
698e6c2ca222103aebe7cecf,190b01db-fb81-4894-966f-654fdebe5d74,5,b1034,-4.03619183683607,10,0,10,2026-03-05
698e6c2ca222103aebe7cecf,190b01db-fb81-4894-966f-654fdebe5d74,5,a1029,-29.8322778091408,10,0,10,2026-03-05
698e6c2ca222103aebe7cecf,190b01db-fb81-4894-966f-654fdebe5d74,5,b1028,-38.9576219707549,10,0,10,2026-03-07
698e6c2ca222103aebe7cecf,190b01db-fb81-4894-966f-654fdebe5d74,5,a923,-31.1112823828864,10,0,10,2026-03-07
698e6c2ca222103aebe7cecf,190b01db-fb81-4894-966f-654fdebe5d74,1,b922,-56.9965124919861,10,0,10,2026-03-24
698e6c2ca222103aebe7cecf,190b01db-fb81-4894-966f-654fdebe5d74,1,b1000,-2.66100113916783,10,0,10,2026-03-24
698e6c2ca222103aebe7cecf,190b01db-fb81-4894-966f-654fdebe5d74,2,a1007,-10.521683861464,8,2,10,2026-03-26
698e6c2ca222103aebe7cecf,190b01db-fb81-4894-966f-654fdebe5d74,4,a2641,46.968977965,10,0,10,2026-03-29
698e6c2ca222103aebe7cecf,190b01db-fb81-4894-966f-654fdebe5d74,4,b2924,-80.813544339,10,0,10,2026-03-29
698e6c2ca222103aebe7cecf,190b01db-fb81-4894-966f-654fdebe5d74,7,b2938,13.887263911,10,0,10,2026-04-22
698e6c2ca222103aebe7cecf,190b01db-fb81-4894-966f-654fdebe5d74,6,b4691,0,0,1,1,2026-04-22
698e6c2ca222103aebe7cecf,190b01db-fb81-4894-966f-654fdebe5d74,5,b4691,3.14377222176504,10,0,10,2026-04-22
698e6c2ca222103aebe7cecf,190b01db-fb81-4894-966f-654fdebe5d74,6,a4692,0,0,3,3,2026-04-28
698e6c2ca222103aebe7cecf,190b01db-fb81-4894-966f-654fdebe5d74,5,a4692,-6.78924590711995,10,0,10,2026-04-28
698e6c2ca222103aebe7cecf,190b01db-fb81-4894-966f-654fdebe5d74,5,b4867,13.463222111801,10,0,10,2026-04-30
698e6c2ca222103aebe7cecf,190b01db-fb81-4894-966f-654fdebe5d74,5,a4906,-7.44648343601263,10,0,10,2026-04-30
698e6c2ca222103aebe7cecf,190b01db-fb81-4894-966f-654fdebe5d74,4,b4907,-15.2574731221969,9,1,10,2026-05-08
698e6c2ca222103aebe7cecf,190b01db-fb81-4894-966f-654fdebe5d74,4,b5007,30.5405509848732,10,0,10,2026-05-08
698e73bca222103aebe8049e,39ddcf96-df10-4c0d-bafc-45d17e3406d4,1,a1215,15.05167092641,7,3,10,2026-02-13
698e8f5979e860a847e98594,959b5639-3486-45ce-9ef5-db64a2097fef,1,b1210,70.0341434469557,9,1,10,2026-02-20
698e8f5979e860a847e98594,959b5639-3486-45ce-9ef5-db64a2097fef,1,a1135,-49.5305266443592,10,0,10,2026-02-20
698e8f5979e860a847e98594,959b5639-3486-45ce-9ef5-db64a2097fef,2,b1134,8.95956237501479,9,1,10,2026-02-21
698e8f5979e860a847e98594,959b5639-3486-45ce-9ef5-db64a2097fef,2,b1360,-0.164813914510705,9,1,10,2026-02-21
698e8f5979e860a847e98594,959b5639-3486-45ce-9ef5-db64a2097fef,2,b1116,-19.5658222150173,9,1,10,2026-02-24
698e8f5979e860a847e98594,959b5639-3486-45ce-9ef5-db64a2097fef,2,a1115,41.3935816108717,9,1,10,2026-03-10
698e8f5979e860a847e98594,959b5639-3486-45ce-9ef5-db64a2097fef,2,a507,11.972611528612,10,0,10,2026-03-13
698e8f5979e860a847e98594,959b5639-3486-45ce-9ef5-db64a2097fef,3,b508,14.3787397288621,10,0,10,2026-03-13
698e8f5979e860a847e98594,959b5639-3486-45ce-9ef5-db64a2097fef,4,a509,-81.8123983966992,10,0,10,2026-03-13
698f74321f6b788ba1cdb96b,3157667d-0569-4c64-b59f-bc915f43499a,1,b1206,-49.7843249251956,10,0,10,2026-02-13
698f74321f6b788ba1cdb96b,3157667d-0569-4c64-b59f-bc915f43499a,2,a1205,33.5746220667065,10,0,10,2026-02-13
698f74321f6b788ba1cdb96b,3157667d-0569-4c64-b59f-bc915f43499a,3,b1204,4.95119180051492,9,1,10,2026-02-13
698fbe7dc27a39a5e8205daf,801d692f-3c3d-441b-8880-3ab1997fa47c,1,b1202,-62.3427252873855,10,0,10,2026-02-14
698fbe7dc27a39a5e8205daf,801d692f-3c3d-441b-8880-3ab1997fa47c,2,a1201,131.545419490213,10,0,10,2026-02-14
698fbe7dc27a39a5e8205daf,801d692f-3c3d-441b-8880-3ab1997fa47c,3,b1200,46.823199476592,10,0,10,2026-02-14
698fbe7dc27a39a5e8205daf,801d692f-3c3d-441b-8880-3ab1997fa47c,4,a1199,96.8468789088183,9,1,10,2026-02-20
698fbe7dc27a39a5e8205daf,801d692f-3c3d-441b-8880-3ab1997fa47c,4,b1132,55.08316633705,10,0,10,2026-02-21
69904df85ab902fa6ec08c8f,15ea7c7c-98e9-43c9-b7b3-edaff57f0c3d,1,a1197,13.0751481898236,10,0,10,2026-02-14
69904df85ab902fa6ec08c8f,15ea7c7c-98e9-43c9-b7b3-edaff57f0c3d,2,b1196,37.2380588137411,10,0,10,2026-02-14
69904df85ab902fa6ec08c8f,15ea7c7c-98e9-43c9-b7b3-edaff57f0c3d,3,a1195,82.6685894303255,10,0,10,2026-02-14
699071bacf00b48714e1a3cb,97bf69b3-e125-4508-8131-a69a507b50df,1,a1193,16.0681347231419,10,0,10,2026-02-14
699071bacf00b48714e1a3cb,97bf69b3-e125-4508-8131-a69a507b50df,2,b1192,-33.4060343184927,10,0,10,2026-02-14
699071bacf00b48714e1a3cb,97bf69b3-e125-4508-8131-a69a507b50df,3,a1191,-15.8256392061441,10,0,10,2026-02-14
699071bacf00b48714e1a3cb,97bf69b3-e125-4508-8131-a69a507b50df,4,b1190,-6.68438886500996,1,0,1,2026-02-14
699120370830feba1a75d153,8a2fb0ea-2afc-426f-bbb4-d28acecc9523,1,a1183,54.6516548109168,2,1,3,2026-02-23
6992d74354f87dc374f7d398,75e80e1e-700a-4292-ac81-346e8a808df1,1,a1175,63.7503286473931,10,0,10,2026-02-16
6992d74354f87dc374f7d398,75e80e1e-700a-4292-ac81-346e8a808df1,2,b1174,46.8550063067455,10,0,10,2026-02-16
6992d74354f87dc374f7d398,75e80e1e-700a-4292-ac81-346e8a808df1,3,a1173,-6.24416514815008,9,1,10,2026-02-16
6992d74354f87dc374f7d398,75e80e1e-700a-4292-ac81-346e8a808df1,4,b1172,-0.0108557715993403,10,0,10,2026-02-16
6992d74354f87dc374f7d398,75e80e1e-700a-4292-ac81-346e8a808df1,5,a1171,67.4956832850875,10,0,10,2026-02-16
6992d74354f87dc374f7d398,75e80e1e-700a-4292-ac81-346e8a808df1,6,b1170,-27.8900464375123,9,1,10,2026-02-16
6992d74354f87dc374f7d398,75e80e1e-700a-4292-ac81-346e8a808df1,7,a1169,61.3471937694054,10,0,10,2026-02-16
699479786dd5375ae4fd203f,6c45b5dc-b0ce-4475-a296-5c59add2de1e,1,b1128,20.2076910571765,10,0,10,2026-02-21
699479786dd5375ae4fd203f,6c45b5dc-b0ce-4475-a296-5c59add2de1e,2,a1127,-53.3099053823713,10,0,10,2026-02-21
6994f4e1c9e55b83a4a914cb,a7cf18ab-9e9e-4226-8084-c3b8e6f78bef,1,a1165,37.0889168055057,1,9,10,2026-02-20
69953c0cf3f9d0e9c4bcfbf2,6c65ea89-411c-4678-ada1-b9f5c384e74a,1,a1157,-85.0536797336658,10,0,10,2026-02-18
69953c0cf3f9d0e9c4bcfbf2,6c65ea89-411c-4678-ada1-b9f5c384e74a,2,a1361,82.6969729815095,10,0,10,2026-02-19
699605117aec5de13ec9e8e8,95ae9407-f8de-42b7-8497-9d60b2c65772,1,b1156,-29.1671377282682,10,0,10,2026-03-25
699605117aec5de13ec9e8e8,95ae9407-f8de-42b7-8497-9d60b2c65772,2,a1115,48.8923626846537,10,0,10,2026-03-25
699605117aec5de13ec9e8e8,95ae9407-f8de-42b7-8497-9d60b2c65772,3,a1117,99.945564550599,6,4,10,2026-03-25
699605117aec5de13ec9e8e8,95ae9407-f8de-42b7-8497-9d60b2c65772,3,a1129,-8.88854214797831,10,0,10,2026-03-25
699605117aec5de13ec9e8e8,95ae9407-f8de-42b7-8497-9d60b2c65772,4,a1131,72.5862408110525,9,1,10,2026-03-25
699605117aec5de13ec9e8e8,95ae9407-f8de-42b7-8497-9d60b2c65772,5,a2501,25.66639323,10,0,10,2026-03-25
699605117aec5de13ec9e8e8,95ae9407-f8de-42b7-8497-9d60b2c65772,6,b2502,30.783793057,8,2,10,2026-03-25
699605117aec5de13ec9e8e8,95ae9407-f8de-42b7-8497-9d60b2c65772,6,a2503,7.67911939,9,1,10,2026-03-25
699605117aec5de13ec9e8e8,95ae9407-f8de-42b7-8497-9d60b2c65772,7,b2504,-46.654762907,10,0,10,2026-03-25
699749ebf91975a0775fbed7,0e4939d3-55eb-4a91-a5f9-2d554c8db92c,1,b1150,-19.7456172191905,0,10,10,2026-03-20
699749ebf91975a0775fbed7,0e4939d3-55eb-4a91-a5f9-2d554c8db92c,1,b692,43.6163289014651,10,0,10,2026-03-20
699749ebf91975a0775fbed7,0e4939d3-55eb-4a91-a5f9-2d554c8db92c,1,a693,0,0,10,10,2026-03-20
699749ebf91975a0775fbed7,0e4939d3-55eb-4a91-a5f9-2d554c8db92c,1,b694,7.41557738791926,1,9,10,2026-03-20
69977421d6618d20365995e9,9b0982f3-aff5-4171-a67c-6a385ab023ef,1,b1146,-11.4833185771751,10,0,10,2026-02-19
69977421d6618d20365995e9,9b0982f3-aff5-4171-a67c-6a385ab023ef,2,a1145,-53.5250050911322,3,1,4,2026-02-19
69977925d6618d20365a08a9,3293bfcc-f3f1-4c26-89b5-3a4a12256434,1,b1144,6.94402282554291,9,1,10,2026-02-19
699806d3d3b803a21678be23,a6a70ab3-a011-4a64-834c-f3783f0294ef,1,b1140,85.3391616528516,10,0,10,2026-02-20
699806d3d3b803a21678be23,a6a70ab3-a011-4a64-834c-f3783f0294ef,2,a1139,-3.79318659882123,10,0,10,2026-02-20
69988e255ebef5467c44c9a6,3b393f06-53a9-43e8-bd41-5d14654db742,1,a1137,28.5166199926866,9,1,10,2026-02-23
69988e255ebef5467c44c9a6,3b393f06-53a9-43e8-bd41-5d14654db742,1,b1360,-0.164813914510705,9,1,10,2026-02-23
69988e255ebef5467c44c9a6,3b393f06-53a9-43e8-bd41-5d14654db742,1,a1347,-92.4528904595414,10,0,10,2026-03-03
69988e255ebef5467c44c9a6,3b393f06-53a9-43e8-bd41-5d14654db742,2,a1301,10.7874446886031,10,0,10,2026-03-03
69988e255ebef5467c44c9a6,3b393f06-53a9-43e8-bd41-5d14654db742,3,a1301,10.7874446886031,10,0,10,2026-05-05
69988e255ebef5467c44c9a6,3b393f06-53a9-43e8-bd41-5d14654db742,4,a4976,-52.084071758404,9,1,10,2026-05-08
6999add8d27d078a012a70d3,64c430cf-70b8-4fb0-8c2d-7fd3baf40a7d,1,b1130,-12.4208604261993,10,0,10,2026-02-21
699cba73d93049f0fd0e7336,b776d696-299d-4b3b-93d8-e53e07c03e0d,1,b1118,7.72109351752819,10,0,10,2026-02-23
699e732b377013efd3b00de3,6bccedfe-2565-4e28-8f45-dfe9a08c62ee,1,b1114,-33.5547744068416,10,0,10,2026-02-25
699e732b377013efd3b00de3,6bccedfe-2565-4e28-8f45-dfe9a08c62ee,2,a1113,58.5772557506894,9,1,10,2026-02-25
699f4df927e7bf1c286739e3,a4a5a70c-8b8f-494f-8f3c-a7c52b56e503,1,a1111,123.597111718792,10,0,10,2026-02-25
699f4df927e7bf1c286739e3,a4a5a70c-8b8f-494f-8f3c-a7c52b56e503,2,b1110,-0.842326623812856,10,0,10,2026-02-25
699f4df927e7bf1c286739e3,a4a5a70c-8b8f-494f-8f3c-a7c52b56e503,3,a1109,-15.0357000604035,10,0,10,2026-02-25
699f4df927e7bf1c286739e3,a4a5a70c-8b8f-494f-8f3c-a7c52b56e503,4,b1108,36.502841300724,10,0,10,2026-02-25
699f4df927e7bf1c286739e3,a4a5a70c-8b8f-494f-8f3c-a7c52b56e503,5,a1107,-2.9332994595559,10,0,10,2026-02-25
699f4df927e7bf1c286739e3,a4a5a70c-8b8f-494f-8f3c-a7c52b56e503,6,b1106,36.9119864057568,10,0,10,2026-02-25
699f4df927e7bf1c286739e3,a4a5a70c-8b8f-494f-8f3c-a7c52b56e503,7,a1105,-27.6474466257715,10,0,10,2026-02-25
699ff6d42621df190b7c9a80,e44a1945-179c-43aa-a0e9-b3a8039a019c,1,b1102,30.5104327661829,10,0,10,2026-02-26
699ff6d42621df190b7c9a80,e44a1945-179c-43aa-a0e9-b3a8039a019c,2,a1347,-92.4528904595414,10,0,10,2026-02-26
699ff6d42621df190b7c9a80,e44a1945-179c-43aa-a0e9-b3a8039a019c,3,a1343,71.6018154288145,10,0,10,2026-02-26
699ff6d42621df190b7c9a80,e44a1945-179c-43aa-a0e9-b3a8039a019c,4,a1335,28.4834775824934,10,0,10,2026-02-26
699ff6d42621df190b7c9a80,e44a1945-179c-43aa-a0e9-b3a8039a019c,5,a1333,-59.5065200246317,10,0,10,2026-02-26
699ff6d42621df190b7c9a80,e44a1945-179c-43aa-a0e9-b3a8039a019c,6,b1330,-1.82561747094241,10,0,10,2026-02-26
699ff6d42621df190b7c9a80,e44a1945-179c-43aa-a0e9-b3a8039a019c,7,b1330,-1.82561747094241,9,1,10,2026-02-26
699ff6d42621df190b7c9a80,e44a1945-179c-43aa-a0e9-b3a8039a019c,1,a1321,70.1926251492329,10,0,10,2026-02-26
699ff6d42621df190b7c9a80,e44a1945-179c-43aa-a0e9-b3a8039a019c,1,b1318,76.8759578623751,0,10,10,2026-02-26
69a09250ce3abbff64d5f480,2cbb2569-a430-409d-bcf6-c92ece3ea954,1,a1101,-15.6756048333515,10,0,10,2026-02-26
69a09250ce3abbff64d5f480,2cbb2569-a430-409d-bcf6-c92ece3ea954,1,b1100,-36.8264884675102,9,1,10,2026-02-26
69a096d0ce3abbff64d68036,d2b363e1-8364-4801-a93f-923e7e7597cb,1,b1100,-36.8264884675102,10,0,10,2026-02-26
69a096d0ce3abbff64d68036,d2b363e1-8364-4801-a93f-923e7e7597cb,2,a1099,36.4211716416356,10,0,10,2026-02-26
69a096d0ce3abbff64d68036,d2b363e1-8364-4801-a93f-923e7e7597cb,3,b1098,8.13936187022987,10,0,10,2026-02-26
69a096d0ce3abbff64d68036,d2b363e1-8364-4801-a93f-923e7e7597cb,4,a1097,60.7619670641441,9,1,10,2026-02-26
69a096d0ce3abbff64d68036,d2b363e1-8364-4801-a93f-923e7e7597cb,5,b1096,-0.466736925018889,10,0,10,2026-02-26
69a096d0ce3abbff64d68036,d2b363e1-8364-4801-a93f-923e7e7597cb,6,a1095,62.1913376694658,10,0,10,2026-02-26
69a096d0ce3abbff64d68036,d2b363e1-8364-4801-a93f-923e7e7597cb,7,b1094,35.1884212449969,10,0,10,2026-02-26
69a0ae44ce3abbff64d9a03d,69cb4e7f-aa70-472c-9f20-2f0ccf454ff2,1,b1092,-18.712406311236,10,0,10,2026-02-26
69a0b18fce3abbff64d9cdf7,bbe13fd1-d073-456c-bf96-ace5387e749b,1,a1091,-102.748458660684,7,3,10,2026-02-26
69a0b18fce3abbff64d9cdf7,bbe13fd1-d073-456c-bf96-ace5387e749b,2,b1090,-19.3254405505925,9,1,10,2026-02-26
69a0b18fce3abbff64d9cdf7,bbe13fd1-d073-456c-bf96-ace5387e749b,3,a1089,-26.537881844032,10,0,10,2026-02-26
69a0d05330126cf39aed760a,60566b01-8996-4f33-a18a-fb0f99bc4c2d,1,a1087,-1.29363503433478,2,6,8,2026-02-26
69a12ac860ef697ddb03bd96,299adb39-c6a6-484f-af6f-33bcd37f8392,1,b1082,-49.25456007557,10,0,10,2026-02-27
69a12ac860ef697ddb03bd96,299adb39-c6a6-484f-af6f-33bcd37f8392,2,a1081,-0.0453554503283087,7,0,7,2026-02-27
69a18be813a5124659093010,7a0d7155-2ed5-473a-81a0-8ea876ea2cc1,1,b1080,3.3592811311729,6,0,6,2026-02-27
69a1bbda6cc1c93978993437,f0222872-9489-4c95-a3d2-3f45cf1eff11,1,a1079,112.73456356617,9,1,10,2026-02-27
69a1bbda6cc1c93978993437,f0222872-9489-4c95-a3d2-3f45cf1eff11,1,b1078,-110.257268357758,10,0,10,2026-02-27
69a1bbda6cc1c93978993437,f0222872-9489-4c95-a3d2-3f45cf1eff11,2,a1077,-12.9511391671432,10,0,10,2026-02-27
69a1bbda6cc1c93978993437,f0222872-9489-4c95-a3d2-3f45cf1eff11,3,b1076,-2.59822753428222,10,0,10,2026-02-28
69a1bbda6cc1c93978993437,f0222872-9489-4c95-a3d2-3f45cf1eff11,4,a1063,124.951733351065,10,0,10,2026-03-02
69a1bbda6cc1c93978993437,f0222872-9489-4c95-a3d2-3f45cf1eff11,5,a1041,-51.8939672163529,10,0,10,2026-03-02
69a1bbda6cc1c93978993437,f0222872-9489-4c95-a3d2-3f45cf1eff11,6,b1040,19.2887705749,10,0,10,2026-03-02
69a1bbda6cc1c93978993437,f0222872-9489-4c95-a3d2-3f45cf1eff11,7,a1039,57.2515981243839,10,0,10,2026-03-03
69a1e49879f6b2413d869f1a,97df3d98-8bb0-4321-8e02-d787a8f953c1,1,a1075,30.8176036987136,10,0,10,2026-02-27
69a1e49879f6b2413d869f1a,97df3d98-8bb0-4321-8e02-d787a8f953c1,2,b1074,-14.17123732334,10,0,10,2026-02-27
69a1e49879f6b2413d869f1a,97df3d98-8bb0-4321-8e02-d787a8f953c1,3,a1073,-49.7468844167671,10,0,10,2026-02-27
69a1e49879f6b2413d869f1a,97df3d98-8bb0-4321-8e02-d787a8f953c1,4,b1072,-16.555293105037,10,0,10,2026-02-28
69a1e49879f6b2413d869f1a,97df3d98-8bb0-4321-8e02-d787a8f953c1,5,a1071,29.4375433717421,10,0,10,2026-03-01
69a1fc577376a3c6c97d6579,688cebc2-988f-47ec-8fc5-03c311aed011,1,a1073,-49.7468844167671,10,0,10,2026-02-27
69a1fc577376a3c6c97d6579,688cebc2-988f-47ec-8fc5-03c311aed011,2,a1303,16.7719728463939,10,0,10,2026-02-27
69a2ed442e60a6bc71a50a0a,41d0b1bb-f2d3-4ea8-a69e-360433a18cce,1,b1066,1.92013824724285,10,0,10,2026-02-28
69a2ed442e60a6bc71a50a0a,41d0b1bb-f2d3-4ea8-a69e-360433a18cce,2,a1065,93.1464835867434,10,0,10,2026-02-28
69a3baa216b1e51c0df4e100,a7411821-6348-41f2-a398-db3da08de084,1,a1061,4.9102011563655,10,0,10,2026-03-01
69a3f234a9fa11155aad86ca,64699393-942b-452d-9a3d-39a97de42b3d,1,a1059,10.9741588088574,10,0,10,2026-03-01
69a3f234a9fa11155aad86ca,64699393-942b-452d-9a3d-39a97de42b3d,2,b1058,104.680100706874,10,0,10,2026-03-01
69a3f234a9fa11155aad86ca,64699393-942b-452d-9a3d-39a97de42b3d,3,a1057,35.4793225373735,10,0,10,2026-03-01
69a3f234a9fa11155aad86ca,64699393-942b-452d-9a3d-39a97de42b3d,4,b1056,54.7724314177255,10,0,10,2026-03-01
69a3f234a9fa11155aad86ca,64699393-942b-452d-9a3d-39a97de42b3d,5,a1055,7.22581790715909,7,3,10,2026-03-01
69a3f234a9fa11155aad86ca,64699393-942b-452d-9a3d-39a97de42b3d,5,b1048,-16.6369534727918,1,0,1,2026-03-02
69a4a8c1830eb531e7679de2,dd73e6f3-c1a1-4c94-9cda-06f2210e5ef3,1,b1054,-153.922429332085,10,0,10,2026-03-01
69a4a8c1830eb531e7679de2,dd73e6f3-c1a1-4c94-9cda-06f2210e5ef3,2,a1053,52.7062000831526,10,0,10,2026-03-02
69a4a8c1830eb531e7679de2,dd73e6f3-c1a1-4c94-9cda-06f2210e5ef3,3,a1051,10.4932319048436,2,1,3,2026-03-02
69a4fbbd7f977654bfd7a99b,2aa739f5-dee6-45e0-8f55-573d383c5502,1,a1053,39.1050955099523,3,0,3,2026-03-02
69a5c7cccd4e529887b6ddd4,8ef5860b-428a-4a06-b4f1-c2928b57708e,1,a1047,-3.67024297074956,9,1,10,2026-03-02
69a5c7cccd4e529887b6ddd4,8ef5860b-428a-4a06-b4f1-c2928b57708e,2,b1046,2.17315413571426,10,0,10,2026-03-02
69a5c7cccd4e529887b6ddd4,8ef5860b-428a-4a06-b4f1-c2928b57708e,3,a1045,-31.7610891886274,10,0,10,2026-03-03
69a5c7cccd4e529887b6ddd4,8ef5860b-428a-4a06-b4f1-c2928b57708e,4,a1037,29.7117820287853,10,0,10,2026-03-03
69a5c7cccd4e529887b6ddd4,8ef5860b-428a-4a06-b4f1-c2928b57708e,5,b1036,69.3352805029887,10,0,10,2026-03-04
69a5c7cccd4e529887b6ddd4,8ef5860b-428a-4a06-b4f1-c2928b57708e,6,a1033,0,0,10,10,2026-03-04
69a5c7cccd4e529887b6ddd4,8ef5860b-428a-4a06-b4f1-c2928b57708e,6,b1032,0,0,1,1,2026-03-05
69a938fb841abfb5284073f7,62cdb42f-6e02-4f78-98f8-e4235f3c307b,1,a1027,80.5663496852884,10,0,10,2026-03-05
69a98ecea08c0430066c4e14,e30e6843-0fee-4886-b44d-19871864aa91,1,b1022,6.90881305487618,1,0,1,2026-03-05
69a9f648fade143cd6d6a09b,d7e1a40c-a7cc-4e6c-bd38-3ddc75efcf2f,1,a1021,35.9625598911683,9,1,10,2026-03-05
69a9f648fade143cd6d6a09b,d7e1a40c-a7cc-4e6c-bd38-3ddc75efcf2f,2,a1019,23.4861263489075,2,0,2,2026-03-05
69a9f6e1fade143cd6d6abe8,271c4efb-f1de-4d15-ba47-5a96e402215e,1,b1020,-46.5269262679239,7,3,10,2026-03-05
69a9f6e1fade143cd6d6abe8,271c4efb-f1de-4d15-ba47-5a96e402215e,2,b1298,-11.3624949118804,8,2,10,2026-03-05
69a9f6e1fade143cd6d6abe8,271c4efb-f1de-4d15-ba47-5a96e402215e,3,b1298,33.6075533056923,0,1,1,2026-03-06
69a9f86dfade143cd6d710fe,f0013657-e7c0-4e0f-b8b5-298ba4f42071,1,b1298,-11.3624949118804,10,0,10,2026-03-05
69a9f86dfade143cd6d710fe,f0013657-e7c0-4e0f-b8b5-298ba4f42071,2,b1298,-11.3624949118804,8,2,10,2026-03-05
69a9f92afade143cd6d71cdf,50cb713c-8667-49a0-b9c0-9f29d5266ad5,1,a1019,-52.5365782969895,10,0,10,2026-03-05
69a9f92afade143cd6d71cdf,50cb713c-8667-49a0-b9c0-9f29d5266ad5,2,a1017,-156.875713277762,9,1,10,2026-03-05
69a9f92afade143cd6d71cdf,50cb713c-8667-49a0-b9c0-9f29d5266ad5,2,b1020,-8.28207198440824,1,0,1,2026-03-05
69a9fb5afade143cd6d801f1,a7bbd5a3-593e-4543-94d9-b1cbdf2b4ff1,1,a1017,-149.037802599198,10,0,10,2026-03-05
69a9fb5afade143cd6d801f1,a7bbd5a3-593e-4543-94d9-b1cbdf2b4ff1,2,a1297,-108.281771190313,10,0,10,2026-03-05
69a9fb6afade143cd6d818ee,2c5a8b44-5c61-46e9-a40d-605ce8c5162f,1,b1016,-31.4042316197065,10,0,10,2026-03-05
69a9fb72fade143cd6d81912,16691f4e-cc66-4d7f-8c45-adc16e4bee71,1,a1017,-149.037802599198,10,0,10,2026-03-05
69a9fb72fade143cd6d81912,16691f4e-cc66-4d7f-8c45-adc16e4bee71,2,a1015,27.7227060998816,5,0,5,2026-03-05
69a9ffd5fade143cd6dbfab9,d8cc3ad1-9a10-4c26-9cca-732182a80c90,1,b1014,-21.8095067395175,9,1,10,2026-03-05
69a9ffd5fade143cd6dbfab9,d8cc3ad1-9a10-4c26-9cca-732182a80c90,2,a1013,11.5697497634588,10,0,10,2026-03-06
69aa0563fade143cd6ddcafc,9ba57ee0-8d18-48f3-9c60-aa9c2f82efdc,1,a1011,-24.4704383335409,10,0,10,2026-03-06
69aa0563fade143cd6ddcafc,9ba57ee0-8d18-48f3-9c60-aa9c2f82efdc,2,a943,9.71757083132433,10,0,10,2026-03-06
69aa0563fade143cd6ddcafc,9ba57ee0-8d18-48f3-9c60-aa9c2f82efdc,1,b944,-5.97200786248793,10,0,10,2026-03-06
69aa0563fade143cd6ddcafc,9ba57ee0-8d18-48f3-9c60-aa9c2f82efdc,3,a939,-40.5908880193347,10,0,10,2026-03-20
69aa0563fade143cd6ddcafc,9ba57ee0-8d18-48f3-9c60-aa9c2f82efdc,4,a711,23.4030435540686,10,0,10,2026-03-20
69aa0563fade143cd6ddcafc,9ba57ee0-8d18-48f3-9c60-aa9c2f82efdc,5,b712,-24.2898691813503,10,0,10,2026-03-31
69aa05a5fade143cd6ddd6d6,f2b2f8e1-85ee-4f51-8604-f2d74c58a60f,1,b1010,29.696277951448,10,0,10,2026-03-05
69aa05a5fade143cd6ddd6d6,f2b2f8e1-85ee-4f51-8604-f2d74c58a60f,2,a1009,44.0255091005053,4,0,4,2026-03-05
69aa091efade143cd6de5888,07e54419-c08f-43ad-b13a-07edeca0e1d5,1,a1009,-13.5283417262799,10,0,10,2026-03-06
69aa113bfade143cd6df810a,671251e1-6fea-4e07-81a4-098057e8bcfb,1,b1008,-47.5204044619851,10,0,10,2026-03-05
69aa15e5e6bc6b025094692a,b268ea2d-7f67-4a67-96d5-b5298f32ce83,1,b1006,59.3320001259048,10,0,10,2026-03-05
69aa15e5e6bc6b025094692a,b268ea2d-7f67-4a67-96d5-b5298f32ce83,2,a1005,-3.45572413215866,10,0,10,2026-03-06
69aa19b6e6bc6b025094a4e8,46f23676-7770-4094-ba21-7439c632028f,1,a1005,-13.8712628565557,1,0,1,2026-03-06
69aa1ba4e6bc6b0250951102,ab63091e-2599-42a3-9695-6c9c84a3427b,1,b1004,0,0,1,1,2026-03-06
69aa1ea7e6bc6b0250960a32,f84c17d2-be1a-48b8-bfd1-7db38659f7a6,1,a1003,-25.5668293294663,10,0,10,2026-03-06
69aa1ea7e6bc6b0250960a32,f84c17d2-be1a-48b8-bfd1-7db38659f7a6,2,b1002,0.947725154037791,10,0,10,2026-03-06
69aa1ea7e6bc6b0250960a32,f84c17d2-be1a-48b8-bfd1-7db38659f7a6,1,a1001,10.7650405218807,10,0,10,2026-03-06
69aa1ea7e6bc6b0250960a32,f84c17d2-be1a-48b8-bfd1-7db38659f7a6,3,b998,42.2795957358822,10,0,10,2026-03-06
69aa1ea7e6bc6b0250960a32,f84c17d2-be1a-48b8-bfd1-7db38659f7a6,4,a997,-71.6085569491148,9,1,10,2026-03-19
69aa1ea7e6bc6b0250960a32,f84c17d2-be1a-48b8-bfd1-7db38659f7a6,3,b674,37.2684121292795,7,3,10,2026-03-19
69aa1ea7e6bc6b0250960a32,f84c17d2-be1a-48b8-bfd1-7db38659f7a6,5,a675,-55.1653743760684,6,4,10,2026-03-19
69aa223be6bc6b0250967649,32e6f9a4-0c95-44ad-8f53-973764dcbb10,1,b1002,0.947725154037791,9,1,10,2026-03-06
69aa223be6bc6b0250967649,32e6f9a4-0c95-44ad-8f53-973764dcbb10,2,a1001,10.7650405218807,10,0,10,2026-03-06
69aa258de6bc6b0250975bba,210f0d6b-935c-43f1-951a-6385dcf2f382,1,b1000,17.1204690647108,3,1,4,2026-03-06
69aa2619e6bc6b0250978066,26a94da6-92f4-4f22-98d8-b2b4c61cad3f,1,a999,-66.9072964844903,9,1,10,2026-03-06
69aa2619e6bc6b0250978066,26a94da6-92f4-4f22-98d8-b2b4c61cad3f,2,b998,42.2795957358822,10,0,10,2026-03-06
69aa2619e6bc6b0250978066,26a94da6-92f4-4f22-98d8-b2b4c61cad3f,3,a995,-26.5245734184564,10,0,10,2026-03-06
69aa2619e6bc6b0250978066,26a94da6-92f4-4f22-98d8-b2b4c61cad3f,4,b994,22.7318894974314,9,1,10,2026-03-06
69aa2619e6bc6b0250978066,26a94da6-92f4-4f22-98d8-b2b4c61cad3f,5,a967,24.9780365909683,10,0,10,2026-03-06
69aa2619e6bc6b0250978066,26a94da6-92f4-4f22-98d8-b2b4c61cad3f,6,a957,-47.8828940927261,9,1,10,2026-03-06
69aa2619e6bc6b0250978066,26a94da6-92f4-4f22-98d8-b2b4c61cad3f,7,b956,64.1737549099337,10,0,10,2026-03-06
69aa2619e6bc6b0250978066,26a94da6-92f4-4f22-98d8-b2b4c61cad3f,1,a955,33.4764295950914,10,0,10,2026-03-06
69aa2619e6bc6b0250978066,26a94da6-92f4-4f22-98d8-b2b4c61cad3f,7,b954,-31.4751651741219,10,0,10,2026-03-06
69aa2619e6bc6b0250978066,26a94da6-92f4-4f22-98d8-b2b4c61cad3f,7,a953,-51.7156538899831,10,0,10,2026-03-08
69aa2619e6bc6b0250978066,26a94da6-92f4-4f22-98d8-b2b4c61cad3f,6,a877,25.2334545189454,10,0,10,2026-04-19
69aa32ace6bc6b02509b6e95,2c3d2c91-1368-4464-8538-b7dfc3840c41,1,b996,-6.10151501667504,10,0,10,2026-03-06
69aa32ace6bc6b02509b6e95,2c3d2c91-1368-4464-8538-b7dfc3840c41,2,a995,-26.5245734184564,10,0,10,2026-03-07
69aa3516e6bc6b02509cc2fc,368c1578-db03-4a78-9278-e07cd82a774d,1,a995,-26.5245734184564,10,0,10,2026-03-06
69aa3516e6bc6b02509cc2fc,368c1578-db03-4a78-9278-e07cd82a774d,2,b994,19.5057181292005,0,2,2,2026-03-06
69aa456fe6bc6b02509f9c32,6be9565c-3e02-4784-9a7d-ff813e6a7e60,1,a993,21.9820228974496,9,1,10,2026-03-06
69aa49c2e6bc6b0250a0d2a1,5cd11219-8ff8-405f-86e2-cdbda76e475c,1,b992,36.3822023417456,9,1,10,2026-03-06
69aa5018e6bc6b0250a1d72c,37e12a6d-28b7-4cf3-bda2-0dc72ef146cf,1,b990,-30.3472953979409,8,2,10,2026-03-06
69aa5018e6bc6b0250a1d72c,37e12a6d-28b7-4cf3-bda2-0dc72ef146cf,2,b988,0.746927422493171,10,0,10,2026-03-06
69aa5018e6bc6b0250a1d72c,37e12a6d-28b7-4cf3-bda2-0dc72ef146cf,3,a987,138.730778105464,8,2,10,2026-04-23
69aa5018e6bc6b0250a1d72c,37e12a6d-28b7-4cf3-bda2-0dc72ef146cf,3,b4693,5.05504559290321,10,0,10,2026-04-23
69aa5018e6bc6b0250a1d72c,37e12a6d-28b7-4cf3-bda2-0dc72ef146cf,4,a4694,0.00160093206143941,10,0,10,2026-04-23
69aa5018e6bc6b0250a1d72c,37e12a6d-28b7-4cf3-bda2-0dc72ef146cf,5,b4695,-41.5600755241632,9,1,10,2026-04-24
69aa5018e6bc6b0250a1d72c,37e12a6d-28b7-4cf3-bda2-0dc72ef146cf,3,a4714,-64.2543659408376,9,1,10,2026-04-24
69aa5018e6bc6b0250a1d72c,37e12a6d-28b7-4cf3-bda2-0dc72ef146cf,2,b4715,4.1583566871758,9,1,10,2026-04-25
69aa5018e6bc6b0250a1d72c,37e12a6d-28b7-4cf3-bda2-0dc72ef146cf,5,a4716,15.2550072123645,9,1,10,2026-04-25
69aa5018e6bc6b0250a1d72c,37e12a6d-28b7-4cf3-bda2-0dc72ef146cf,5,b4783,59.3865520347731,9,1,10,2026-04-25
69aa5018e6bc6b0250a1d72c,37e12a6d-28b7-4cf3-bda2-0dc72ef146cf,5,a4784,-85.1428437805249,8,2,10,2026-04-26
69aa5018e6bc6b0250a1d72c,37e12a6d-28b7-4cf3-bda2-0dc72ef146cf,3,a4798,-61.2116564849244,9,1,10,2026-04-26
69aa5018e6bc6b0250a1d72c,37e12a6d-28b7-4cf3-bda2-0dc72ef146cf,2,b4799,-39.2825311849875,8,2,10,2026-04-26
69aa5018e6bc6b0250a1d72c,37e12a6d-28b7-4cf3-bda2-0dc72ef146cf,2,a4800,9.32068121869201,1,0,1,2026-04-26
69aa5018e6bc6b0250a1d72c,37e12a6d-28b7-4cf3-bda2-0dc72ef146cf,3,b4801,31.6060141566334,8,2,10,2026-04-27
69aa5018e6bc6b0250a1d72c,37e12a6d-28b7-4cf3-bda2-0dc72ef146cf,3,b4819,16.2745841592768,1,0,1,2026-04-27
69aa5018e6bc6b0250a1d72c,37e12a6d-28b7-4cf3-bda2-0dc72ef146cf,3,b4843,-3.78183148279212,9,1,10,2026-04-28
69aa5018e6bc6b0250a1d72c,37e12a6d-28b7-4cf3-bda2-0dc72ef146cf,5,a4844,43.8217939781473,8,2,10,2026-04-28
69aa5018e6bc6b0250a1d72c,37e12a6d-28b7-4cf3-bda2-0dc72ef146cf,6,b4845,-27.9541499711329,9,1,10,2026-04-28
69aa5018e6bc6b0250a1d72c,37e12a6d-28b7-4cf3-bda2-0dc72ef146cf,5,a4846,-1.97782786171467,10,0,10,2026-04-29
69aa5018e6bc6b0250a1d72c,37e12a6d-28b7-4cf3-bda2-0dc72ef146cf,3,b4847,-28.2007486710761,9,1,10,2026-04-29
69aa5018e6bc6b0250a1d72c,37e12a6d-28b7-4cf3-bda2-0dc72ef146cf,3,a4882,-0.403514191939356,1,0,1,2026-04-29
69aa5018e6bc6b0250a1d72c,37e12a6d-28b7-4cf3-bda2-0dc72ef146cf,6,b4883,-39.0460114827694,10,0,10,2026-04-29
69aa5018e6bc6b0250a1d72c,37e12a6d-28b7-4cf3-bda2-0dc72ef146cf,7,a4884,-47.1579336169118,7,3,10,2026-05-03
69aa5018e6bc6b0250a1d72c,37e12a6d-28b7-4cf3-bda2-0dc72ef146cf,7,b4953,-29.9168922256698,10,0,10,2026-05-03
69aa5018e6bc6b0250a1d72c,37e12a6d-28b7-4cf3-bda2-0dc72ef146cf,5,a4954,-41.922985807313,9,1,10,2026-05-03
69aa5018e6bc6b0250a1d72c,37e12a6d-28b7-4cf3-bda2-0dc72ef146cf,5,b4955,17.8985926292806,1,0,1,2026-05-03
69aa5044e6bc6b0250a1d735,3825b207-f1cc-4b48-9fa4-1b54e77a9fc3,1,b990,-30.3472953979409,10,0,10,2026-03-06
69aa5044e6bc6b0250a1d735,3825b207-f1cc-4b48-9fa4-1b54e77a9fc3,2,b988,0.746927422493171,10,0,10,2026-03-06
69aa5155e6bc6b0250a1f084,ba19d75e-8b49-44df-8773-3342a03fca21,1,a989,-6.171275138726,10,0,10,2026-03-06
69aa5155e6bc6b0250a1f084,ba19d75e-8b49-44df-8773-3342a03fca21,2,b988,0.746927422493171,10,0,10,2026-03-06
69aa5155e6bc6b0250a1f084,ba19d75e-8b49-44df-8773-3342a03fca21,3,a929,77.6485717310663,10,0,10,2026-03-07
69aa5155e6bc6b0250a1f084,ba19d75e-8b49-44df-8773-3342a03fca21,4,b898,14.151375153265,10,0,10,2026-03-08
69aa5155e6bc6b0250a1f084,ba19d75e-8b49-44df-8773-3342a03fca21,5,b872,55.8330837456346,8,2,10,2026-03-09
69aa5155e6bc6b0250a1f084,ba19d75e-8b49-44df-8773-3342a03fca21,5,a513,-77.090019632252,10,0,10,2026-03-14
69aa5155e6bc6b0250a1f084,ba19d75e-8b49-44df-8773-3342a03fca21,6,a541,1.43287512542145,8,2,10,2026-03-15
69aa5155e6bc6b0250a1f084,ba19d75e-8b49-44df-8773-3342a03fca21,6,b560,14.2983079412535,7,3,10,2026-03-16
69aa5155e6bc6b0250a1f084,ba19d75e-8b49-44df-8773-3342a03fca21,6,a581,125.228348789576,10,0,10,2026-03-17
69aa5155e6bc6b0250a1f084,ba19d75e-8b49-44df-8773-3342a03fca21,7,a629,38.9559160873145,10,0,10,2026-03-17
69aa65df4be4b21c72f718e6,be716e5c-1626-4111-9fc5-1530be2bf6ef,1,a985,51.560548083735,10,0,10,2026-03-06
69aa65df4be4b21c72f718e6,be716e5c-1626-4111-9fc5-1530be2bf6ef,2,b984,76.9022154299379,10,0,10,2026-03-06
69aa65df4be4b21c72f718e6,be716e5c-1626-4111-9fc5-1530be2bf6ef,2,a983,-28.2128766611367,10,0,10,2026-03-09
69aa65df4be4b21c72f718e6,be716e5c-1626-4111-9fc5-1530be2bf6ef,3,b1086,-0.769990333433572,10,0,10,2026-03-09
69aa65df4be4b21c72f718e6,be716e5c-1626-4111-9fc5-1530be2bf6ef,4,b1028,-38.9576219707549,10,0,10,2026-03-09
69aa65df4be4b21c72f718e6,be716e5c-1626-4111-9fc5-1530be2bf6ef,5,b860,-45.2733382134383,10,0,10,2026-03-09
69aa65df4be4b21c72f718e6,be716e5c-1626-4111-9fc5-1530be2bf6ef,6,a859,-1.2544786185659,9,1,10,2026-03-09
69aa65df4be4b21c72f718e6,be716e5c-1626-4111-9fc5-1530be2bf6ef,7,b858,7.58128088620884,10,0,10,2026-03-09
69aa679e4be4b21c72f74bf2,ecfc1986-f349-4a97-a7fc-6d1c7c1c0273,1,b984,76.9022154299379,10,0,10,2026-03-06
69aa679e4be4b21c72f74bf2,ecfc1986-f349-4a97-a7fc-6d1c7c1c0273,2,a983,-28.2128766611367,10,0,10,2026-03-06
69aa6e204be4b21c72f84a94,17ad3eaf-d2b9-471a-b875-eee5722d9e72,1,a981,55.2588798685529,10,0,10,2026-03-06
69aa6e204be4b21c72f84a94,17ad3eaf-d2b9-471a-b875-eee5722d9e72,1,b980,-20.9076012997263,10,0,10,2026-03-06
69aa73f94be4b21c72f99d98,64a32c50-b5a0-4234-bc08-e32288f13eff,1,a979,-57.2957169252069,10,0,10,2026-03-06
69aa73f94be4b21c72f99d98,64a32c50-b5a0-4234-bc08-e32288f13eff,2,a977,-4.08234397704645,10,0,10,2026-03-06
69aa73f94be4b21c72f99d98,64a32c50-b5a0-4234-bc08-e32288f13eff,3,a975,46.8522688138323,8,2,10,2026-03-06
69aa73f94be4b21c72f99d98,64a32c50-b5a0-4234-bc08-e32288f13eff,3,b974,36.2573844584023,10,0,10,2026-03-06
69aa73f94be4b21c72f99d98,64a32c50-b5a0-4234-bc08-e32288f13eff,4,a973,-60.8291956320861,9,1,10,2026-03-06
69aa73f94be4b21c72f99d98,64a32c50-b5a0-4234-bc08-e32288f13eff,5,b958,40.7256509283705,10,0,10,2026-03-06
69aa73f94be4b21c72f99d98,64a32c50-b5a0-4234-bc08-e32288f13eff,6,b956,64.1737549099337,10,0,10,2026-03-06
69aa73f94be4b21c72f99d98,64a32c50-b5a0-4234-bc08-e32288f13eff,7,b952,16.877875148279,10,0,10,2026-03-06
69aa73f94be4b21c72f99d98,64a32c50-b5a0-4234-bc08-e32288f13eff,1,b950,-18.5134973055977,10,0,10,2026-03-06
69aa73f94be4b21c72f99d98,64a32c50-b5a0-4234-bc08-e32288f13eff,1,b948,15.0658920822107,10,0,10,2026-03-06
69aa73f94be4b21c72f99d98,64a32c50-b5a0-4234-bc08-e32288f13eff,8,a1283,8.71870031596902,0,1,1,2026-03-06
69aa99bc4be4b21c72fd9ed7,62e9a3ec-871f-4757-bace-ca6d3eb0b5b0,1,a973,-44.2424228294361,4,6,10,2026-03-06
69aa99bc4be4b21c72fd9ed7,62e9a3ec-871f-4757-bace-ca6d3eb0b5b0,1,b972,26.4395227220764,10,0,10,2026-03-06
69aab41dfacf5db1671336dd,d61134df-8833-4a73-8a30-3c07bbb71d53,1,b970,-73.8432342721311,10,0,10,2026-03-06
69aab41dfacf5db1671336dd,d61134df-8833-4a73-8a30-3c07bbb71d53,2,b956,64.1737549099337,10,0,10,2026-03-06
69aab41dfacf5db1671336dd,d61134df-8833-4a73-8a30-3c07bbb71d53,3,a1013,11.5697497634588,10,0,10,2026-03-06
69aab5dafacf5db16713a0a4,90a8a766-e528-4c11-8b8f-d96f0e811e22,1,a969,17.4427514006054,6,4,10,2026-03-06
69aab5dafacf5db16713a0a4,90a8a766-e528-4c11-8b8f-d96f0e811e22,2,b968,-10.6010189445435,2,0,2,2026-03-06
69aab8cffacf5db16713e335,ab4b38fe-8e32-4d88-8b88-b6cda182c30f,1,b968,-64.6576138856547,8,2,10,2026-03-06
69aab8cffacf5db16713e335,ab4b38fe-8e32-4d88-8b88-b6cda182c30f,1,a967,24.9780365909683,10,0,10,2026-03-06
69aab8cffacf5db16713e335,ab4b38fe-8e32-4d88-8b88-b6cda182c30f,2,b966,-44.3855473958686,10,0,10,2026-03-06
69aab8cffacf5db16713e335,ab4b38fe-8e32-4d88-8b88-b6cda182c30f,3,a965,-42.4384399508399,10,0,10,2026-03-06
69aab8cffacf5db16713e335,ab4b38fe-8e32-4d88-8b88-b6cda182c30f,4,b964,4.85923771879113,10,0,10,2026-03-06
69aab8cffacf5db16713e335,ab4b38fe-8e32-4d88-8b88-b6cda182c30f,5,a963,9.64426815962516,8,2,10,2026-03-06
69aab8cffacf5db16713e335,ab4b38fe-8e32-4d88-8b88-b6cda182c30f,6,b962,4.56287442761039,1,9,10,2026-03-06
69aab8cffacf5db16713e335,ab4b38fe-8e32-4d88-8b88-b6cda182c30f,6,a961,0,0,10,10,2026-03-06
69aace58facf5db16716403b,65bde30b-4842-412f-a1fe-8ec537a6f449,1,a959,-9.18162564673286,10,0,10,2026-03-23
69aace58facf5db16716403b,65bde30b-4842-412f-a1fe-8ec537a6f449,2,a829,7.64896745909786,10,0,10,2026-03-23
69aace58facf5db16716403b,65bde30b-4842-412f-a1fe-8ec537a6f449,3,b830,19.0035590169166,10,0,10,2026-03-23
69aace58facf5db16716403b,65bde30b-4842-412f-a1fe-8ec537a6f449,4,a831,11.6499772338445,10,0,10,2026-03-23
69aafdfb7c531d472a184700,68d5529c-f1b3-49f0-9ca0-a9a88eb7b432,1,b952,16.877875148279,10,0,10,2026-03-06
69aafdfb7c531d472a184700,68d5529c-f1b3-49f0-9ca0-a9a88eb7b432,2,b950,-18.5134973055977,10,0,10,2026-03-06
69aafe857c531d472a18638b,24cc9f78-2cba-4ac5-9b56-3f47c68d3011,1,a951,71.7664771379099,10,0,10,2026-03-06
69aafe857c531d472a18638b,24cc9f78-2cba-4ac5-9b56-3f47c68d3011,2,b950,-18.5134973055977,10,0,10,2026-03-06
69ab22ed9f2b6030284416b9,95c45313-60c7-4804-a07a-43b21663f401,1,a947,83.203859237294,10,0,10,2026-03-06
69ab22ed9f2b6030284416b9,95c45313-60c7-4804-a07a-43b21663f401,2,b946,32.5239248814339,9,1,10,2026-03-06
69ab22ed9f2b6030284416b9,95c45313-60c7-4804-a07a-43b21663f401,2,a945,-56.6501752326659,10,0,10,2026-03-06
69ab22ed9f2b6030284416b9,95c45313-60c7-4804-a07a-43b21663f401,3,a945,-56.6501752326659,9,1,10,2026-03-06
69ab22ed9f2b6030284416b9,95c45313-60c7-4804-a07a-43b21663f401,4,b944,-5.97200786248793,10,0,10,2026-03-06
69ab22ed9f2b6030284416b9,95c45313-60c7-4804-a07a-43b21663f401,5,a943,9.71757083132433,10,0,10,2026-03-06
69ab22ed9f2b6030284416b9,95c45313-60c7-4804-a07a-43b21663f401,6,a941,-63.3560685691621,9,1,10,2026-03-06
69ab22ed9f2b6030284416b9,95c45313-60c7-4804-a07a-43b21663f401,7,b940,0.261855588437657,10,0,10,2026-03-06
69ab333c9f2b603028459340,73c360cd-18cb-49e2-8978-5ed6265a24ab,1,b944,-3.21361902210477,8,2,10,2026-03-06
69ab333c9f2b603028459340,73c360cd-18cb-49e2-8978-5ed6265a24ab,1,a1283,0,0,1,1,2026-03-06
69ab37bb9f2b603028468108,55f9f360-70b4-4e3c-a160-2f09988912a8,1,b942,55.5872911578651,10,0,10,2026-03-06
69ab37bb9f2b603028468108,55f9f360-70b4-4e3c-a160-2f09988912a8,2,b940,0.261855588437657,10,0,10,2026-03-06
69ab41da9f2b6030284c04f9,47395a6f-4f42-43f0-b238-77824a2c9c34,1,a937,65.1424916111255,10,0,10,2026-03-07
69ab41da9f2b6030284c04f9,47395a6f-4f42-43f0-b238-77824a2c9c34,1,b916,-46.5687977698164,10,0,10,2026-03-07
69ab41da9f2b6030284c04f9,47395a6f-4f42-43f0-b238-77824a2c9c34,2,b914,18.8919860100027,10,0,10,2026-03-08
69ab421d9f2b6030284c141c,ac4b5399-ca57-4c7a-bc46-a599c3ea557a,1,b936,-85.519083635505,10,0,10,2026-03-06
69ab421d9f2b6030284c141c,ac4b5399-ca57-4c7a-bc46-a599c3ea557a,2,a1283,108.173256310311,9,1,10,2026-03-06
69ab421d9f2b6030284c141c,ac4b5399-ca57-4c7a-bc46-a599c3ea557a,3,b1280,-10.2116421344923,9,1,10,2026-03-06
69ab421d9f2b6030284c141c,ac4b5399-ca57-4c7a-bc46-a599c3ea557a,4,b1278,35.2599128744207,10,0,10,2026-03-06
69ab421d9f2b6030284c141c,ac4b5399-ca57-4c7a-bc46-a599c3ea557a,5,b1278,35.2599128744207,4,6,10,2026-03-06
69ab421d9f2b6030284c141c,ac4b5399-ca57-4c7a-bc46-a599c3ea557a,6,b1246,41.7805196536788,9,1,10,2026-03-07
69ab421d9f2b6030284c141c,ac4b5399-ca57-4c7a-bc46-a599c3ea557a,7,a1241,-64.1348378483877,8,2,10,2026-03-07
69ab43889f2b6030284ce35b,e9c7c08d-bf0f-4697-a6cf-f365e3b535d9,1,a935,101.805633889551,9,1,10,2026-03-06
69ab43889f2b6030284ce35b,e9c7c08d-bf0f-4697-a6cf-f365e3b535d9,2,a1283,108.173256310311,6,4,10,2026-03-06
69ab43889f2b6030284ce35b,e9c7c08d-bf0f-4697-a6cf-f365e3b535d9,3,b1280,-10.2116421344923,8,2,10,2026-03-06
69ab43889f2b6030284ce35b,e9c7c08d-bf0f-4697-a6cf-f365e3b535d9,4,b1278,35.2599128744207,10,0,10,2026-03-06
69ab43889f2b6030284ce35b,e9c7c08d-bf0f-4697-a6cf-f365e3b535d9,5,b1270,3.95558351721612,5,5,10,2026-03-06
69ab43889f2b6030284ce35b,e9c7c08d-bf0f-4697-a6cf-f365e3b535d9,6,a1265,-25.3336286095474,9,1,10,2026-03-06
69ab43889f2b6030284ce35b,e9c7c08d-bf0f-4697-a6cf-f365e3b535d9,7,a1263,9.68700828555814,6,4,10,2026-03-06
69ab43889f2b6030284ce35b,e9c7c08d-bf0f-4697-a6cf-f365e3b535d9,7,a1253,-13.8508572558436,6,4,10,2026-03-06
69ab440b9f2b6030284e0ae5,938212d8-b9a0-46db-a123-fd186dd52885,1,b934,35.161465231339,10,0,10,2026-03-06
69ab440b9f2b6030284e0ae5,938212d8-b9a0-46db-a123-fd186dd52885,2,a933,71.4803493344699,10,0,10,2026-03-06
69ab440b9f2b6030284e0ae5,938212d8-b9a0-46db-a123-fd186dd52885,3,b936,-85.519083635505,10,0,10,2026-03-06
69ab440b9f2b6030284e0ae5,938212d8-b9a0-46db-a123-fd186dd52885,4,b932,-11.8112208557458,9,1,10,2026-03-07
69ab440b9f2b6030284e0ae5,938212d8-b9a0-46db-a123-fd186dd52885,5,a909,-34.396227379335,10,0,10,2026-03-07
69ab440b9f2b6030284e0ae5,938212d8-b9a0-46db-a123-fd186dd52885,6,b902,36.0195522047795,10,0,10,2026-03-07
69ab440b9f2b6030284e0ae5,938212d8-b9a0-46db-a123-fd186dd52885,7,a901,0.602852523707391,10,0,10,2026-03-07
69ab4eb49f2b603028525e70,a98af8d0-7c18-4a0c-9430-dab15b93509b,1,a931,-30.0356138234028,10,0,10,2026-03-06
69ab4eb49f2b603028525e70,a98af8d0-7c18-4a0c-9430-dab15b93509b,2,b930,-4.94014409078878,10,0,10,2026-03-07
69ab4eb49f2b603028525e70,a98af8d0-7c18-4a0c-9430-dab15b93509b,3,a901,0.602852523707391,10,0,10,2026-03-20
69ab5b899f2b60302858aa98,e21a3407-74b8-47ef-b3b2-89930592b509,1,b928,-3.59394948686573,10,0,10,2026-03-06
69ab5b899f2b60302858aa98,e21a3407-74b8-47ef-b3b2-89930592b509,2,a899,33.3950526348074,2,0,2,2026-03-07
69ab652166169b594ce3970a,67cd6681-a0f9-4e17-81ea-75ca82c5d6e7,1,a927,3.28839799551083,10,0,10,2026-03-06
69ab652166169b594ce3970a,67cd6681-a0f9-4e17-81ea-75ca82c5d6e7,2,b926,61.4231946881913,9,1,10,2026-03-06
69ab652166169b594ce3970a,67cd6681-a0f9-4e17-81ea-75ca82c5d6e7,3,a925,-41.0668792356902,9,1,10,2026-03-08
69ab85d069dca27b069072f9,dd0834d3-af1b-4991-9eb7-4e6e818decd2,1,a921,-2.42963257535334,9,1,10,2026-03-08
69ab85d069dca27b069072f9,dd0834d3-af1b-4991-9eb7-4e6e818decd2,2,b894,-4.55102594517725,9,1,10,2026-03-08
69ab85d069dca27b069072f9,dd0834d3-af1b-4991-9eb7-4e6e818decd2,3,a875,8.81150967203677,10,0,10,2026-03-08
69ab85d069dca27b069072f9,dd0834d3-af1b-4991-9eb7-4e6e818decd2,4,b874,-34.4911503953787,10,0,10,2026-03-14
69ab85d069dca27b069072f9,dd0834d3-af1b-4991-9eb7-4e6e818decd2,4,b528,-13.8097430084303,10,0,10,2026-03-20
69ab85d069dca27b069072f9,dd0834d3-af1b-4991-9eb7-4e6e818decd2,5,a699,-17.3883514137652,10,0,10,2026-03-25
69ab85d069dca27b069072f9,dd0834d3-af1b-4991-9eb7-4e6e818decd2,5,a2545,132.038589135,8,2,10,2026-03-26
69ab85d069dca27b069072f9,dd0834d3-af1b-4991-9eb7-4e6e818decd2,6,a2731,0,0,10,10,2026-03-28
69abc41d4aec5eec622a5042,f0d254e9-f998-4957-84fb-0f0dcae1fb75,1,b920,-68.3716296699386,10,0,10,2026-03-07
69abd4c2e1d9a188a964be3a,074cc0d2-2605-4c89-914b-31afb666baa8,1,b918,-45.5910289530081,9,1,10,2026-03-07
69abd4c2e1d9a188a964be3a,074cc0d2-2605-4c89-914b-31afb666baa8,2,b1252,6.06177547938323,5,5,10,2026-03-07
69abd4c2e1d9a188a964be3a,074cc0d2-2605-4c89-914b-31afb666baa8,3,b1252,6.06177547938323,7,3,10,2026-03-07
69abd4c2e1d9a188a964be3a,074cc0d2-2605-4c89-914b-31afb666baa8,4,a1251,-95.6369244349629,9,1,10,2026-03-07
69abd4c2e1d9a188a964be3a,074cc0d2-2605-4c89-914b-31afb666baa8,5,a1251,-95.6369244349629,6,4,10,2026-03-07
69abd4c2e1d9a188a964be3a,074cc0d2-2605-4c89-914b-31afb666baa8,6,a823,27.0406425476679,9,1,10,2026-03-23
69abd4c2e1d9a188a964be3a,074cc0d2-2605-4c89-914b-31afb666baa8,7,b1018,44.7759695889701,7,3,10,2026-03-24
69ac24c22ee3caad21cbf098,f8cf3fde-324f-4f39-bfa3-ea667f871ae7,1,a915,13.8588102403155,9,1,10,2026-03-07
69ac24c22ee3caad21cbf098,f8cf3fde-324f-4f39-bfa3-ea667f871ae7,2,b914,18.8919860100027,10,0,10,2026-03-07
69ac24c22ee3caad21cbf098,f8cf3fde-324f-4f39-bfa3-ea667f871ae7,3,b916,-46.5687977698164,10,0,10,2026-03-07
69ac24c22ee3caad21cbf098,f8cf3fde-324f-4f39-bfa3-ea667f871ae7,4,a913,-52.8091130666379,0,2,2,2026-03-09
69ac33a52ee3caad21cd87cd,cf62c8dd-7da2-455a-8228-2778c45399d4,1,b912,8.61656551943992,8,2,10,2026-03-07
69ac33a52ee3caad21cd87cd,cf62c8dd-7da2-455a-8228-2778c45399d4,1,a911,48.0005079877322,10,0,10,2026-03-07
69ac33a52ee3caad21cd87cd,cf62c8dd-7da2-455a-8228-2778c45399d4,2,a903,26.1874688771286,10,0,10,2026-03-07
69ac37572ee3caad21cdd9bd,80867023-3dad-4e2e-b44e-f8e55e00cd4c,1,a911,14.8303986353404,7,3,10,2026-03-07
69ac37572ee3caad21cdd9bd,80867023-3dad-4e2e-b44e-f8e55e00cd4c,1,a1251,0,0,1,1,2026-03-07
69ac43b12ee3caad21d260bf,9fd2a01b-ddf3-4531-aa1f-3e3de01cf185,1,b910,-12.7157707718438,10,0,10,2026-03-07
69ac43b12ee3caad21d260bf,9fd2a01b-ddf3-4531-aa1f-3e3de01cf185,1,a909,-34.396227379335,10,0,10,2026-03-07
69ac43b12ee3caad21d260bf,9fd2a01b-ddf3-4531-aa1f-3e3de01cf185,2,b908,40.0027173308444,10,0,10,2026-03-07
69ac43b12ee3caad21d260bf,9fd2a01b-ddf3-4531-aa1f-3e3de01cf185,3,a907,112.899708955486,9,1,10,2026-03-07
69ac43b12ee3caad21d260bf,9fd2a01b-ddf3-4531-aa1f-3e3de01cf185,3,b906,-0.192186546879913,9,1,10,2026-03-07
69ac43b12ee3caad21d260bf,9fd2a01b-ddf3-4531-aa1f-3e3de01cf185,3,a905,80.8430079384784,10,0,10,2026-03-08
69ac43b12ee3caad21d260bf,9fd2a01b-ddf3-4531-aa1f-3e3de01cf185,4,b892,60.9541232814655,10,0,10,2026-03-08
69ac43b12ee3caad21d260bf,9fd2a01b-ddf3-4531-aa1f-3e3de01cf185,5,a891,50.0104330510227,10,0,10,2026-03-08
69ac43b12ee3caad21d260bf,9fd2a01b-ddf3-4531-aa1f-3e3de01cf185,6,b890,-19.5016334722629,10,0,10,2026-03-08
69ac43b12ee3caad21d260bf,9fd2a01b-ddf3-4531-aa1f-3e3de01cf185,7,a889,-27.8428478915521,10,0,10,2026-03-08
69ac546c2ee3caad21d52a69,e1f73951-b633-48e8-932e-b9f35679925e,1,a905,80.8430079384784,10,0,10,2026-03-07
69ac546c2ee3caad21d52a69,e1f73951-b633-48e8-932e-b9f35679925e,2,b904,40.8157430225278,10,0,10,2026-03-07
69ac546c2ee3caad21d52a69,e1f73951-b633-48e8-932e-b9f35679925e,2,b902,17.7962625041038,10,0,10,2026-03-08
69ac546c2ee3caad21d52a69,e1f73951-b633-48e8-932e-b9f35679925e,3,a871,-64.1800447176628,10,0,10,2026-03-08
69ac546c2ee3caad21d52a69,e1f73951-b633-48e8-932e-b9f35679925e,4,b870,-2.92042471902393,8,2,10,2026-03-09
69ac91893a2ccde6ca955545,f7c7000e-614d-4b38-b207-30e20c0b180a,1,a901,-31.6657424360347,8,2,10,2026-03-07
69ac91893a2ccde6ca955545,f7c7000e-614d-4b38-b207-30e20c0b180a,1,b900,28.1134479438868,10,0,10,2026-03-07
69ac91893a2ccde6ca955545,f7c7000e-614d-4b38-b207-30e20c0b180a,2,a899,38.3541735204002,9,1,10,2026-03-07
69ac91893a2ccde6ca955545,f7c7000e-614d-4b38-b207-30e20c0b180a,3,b898,14.151375153265,10,0,10,2026-03-07
69ac91893a2ccde6ca955545,f7c7000e-614d-4b38-b207-30e20c0b180a,4,a929,77.6485717310663,10,0,10,2026-03-07
69ac91893a2ccde6ca955545,f7c7000e-614d-4b38-b207-30e20c0b180a,5,a897,62.2822129661894,9,1,10,2026-03-07
69ac91893a2ccde6ca955545,f7c7000e-614d-4b38-b207-30e20c0b180a,6,b896,-49.6252705914099,9,1,10,2026-03-08
69ac91893a2ccde6ca955545,f7c7000e-614d-4b38-b207-30e20c0b180a,6,a895,-44.8879524615661,9,1,10,2026-03-08
69ac91893a2ccde6ca955545,f7c7000e-614d-4b38-b207-30e20c0b180a,7,b894,-4.55102594517725,10,0,10,2026-03-08
69ad33cf6f799e74a03601e6,dc69ba3f-c5d2-4437-955a-3f667849757f,1,b880,-33.6993626902013,7,3,10,2026-03-08
69ad33cf6f799e74a03601e6,dc69ba3f-c5d2-4437-955a-3f667849757f,1,b1238,47.0088018368146,8,2,10,2026-03-08
69ad33cf6f799e74a03601e6,dc69ba3f-c5d2-4437-955a-3f667849757f,1,a1227,36.1191759458188,8,2,10,2026-03-08
69ad33cf6f799e74a03601e6,dc69ba3f-c5d2-4437-955a-3f667849757f,2,b1222,-7.70364302844985,7,3,10,2026-03-08
69ad33cf6f799e74a03601e6,dc69ba3f-c5d2-4437-955a-3f667849757f,3,b1214,23.1675900742549,9,1,10,2026-03-08
69ad33cf6f799e74a03601e6,dc69ba3f-c5d2-4437-955a-3f667849757f,4,b1212,-58.6191813359409,9,1,10,2026-03-08
69ad33cf6f799e74a03601e6,dc69ba3f-c5d2-4437-955a-3f667849757f,5,b1198,28.6560239050656,8,2,10,2026-03-08
69ad33cf6f799e74a03601e6,dc69ba3f-c5d2-4437-955a-3f667849757f,6,b1194,106.474420445828,10,0,10,2026-03-08
69ad33cf6f799e74a03601e6,dc69ba3f-c5d2-4437-955a-3f667849757f,7,b1190,-24.1389767976546,7,3,10,2026-03-08
69ad33cf6f799e74a03601e6,dc69ba3f-c5d2-4437-955a-3f667849757f,7,b1182,39.584949151868,8,2,10,2026-03-08
69ad33cf6f799e74a03601e6,dc69ba3f-c5d2-4437-955a-3f667849757f,6,b1182,39.584949151868,10,0,10,2026-03-08
69ad36696f799e74a036e6ab,ae2aecef-c2d8-4dd3-8685-08716a29f5d1,1,a879,22.1510307592422,10,0,10,2026-03-08
69ad36696f799e74a036e6ab,ae2aecef-c2d8-4dd3-8685-08716a29f5d1,2,b878,-9.89166762809971,10,0,10,2026-03-08
69ad36696f799e74a036e6ab,ae2aecef-c2d8-4dd3-8685-08716a29f5d1,3,b880,-26.1657081176906,10,0,10,2026-03-08
69ad36696f799e74a036e6ab,ae2aecef-c2d8-4dd3-8685-08716a29f5d1,4,a953,-51.7156538899831,10,0,10,2026-03-09
69ad36696f799e74a036e6ab,ae2aecef-c2d8-4dd3-8685-08716a29f5d1,5,a853,61.0561950657269,10,0,10,2026-03-09
69ad36696f799e74a036e6ab,ae2aecef-c2d8-4dd3-8685-08716a29f5d1,6,b852,-9.85858000049539,10,0,10,2026-03-09
69ae1faa6438d970a8143f29,4a5b26b3-3154-4e4f-96e0-9f7d2daca9c2,1,a869,-27.071433017371,10,0,10,2026-03-09
69ae1faa6438d970a8143f29,4a5b26b3-3154-4e4f-96e0-9f7d2daca9c2,2,b868,-29.4239641993605,10,0,10,2026-03-09
69ae1faa6438d970a8143f29,4a5b26b3-3154-4e4f-96e0-9f7d2daca9c2,3,a867,105.78823537682,10,0,10,2026-03-09
69ae1faa6438d970a8143f29,4a5b26b3-3154-4e4f-96e0-9f7d2daca9c2,4,b866,-17.6502449491476,10,0,10,2026-03-09
69ae1faa6438d970a8143f29,4a5b26b3-3154-4e4f-96e0-9f7d2daca9c2,5,a865,62.9032928010203,10,0,10,2026-03-09
69ae1faa6438d970a8143f29,4a5b26b3-3154-4e4f-96e0-9f7d2daca9c2,6,b864,-58.2177385845655,10,0,10,2026-03-09
69ae1faa6438d970a8143f29,4a5b26b3-3154-4e4f-96e0-9f7d2daca9c2,7,a863,5.97342712534615,10,0,10,2026-03-09
69ae2fa16438d970a8162e62,b9096fd6-dffe-4bab-adab-40a7b8632a47,1,b862,-14.7925508832864,10,0,10,2026-03-09
69ae51a213215e18f1d3935b,159cab87-c177-43ba-bfda-b4cfedfb5a9d,1,a857,81.0419104015526,9,1,10,2026-03-09
69ae51a213215e18f1d3935b,159cab87-c177-43ba-bfda-b4cfedfb5a9d,2,b856,-17.9393347492064,10,0,10,2026-03-09
69ae87a89992190e42702587,55defa52-94a9-40a0-b48b-ce62d2599371,1,a851,-7.39280193396608,8,2,10,2026-03-09
69ae87a89992190e42702587,55defa52-94a9-40a0-b48b-ce62d2599371,1,b850,-15.5918526988006,1,7,8,2026-03-09
69ae91849992190e4271f2e7,115a6ebd-df95-406c-8a7d-0397f8bcfbf9,1,a1181,15.1485098617505,0,4,4,2026-03-09
69aeafac2c5fadbfc90bfdc5,e027bd96-f2a3-4242-aea1-8a2f9ccd9e4f,1,a845,44.9376964409743,10,0,10,2026-03-13
69aeafac2c5fadbfc90bfdc5,e027bd96-f2a3-4242-aea1-8a2f9ccd9e4f,2,b844,-19.7580589698926,10,0,10,2026-03-13
69aeafac2c5fadbfc90bfdc5,e027bd96-f2a3-4242-aea1-8a2f9ccd9e4f,3,a1143,-155.743578816715,10,0,10,2026-03-13
69aeafac2c5fadbfc90bfdc5,e027bd96-f2a3-4242-aea1-8a2f9ccd9e4f,4,b1142,-11.5003487883484,10,0,10,2026-03-13
69aeafac2c5fadbfc90bfdc5,e027bd96-f2a3-4242-aea1-8a2f9ccd9e4f,5,b1138,-34.2167998808143,5,5,10,2026-03-13
69aeafac2c5fadbfc90bfdc5,e027bd96-f2a3-4242-aea1-8a2f9ccd9e4f,6,a1131,72.5862408110525,10,0,10,2026-03-14
69aeafac2c5fadbfc90bfdc5,e027bd96-f2a3-4242-aea1-8a2f9ccd9e4f,7,b520,-44.2182542107452,10,0,10,2026-03-14
69aeafac2c5fadbfc90bfdc5,e027bd96-f2a3-4242-aea1-8a2f9ccd9e4f,7,a521,55.0608432816436,10,0,10,2026-03-14
69aeafac2c5fadbfc90bfdc5,e027bd96-f2a3-4242-aea1-8a2f9ccd9e4f,6,b526,7.55006201973209,10,0,10,2026-03-14
69aeafac2c5fadbfc90bfdc5,e027bd96-f2a3-4242-aea1-8a2f9ccd9e4f,5,a527,-92.7019653349827,10,0,10,2026-03-14
69aeafac2c5fadbfc90bfdc5,e027bd96-f2a3-4242-aea1-8a2f9ccd9e4f,4,b534,-23.604781462037,10,0,10,2026-03-15
69aeafac2c5fadbfc90bfdc5,e027bd96-f2a3-4242-aea1-8a2f9ccd9e4f,3,a553,1.45092846087434,10,0,10,2026-03-16
69aeafac2c5fadbfc90bfdc5,e027bd96-f2a3-4242-aea1-8a2f9ccd9e4f,2,b578,15.582300589108,10,0,10,2026-03-17
69aeafac2c5fadbfc90bfdc5,e027bd96-f2a3-4242-aea1-8a2f9ccd9e4f,1,b588,-21.7658089069053,10,0,10,2026-03-17
69aeafac2c5fadbfc90bfdc5,e027bd96-f2a3-4242-aea1-8a2f9ccd9e4f,1,b600,-1.10873510419787,9,1,10,2026-03-22
69aeafac2c5fadbfc90bfdc5,e027bd96-f2a3-4242-aea1-8a2f9ccd9e4f,7,b780,4.61255693521999,9,1,10,2026-03-23
69aeafac2c5fadbfc90bfdc5,e027bd96-f2a3-4242-aea1-8a2f9ccd9e4f,2,b838,41.9452494829329,10,0,10,2026-03-24
69aeafac2c5fadbfc90bfdc5,e027bd96-f2a3-4242-aea1-8a2f9ccd9e4f,3,b1062,30.4101800047695,10,0,10,2026-03-25
69aeafac2c5fadbfc90bfdc5,e027bd96-f2a3-4242-aea1-8a2f9ccd9e4f,5,b2512,29.248514651,10,0,10,2026-03-25
69aeafac2c5fadbfc90bfdc5,e027bd96-f2a3-4242-aea1-8a2f9ccd9e4f,7,a2539,-150.257383313,10,0,10,2026-03-25
69aeafac2c5fadbfc90bfdc5,e027bd96-f2a3-4242-aea1-8a2f9ccd9e4f,1,b2542,10.740343539,9,1,10,2026-03-30
69aeafac2c5fadbfc90bfdc5,e027bd96-f2a3-4242-aea1-8a2f9ccd9e4f,2,b3026,23.973509481,10,0,10,2026-03-30
69aeafac2c5fadbfc90bfdc5,e027bd96-f2a3-4242-aea1-8a2f9ccd9e4f,7,b3030,45.330053323,10,0,10,2026-03-31
69aeafac2c5fadbfc90bfdc5,e027bd96-f2a3-4242-aea1-8a2f9ccd9e4f,6,a3359,-62.034364015,10,0,10,2026-03-31
69aeafac2c5fadbfc90bfdc5,e027bd96-f2a3-4242-aea1-8a2f9ccd9e4f,7,a3371,70.074871183,10,0,10,2026-04-18
69aeafac2c5fadbfc90bfdc5,e027bd96-f2a3-4242-aea1-8a2f9ccd9e4f,7,a4206,29.9206964466402,10,0,10,2026-04-28
69b07841b9ef690b2850547c,e9a62a8b-2e75-4ff9-a7a6-7d36ea48104b,1,b786,0,0,10,10,2026-03-22
69b0aa9532cabddf3778b5b6,eeceffe6-db3d-4abe-be5f-e155b19d7492,1,a549,15.4137297195637,10,0,10,2026-03-14
69b0cd1c0ee8386ef47bdbfc,f5232e62-329e-414a-8428-01006a8f5319,1,a513,-49.5707486933231,2,1,3,2026-03-13
69b18febc5bad796d766b640,5bd9a0d6-001c-4537-a656-2b45eaacf1d9,1,b514,-67.694913655321,10,0,10,2026-03-13
69b18febc5bad796d766b640,5bd9a0d6-001c-4537-a656-2b45eaacf1d9,2,b514,-67.694913655321,9,1,10,2026-03-13
69b18febc5bad796d766b640,5bd9a0d6-001c-4537-a656-2b45eaacf1d9,3,a515,47.7758062038938,9,1,10,2026-03-14
69b18febc5bad796d766b640,5bd9a0d6-001c-4537-a656-2b45eaacf1d9,1,a515,47.7758062038938,8,2,10,2026-03-14
69b18febc5bad796d766b640,5bd9a0d6-001c-4537-a656-2b45eaacf1d9,4,a521,55.0608432816436,8,2,10,2026-03-14
69b18febc5bad796d766b640,5bd9a0d6-001c-4537-a656-2b45eaacf1d9,5,b522,36.6044515143774,8,2,10,2026-03-14
69b18febc5bad796d766b640,5bd9a0d6-001c-4537-a656-2b45eaacf1d9,1,a523,-6.62218387363419,9,1,10,2026-03-14
69b18febc5bad796d766b640,5bd9a0d6-001c-4537-a656-2b45eaacf1d9,1,b524,-22.6854218696486,1,0,1,2026-03-14
69b18febc5bad796d766b640,5bd9a0d6-001c-4537-a656-2b45eaacf1d9,6,a525,-7.79650253990999,10,0,10,2026-03-14
69b18febc5bad796d766b640,5bd9a0d6-001c-4537-a656-2b45eaacf1d9,7,b530,-1.51333132246183,10,0,10,2026-03-14
69b1c12b35d77bf7cf70a330,7ba7cfec-93a4-4fa0-b7c7-f472676c9e24,1,b518,33.05528719803,6,4,10,2026-03-14
69b1f82202320380a1ef9ee7,dae3b24d-76aa-457f-9e5a-e7525572dede,1,a1159,114.053345395051,10,0,10,2026-03-12
69b1f82202320380a1ef9ee7,dae3b24d-76aa-457f-9e5a-e7525572dede,2,a1159,114.053345395051,10,0,10,2026-03-12
69b1f82202320380a1ef9ee7,dae3b24d-76aa-457f-9e5a-e7525572dede,3,b1158,85.9707228199694,10,0,10,2026-03-12
69b1f82202320380a1ef9ee7,dae3b24d-76aa-457f-9e5a-e7525572dede,4,b1158,85.9707228199694,10,0,10,2026-03-12
69b1f82202320380a1ef9ee7,dae3b24d-76aa-457f-9e5a-e7525572dede,5,a1153,-80.1619944439194,9,1,10,2026-03-25
69b2b2c8deb6cc1cf2fd0fc3,0dc4b9aa-6d81-44e7-aed5-8230fa225876,1,b674,37.2684121292795,8,2,10,2026-03-19
69b2b2c8deb6cc1cf2fd0fc3,0dc4b9aa-6d81-44e7-aed5-8230fa225876,1,a675,-55.1653743760684,10,0,10,2026-03-19
69b2b2c8deb6cc1cf2fd0fc3,0dc4b9aa-6d81-44e7-aed5-8230fa225876,2,b706,-12.2041375424487,7,3,10,2026-03-20
69b2b2c8deb6cc1cf2fd0fc3,0dc4b9aa-6d81-44e7-aed5-8230fa225876,3,b714,-40.6253442217961,8,2,10,2026-03-20
69b2b2c8deb6cc1cf2fd0fc3,0dc4b9aa-6d81-44e7-aed5-8230fa225876,4,b714,-50.3050471751872,3,1,4,2026-03-20
69b2b2c8deb6cc1cf2fd0fc3,0dc4b9aa-6d81-44e7-aed5-8230fa225876,3,b810,0,0,1,1,2026-03-22
69b2b2c8deb6cc1cf2fd0fc3,0dc4b9aa-6d81-44e7-aed5-8230fa225876,4,a811,-68.4130240855957,5,1,6,2026-03-22
69b2b2c8deb6cc1cf2fd0fc3,0dc4b9aa-6d81-44e7-aed5-8230fa225876,4,b812,41.8924565759831,6,4,10,2026-03-26
69b2b2c8deb6cc1cf2fd0fc3,0dc4b9aa-6d81-44e7-aed5-8230fa225876,4,a2661,53.947206208,0,1,1,2026-03-29
69b2b2c8deb6cc1cf2fd0fc3,0dc4b9aa-6d81-44e7-aed5-8230fa225876,3,a2661,-26.888776351,6,4,10,2026-03-29
69b2b2c8deb6cc1cf2fd0fc3,0dc4b9aa-6d81-44e7-aed5-8230fa225876,3,b2888,0,1,0,1,2026-03-29
69b2b2c8deb6cc1cf2fd0fc3,0dc4b9aa-6d81-44e7-aed5-8230fa225876,4,a2893,46.950728833,1,0,1,2026-03-29
69b2b2c8deb6cc1cf2fd0fc3,0dc4b9aa-6d81-44e7-aed5-8230fa225876,1,a2893,-53.106095274,8,2,10,2026-03-29
69b2b2c8deb6cc1cf2fd0fc3,0dc4b9aa-6d81-44e7-aed5-8230fa225876,1,b4687,0,1,0,1,2026-04-22
69b2b2c8deb6cc1cf2fd0fc3,0dc4b9aa-6d81-44e7-aed5-8230fa225876,2,b4689,37.6410303961661,7,3,10,2026-04-23
69b2b2c8deb6cc1cf2fd0fc3,0dc4b9aa-6d81-44e7-aed5-8230fa225876,2,b4699,0,1,0,1,2026-04-23
69b2b2c8deb6cc1cf2fd0fc3,0dc4b9aa-6d81-44e7-aed5-8230fa225876,3,b4701,23.8538455090081,9,1,10,2026-04-28
69b2b2c8deb6cc1cf2fd0fc3,0dc4b9aa-6d81-44e7-aed5-8230fa225876,3,b4863,0,1,0,1,2026-04-28
69b34bddef002bb758772be6,9a8e8522-5f57-4526-a39d-3161c4bdab3b,1,b846,85.4431289984209,4,6,10,2026-03-12
69b34bddef002bb758772be6,9a8e8522-5f57-4526-a39d-3161c4bdab3b,1,a1153,-80.1619944439194,9,1,10,2026-03-13
69b34bddef002bb758772be6,9a8e8522-5f57-4526-a39d-3161c4bdab3b,2,a1145,-93.0165164647286,8,2,10,2026-03-13
69b34bddef002bb758772be6,9a8e8522-5f57-4526-a39d-3161c4bdab3b,3,a1143,-140.03614991843,8,2,10,2026-03-16
69b34bddef002bb758772be6,9a8e8522-5f57-4526-a39d-3161c4bdab3b,3,b580,21.708713310678,8,2,10,2026-03-16
69b4d62b8150addf0246e16e,26e0de87-0886-464e-9f4a-19b6a9dbba82,1,b516,-17.1588377227651,10,0,10,2026-03-14
69b566ee0c375beacee8c6cb,954e6b27-007f-455c-aed9-d1a34dcbc126,1,a529,-73.8784177979698,9,1,10,2026-03-14
69b566ee0c375beacee8c6cb,954e6b27-007f-455c-aed9-d1a34dcbc126,2,b530,-1.51333132246183,9,1,10,2026-03-18
69b5b9f49a304ea7ba595723,f46947ae-27ba-4f3c-bd43-95082acf29f7,1,b534,-23.604781462037,10,0,10,2026-03-14
69b5b9f49a304ea7ba595723,f46947ae-27ba-4f3c-bd43-95082acf29f7,2,b536,94.1463207125157,10,0,10,2026-03-14
69b5b9f49a304ea7ba595723,f46947ae-27ba-4f3c-bd43-95082acf29f7,1,a537,49.0859189761747,10,0,10,2026-03-14
69b5b9f49a304ea7ba595723,f46947ae-27ba-4f3c-bd43-95082acf29f7,3,b538,16.0492920065418,9,1,10,2026-03-14
69b5bb439a304ea7ba5970a9,a4db1bbe-b9fa-43d9-ae4e-20c13eacbe93,1,a535,24.2017194385441,9,1,10,2026-03-14
69b5bb439a304ea7ba5970a9,a4db1bbe-b9fa-43d9-ae4e-20c13eacbe93,1,b536,72.3692781830204,9,1,10,2026-03-14
69b5c95c9a304ea7ba5db4f6,498d33a8-50fd-464e-8b5d-07217c0f695c,1,b540,-15.8104168087658,10,0,10,2026-03-14
69b5c95c9a304ea7ba5db4f6,498d33a8-50fd-464e-8b5d-07217c0f695c,2,a541,-22.8413647913309,10,0,10,2026-03-14
69b5d1979a304ea7ba5e8908,e7f967dd-21dc-4ba7-af8d-8a89d92fb811,1,a543,-105.413956580995,10,0,10,2026-03-14
69b5d1979a304ea7ba5e8908,e7f967dd-21dc-4ba7-af8d-8a89d92fb811,2,b544,-23.3424985734254,9,1,10,2026-03-14
69b5dd189a304ea7ba5f0893,1ca4537b-2a8f-46d1-8f9c-af61a5267255,1,b546,0.090597652513317,10,0,10,2026-03-14
69b5dd189a304ea7ba5f0893,1ca4537b-2a8f-46d1-8f9c-af61a5267255,2,a547,127.429576425333,10,0,10,2026-03-14
69b5dd189a304ea7ba5f0893,1ca4537b-2a8f-46d1-8f9c-af61a5267255,3,b548,-14.9037069726361,10,0,10,2026-03-17
69b5dd189a304ea7ba5f0893,1ca4537b-2a8f-46d1-8f9c-af61a5267255,4,a589,-68.4210521221213,10,0,10,2026-03-20
69b5dd189a304ea7ba5f0893,1ca4537b-2a8f-46d1-8f9c-af61a5267255,5,b694,4.3189948525648,10,0,10,2026-03-20
69b5dd189a304ea7ba5f0893,1ca4537b-2a8f-46d1-8f9c-af61a5267255,6,a695,20.8812388459992,10,0,10,2026-03-25
69b5dd189a304ea7ba5f0893,1ca4537b-2a8f-46d1-8f9c-af61a5267255,7,a2531,-30.102189917,10,0,10,2026-03-25
69b605f59a304ea7ba63f7f5,ef4760bf-aa62-4a89-adc5-31bb95a86f1d,1,a551,-70.6471794589084,10,0,10,2026-03-15
69b605f59a304ea7ba63f7f5,ef4760bf-aa62-4a89-adc5-31bb95a86f1d,2,b552,-24.2290483665671,2,0,2,2026-03-15
69b681c5afb088c908002e5c,2b4b34ce-0a53-440d-847e-578d8c1c7a0d,1,a553,1.45092846087434,9,1,10,2026-03-15
69b6a98b1c07920ed44079f5,648f59d3-9b88-4058-9106-497ef6825afe,1,a555,15.9843812795494,10,0,10,2026-03-15
69b6a98b1c07920ed44079f5,648f59d3-9b88-4058-9106-497ef6825afe,2,b556,10.3539212361616,10,0,10,2026-03-15
69b6dad4fd614b5f478e01ce,aa4a7175-d130-43c1-8570-3d283c06c5e2,1,b558,11.7712155325678,2,0,2,2026-03-15
69b70b56bfb6a6b221510d11,7158440a-8f93-4184-8668-f926aea26e34,1,b558,-31.6633600427299,9,1,10,2026-03-15
69b70b56bfb6a6b221510d11,7158440a-8f93-4184-8668-f926aea26e34,2,a559,47.3538548815863,9,1,10,2026-03-15
69b756a2dd34a805095139ad,268c05d7-d188-4103-bfc2-91f25071c058,1,a561,33.0870901590882,9,1,10,2026-03-16
69b756a2dd34a805095139ad,268c05d7-d188-4103-bfc2-91f25071c058,2,b562,44.9535349085549,10,0,10,2026-03-16
69b7ad2ca70aa7917253d5fd,c6be6566-df74-4f0e-b512-a84c0a628512,1,b564,27.9771195952211,10,0,10,2026-03-16
69b7ebfd71dae8f204ba4316,26b84eb9-b19c-417e-806e-79fa35bb6652,1,b566,3.00542469457736,10,0,10,2026-03-16
69b7ebfd71dae8f204ba4316,26b84eb9-b19c-417e-806e-79fa35bb6652,2,a567,-107.955455052399,10,0,10,2026-03-16
69b7ebfd71dae8f204ba4316,26b84eb9-b19c-417e-806e-79fa35bb6652,3,b568,-4.6480542158616,10,0,10,2026-03-16
69b7ebfd71dae8f204ba4316,26b84eb9-b19c-417e-806e-79fa35bb6652,4,a569,-2.91060762719511,10,0,10,2026-03-16
69b7ebfd71dae8f204ba4316,26b84eb9-b19c-417e-806e-79fa35bb6652,5,b570,-36.1294804356656,10,0,10,2026-03-16
69b7ebfd71dae8f204ba4316,26b84eb9-b19c-417e-806e-79fa35bb6652,6,a571,-41.2660878572295,10,0,10,2026-03-16
69b7ebfd71dae8f204ba4316,26b84eb9-b19c-417e-806e-79fa35bb6652,7,b572,-17.1699641422218,10,0,10,2026-03-16
69b7ebfd71dae8f204ba4316,26b84eb9-b19c-417e-806e-79fa35bb6652,1,a573,23.6170730062356,10,0,10,2026-03-16
69b7ebfd71dae8f204ba4316,26b84eb9-b19c-417e-806e-79fa35bb6652,6,b582,57.9731699878698,10,0,10,2026-03-16
69b82df33e591c102c615eac,b34338d2-78f5-42d7-8d8b-210bad991ed4,1,b574,-13.7325276883573,10,0,10,2026-03-16
69b82df33e591c102c615eac,b34338d2-78f5-42d7-8d8b-210bad991ed4,2,a575,-12.9202466621048,9,1,10,2026-03-16
69b82df33e591c102c615eac,b34338d2-78f5-42d7-8d8b-210bad991ed4,3,b576,24.861542734687,10,0,10,2026-03-16
69b82df33e591c102c615eac,b34338d2-78f5-42d7-8d8b-210bad991ed4,4,a579,-105.354013752138,3,0,3,2026-03-16
69b836403e591c102c635846,19199e73-b04f-4fc3-bfbe-26d977d5116a,1,a577,35.1512678143187,7,3,10,2026-03-16
69b890ff3b0754963ae1893d,298f1e8e-9027-4e62-94a3-0b1b2f20022f,1,b584,-63.4442368434464,10,0,10,2026-03-16
69b890ff3b0754963ae1893d,298f1e8e-9027-4e62-94a3-0b1b2f20022f,2,a585,-37.9419468093226,10,0,10,2026-03-16
69b896e33b0754963ae24d39,78972d3a-afd8-44c1-a8bc-a554858a64af,1,b586,-57.7116065365913,10,0,10,2026-03-16
69b896e33b0754963ae24d39,78972d3a-afd8-44c1-a8bc-a554858a64af,2,a587,18.2350895416364,1,0,1,2026-03-17
69b92bdacdc723ea6f663c6d,04769aec-6815-46dd-9211-331fabeadce3,1,b590,40.8624356749005,10,0,10,2026-03-17
69b9319dcdc723ea6f6842cb,f4b25a69-6664-4610-8877-06507b24fe74,1,b592,-17.5444701332467,10,0,10,2026-03-17
69b9319dcdc723ea6f6842cb,f4b25a69-6664-4610-8877-06507b24fe74,2,a593,-21.3561583184864,10,0,10,2026-03-17
69b9319dcdc723ea6f6842cb,f4b25a69-6664-4610-8877-06507b24fe74,3,b594,-0.632795194388841,10,0,10,2026-03-17
69b9319dcdc723ea6f6842cb,f4b25a69-6664-4610-8877-06507b24fe74,4,a595,-2.06593047206233,10,0,10,2026-03-17
69b9319dcdc723ea6f6842cb,f4b25a69-6664-4610-8877-06507b24fe74,5,b596,22.0074551412578,10,0,10,2026-03-17
69b9319dcdc723ea6f6842cb,f4b25a69-6664-4610-8877-06507b24fe74,6,a597,-41.0899051262825,10,0,10,2026-03-17
69b9319dcdc723ea6f6842cb,f4b25a69-6664-4610-8877-06507b24fe74,7,b598,51.4761055692179,10,0,10,2026-03-17
69b93286cdc723ea6f685967,072c4505-0d8e-4b52-9aa0-57c01613a7f0,1,a593,-21.3561583184864,5,5,10,2026-03-17
69b981db6bfdcc2753f80842,7936466f-383f-44f1-8e60-e053fc77a244,1,b602,29.8802706970641,4,0,4,2026-03-17
69b985be6bfdcc2753f84db5,72f796b5-143f-42b2-8a53-9adb175408e5,1,a603,-3.80217989347581,10,0,10,2026-03-17
69b985be6bfdcc2753f84db5,72f796b5-143f-42b2-8a53-9adb175408e5,2,a605,-25.1997912106324,10,0,10,2026-03-17
69b985be6bfdcc2753f84db5,72f796b5-143f-42b2-8a53-9adb175408e5,3,b606,-35.3591636583407,10,0,10,2026-03-18
69b985be6bfdcc2753f84db5,72f796b5-143f-42b2-8a53-9adb175408e5,4,a647,-17.9690786823402,10,0,10,2026-03-19
69b985be6bfdcc2753f84db5,72f796b5-143f-42b2-8a53-9adb175408e5,5,a677,83.1155118900218,10,0,10,2026-03-20
69b9861c6bfdcc2753f84dc0,73b1f98f-563b-4fd7-9fe9-593eb2e462b8,1,b604,-16.4480058968244,3,0,3,2026-03-17
69b9996f3ae4b224b7893f6b,de2c337c-669d-48d9-ac8a-314e90c9589d,1,b608,3.61219573167794,10,0,10,2026-03-17
69b9996f3ae4b224b7893f6b,de2c337c-669d-48d9-ac8a-314e90c9589d,2,a609,43.6712818996091,10,0,10,2026-03-17
69b9996f3ae4b224b7893f6b,de2c337c-669d-48d9-ac8a-314e90c9589d,3,b610,-13.045691000791,10,0,10,2026-03-17
69b9996f3ae4b224b7893f6b,de2c337c-669d-48d9-ac8a-314e90c9589d,4,a611,-40.0321598700001,10,0,10,2026-03-17
69b9996f3ae4b224b7893f6b,de2c337c-669d-48d9-ac8a-314e90c9589d,5,a615,-5.22262123314774,10,0,10,2026-03-17
69b9996f3ae4b224b7893f6b,de2c337c-669d-48d9-ac8a-314e90c9589d,6,b616,-19.8016434968179,10,0,10,2026-03-17
69b9996f3ae4b224b7893f6b,de2c337c-669d-48d9-ac8a-314e90c9589d,7,a617,33.5416659507748,10,0,10,2026-03-17
69b99fed3ae4b224b789cbae,e595ff94-2dab-4d4b-a12f-c84bc0ee304b,1,a611,-40.0321598700001,10,0,10,2026-03-17
69b99fed3ae4b224b789cbae,e595ff94-2dab-4d4b-a12f-c84bc0ee304b,2,b612,11.7912249576616,3,0,3,2026-03-17
69b9a40f3ae4b224b789e38b,45e9ce7f-033a-4d47-9b07-f60b34b49936,1,b614,-45.776298721055,7,3,10,2026-03-17
69b9aa583ae4b224b78af4c0,1ce39dc5-d627-4d7a-af72-d90532afb7f2,1,b616,-19.8016434968179,10,0,10,2026-03-17
69b9aa583ae4b224b78af4c0,1ce39dc5-d627-4d7a-af72-d90532afb7f2,2,a617,33.5416659507748,10,0,10,2026-03-17
69b9aa583ae4b224b78af4c0,1ce39dc5-d627-4d7a-af72-d90532afb7f2,3,b618,-21.8354463600982,10,0,10,2026-03-17
69b9aa583ae4b224b78af4c0,1ce39dc5-d627-4d7a-af72-d90532afb7f2,4,a619,9.86669688448755,10,0,10,2026-03-17
69b9aa583ae4b224b78af4c0,1ce39dc5-d627-4d7a-af72-d90532afb7f2,5,b620,17.6708597641189,10,0,10,2026-03-17
69b9aa583ae4b224b78af4c0,1ce39dc5-d627-4d7a-af72-d90532afb7f2,6,a621,-70.7002762593292,10,0,10,2026-03-17
69b9aa583ae4b224b78af4c0,1ce39dc5-d627-4d7a-af72-d90532afb7f2,7,b622,-10.9026133226182,10,0,10,2026-03-17
69b9b7e83ae4b224b78c4482,1746e139-71ce-4002-9640-8d8798b84cd6,1,b622,-1.3234755800934,1,0,1,2026-03-17
69b9b8213ae4b224b78c44fb,b99d1d33-6515-4b29-a643-709e488de06b,1,a623,9.48029287065055,1,1,2,2026-03-17
69b9b8c93ae4b224b78cbaff,59f722e4-f7a3-41b0-935e-5ec1e114d31b,1,b624,-25.6602136705076,10,0,10,2026-03-17
69b9b8c93ae4b224b78cbaff,59f722e4-f7a3-41b0-935e-5ec1e114d31b,2,a625,62.650431115694,10,0,10,2026-03-17
69b9b8c93ae4b224b78cbaff,59f722e4-f7a3-41b0-935e-5ec1e114d31b,3,b626,27.7192599632563,9,1,10,2026-03-17
69b9b8c93ae4b224b78cbaff,59f722e4-f7a3-41b0-935e-5ec1e114d31b,3,a627,60.153972632174,10,0,10,2026-03-17
69b9b8c93ae4b224b78cbaff,59f722e4-f7a3-41b0-935e-5ec1e114d31b,4,b628,59.2381301481514,10,0,10,2026-03-17
69b9b8c93ae4b224b78cbaff,59f722e4-f7a3-41b0-935e-5ec1e114d31b,5,a629,38.9559160873145,10,0,10,2026-03-17
69b9b8c93ae4b224b78cbaff,59f722e4-f7a3-41b0-935e-5ec1e114d31b,6,b630,-47.4317347155161,10,0,10,2026-03-17
69b9b8c93ae4b224b78cbaff,59f722e4-f7a3-41b0-935e-5ec1e114d31b,7,a631,-89.3759874211337,9,1,10,2026-03-18
69b9b8c93ae4b224b78cbaff,59f722e4-f7a3-41b0-935e-5ec1e114d31b,1,a635,-7.39307201351508,10,0,10,2026-03-18
69b9b8c93ae4b224b78cbaff,59f722e4-f7a3-41b0-935e-5ec1e114d31b,1,b636,13.6483882964085,10,0,10,2026-03-24
69b9b8c93ae4b224b78cbaff,59f722e4-f7a3-41b0-935e-5ec1e114d31b,2,a987,93.3522765843647,10,0,10,2026-03-24
69b9b8c93ae4b224b78cbaff,59f722e4-f7a3-41b0-935e-5ec1e114d31b,7,a991,21.496852579166,10,0,10,2026-03-24
69b9b8c93ae4b224b78cbaff,59f722e4-f7a3-41b0-935e-5ec1e114d31b,7,a997,-71.6085569491148,10,0,10,2026-03-24
69b9b8c93ae4b224b78cbaff,59f722e4-f7a3-41b0-935e-5ec1e114d31b,1,b1032,70.9093678620971,10,0,10,2026-03-24
69b9b8c93ae4b224b78cbaff,59f722e4-f7a3-41b0-935e-5ec1e114d31b,2,a1035,9.63738191259649,10,0,10,2026-03-25
69b9b8c93ae4b224b78cbaff,59f722e4-f7a3-41b0-935e-5ec1e114d31b,5,a2519,-144.838263377,10,0,10,2026-03-25
69b9b8c93ae4b224b78cbaff,59f722e4-f7a3-41b0-935e-5ec1e114d31b,7,b2528,-13.809743011,9,1,10,2026-03-30
69b9be9a3ae4b224b78ebb7d,8bca414c-18a5-425a-827b-a88b286af026,1,b626,-1.66211149037107,10,0,10,2026-03-17
69b9d6093ae4b224b794fc71,151878c8-c879-489d-9d6c-dc9f1a3a25f9,1,b632,-59.0669585821313,10,0,10,2026-03-17
69b9d6093ae4b224b794fc71,151878c8-c879-489d-9d6c-dc9f1a3a25f9,2,a633,4.33017931677527,9,1,10,2026-03-17
69ba22d1a816989fe702df88,10974f01-a063-418d-9f5b-3d4ad360c227,1,a637,-20.2464168391824,2,8,10,2026-03-18
69ba22d1a816989fe702df88,10974f01-a063-418d-9f5b-3d4ad360c227,1,b638,0,0,1,1,2026-03-18
69ba2477a816989fe702df92,453dbfc9-2ee8-4653-a4ac-c7ed304cd16f,1,a637,-62.0982219184984,10,0,10,2026-03-18
69ba2477a816989fe702df92,453dbfc9-2ee8-4653-a4ac-c7ed304cd16f,2,b638,1.25185634222542,1,0,1,2026-03-18
69ba8463cab7ad45b3729436,d0d84371-bca7-4416-bc15-93f0e225937d,1,b640,62.913236547599,10,0,10,2026-03-18
69baad489c75a40a338018e1,c8c18bca-4d04-4c5c-b779-453f72f9981c,1,b642,67.1263118189331,7,3,10,2026-03-18
69baad489c75a40a338018e1,c8c18bca-4d04-4c5c-b779-453f72f9981c,2,a643,60.1388511185656,10,0,10,2026-03-18
69baad489c75a40a338018e1,c8c18bca-4d04-4c5c-b779-453f72f9981c,3,b644,-28.1700598006556,10,0,10,2026-03-18
69baad489c75a40a338018e1,c8c18bca-4d04-4c5c-b779-453f72f9981c,4,a645,-35.715233540909,8,2,10,2026-03-18
69baad489c75a40a338018e1,c8c18bca-4d04-4c5c-b779-453f72f9981c,4,b646,0,0,1,1,2026-03-18
69bb0389e4625f79b1497783,891fbc22-e418-46c3-aa72-576203ba6156,1,b648,13.3542398909562,10,0,10,2026-03-18
69bb0389e4625f79b1497783,891fbc22-e418-46c3-aa72-576203ba6156,1,a649,-47.145885349597,10,0,10,2026-03-20
69bb0389e4625f79b1497783,891fbc22-e418-46c3-aa72-576203ba6156,1,b710,-25.8764304922322,10,0,10,2026-04-28
69bb4c3cedcb59bc8fdbf4f2,611b5d75-63b7-4bd5-ab7f-d327443a92c8,1,b650,21.1054850802921,10,0,10,2026-03-19
69bb4c3cedcb59bc8fdbf4f2,611b5d75-63b7-4bd5-ab7f-d327443a92c8,2,a651,-63.9578502443147,10,0,10,2026-03-19
69bb4c3cedcb59bc8fdbf4f2,611b5d75-63b7-4bd5-ab7f-d327443a92c8,3,b652,40.4769630016149,10,0,10,2026-03-19
69bb4c3cedcb59bc8fdbf4f2,611b5d75-63b7-4bd5-ab7f-d327443a92c8,4,a653,-108.90545221249,10,0,10,2026-03-19
69bb4c3cedcb59bc8fdbf4f2,611b5d75-63b7-4bd5-ab7f-d327443a92c8,5,b654,41.0467537781731,10,0,10,2026-03-19
69bb4c3cedcb59bc8fdbf4f2,611b5d75-63b7-4bd5-ab7f-d327443a92c8,6,a655,0,0,10,10,2026-03-19
69bb4c3cedcb59bc8fdbf4f2,611b5d75-63b7-4bd5-ab7f-d327443a92c8,1,b656,18.1009707152006,2,0,2,2026-03-20
69bbfc63b6487c56ce5c069e,190d89b0-b38c-4c79-921a-d2017cd68c4b,1,b660,10.7272716898885,10,0,10,2026-03-19
69bbfc63b6487c56ce5c069e,190d89b0-b38c-4c79-921a-d2017cd68c4b,2,a661,47.9236139556686,9,1,10,2026-03-19
69bc28ea327703d9e25589c0,e126e343-9025-48e6-a212-d3f990597574,1,b664,-26.9548589181736,10,0,10,2026-03-19
69bc28ea327703d9e25589c0,e126e343-9025-48e6-a212-d3f990597574,2,a665,97.0026449119246,9,1,10,2026-03-19
69bc28ea327703d9e25589c0,e126e343-9025-48e6-a212-d3f990597574,1,a667,-0.58676165775594,10,0,10,2026-03-19
69bc28ea327703d9e25589c0,e126e343-9025-48e6-a212-d3f990597574,3,b668,38.7395761053471,10,0,10,2026-03-21
69bc28ea327703d9e25589c0,e126e343-9025-48e6-a212-d3f990597574,4,b744,-76.7904411947411,10,0,10,2026-03-21
69bc28ea327703d9e25589c0,e126e343-9025-48e6-a212-d3f990597574,5,a745,-168.780151671819,10,0,10,2026-03-24
69bc28ea327703d9e25589c0,e126e343-9025-48e6-a212-d3f990597574,6,a893,-31.0565096861897,9,1,10,2026-03-24
69bc28ea327703d9e25589c0,e126e343-9025-48e6-a212-d3f990597574,1,a913,104.787183888179,8,2,10,2026-04-14
69bc28ea327703d9e25589c0,e126e343-9025-48e6-a212-d3f990597574,7,a4000,-24.6324043753001,10,0,10,2026-04-22
69bc28ea327703d9e25589c0,e126e343-9025-48e6-a212-d3f990597574,1,b4667,3.98926950609243,9,1,10,2026-04-22
69bc3b8bd7e73a804fefe513,d855a23d-9089-4b6b-b3b9-7a9259d59939,1,b666,-5.10042141863203,2,8,10,2026-03-19
69bc46d4d7e73a804ff3556d,c820dad2-9eeb-4da3-84a4-442db1354ed7,1,a669,-12.2578948081244,8,0,8,2026-03-19
69bc4c55d7e73a804ff3bac7,ad3da460-398d-4178-8916-7fc7789e987e,1,b670,0,0,10,10,2026-03-19
69bc4c55d7e73a804ff3bac7,ad3da460-398d-4178-8916-7fc7789e987e,1,a671,-69.7830730755581,3,7,10,2026-03-19
69bc4c55d7e73a804ff3bac7,ad3da460-398d-4178-8916-7fc7789e987e,1,b672,-11.3338189091586,4,6,10,2026-03-19
69bc512ad7e73a804ff476e9,50510216-bc5a-45ca-933e-b9baf4ea7f38,1,a671,-82.2462805267799,9,1,10,2026-03-19
69bc512ad7e73a804ff476e9,50510216-bc5a-45ca-933e-b9baf4ea7f38,2,b672,-11.3338189091586,10,0,10,2026-03-19
69bc6628d7e73a804ffd49e0,396cd42f-22fc-41ac-9ab6-e3a702527dcd,1,a675,-102.043676531518,10,0,10,2026-03-19
69bc6628d7e73a804ffd49e0,396cd42f-22fc-41ac-9ab6-e3a702527dcd,2,a709,-100.578833074101,9,1,10,2026-03-20
69bc6628d7e73a804ffd49e0,396cd42f-22fc-41ac-9ab6-e3a702527dcd,3,b742,41.313021843687,10,0,10,2026-03-20
69bc6737d7e73a804ffe86df,b417db54-dd33-4cb8-b344-b658fad590d4,1,b676,-6.42903146452819,9,1,10,2026-03-19
69bc6e63d7e73a804f00605b,e6debaa9-594b-448b-8dd9-694e6aad9f59,1,b678,-29.3666175227091,4,1,5,2026-03-19
69bc7759d7e73a804f007a5f,58a5d0a8-2996-42c5-96fa-b5d088161138,1,a679,-39.7139056545674,10,0,10,2026-03-19
69bc7759d7e73a804f007a5f,58a5d0a8-2996-42c5-96fa-b5d088161138,2,b680,-12.8973826500791,10,0,10,2026-03-19
69bc7759d7e73a804f007a5f,58a5d0a8-2996-42c5-96fa-b5d088161138,3,a681,2.04975208278239,9,0,9,2026-03-24
69bc775ad7e73a804f007a67,990ba7a3-5ca4-49df-8b18-8c23cc7c6707,1,a679,28.8170184053688,2,1,3,2026-03-19
69bc7ac4d7e73a804f00ae75,ab54d134-6ad9-4d6b-8226-842297c5585f,1,a681,-8.03049291101257,10,0,10,2026-03-19
69bc7ac4d7e73a804f00ae75,ab54d134-6ad9-4d6b-8226-842297c5585f,2,b682,-81.9756131341775,10,0,10,2026-03-19
69bc7ac4d7e73a804f00ae75,ab54d134-6ad9-4d6b-8226-842297c5585f,3,a683,48.2839520287093,10,0,10,2026-03-20
69bc7ac4d7e73a804f00ae75,ab54d134-6ad9-4d6b-8226-842297c5585f,2,a687,0,0,10,10,2026-03-22
69bc7ac4d7e73a804f00ae75,ab54d134-6ad9-4d6b-8226-842297c5585f,3,b788,0,0,10,10,2026-03-22
69bc7ac4d7e73a804f00ae75,ab54d134-6ad9-4d6b-8226-842297c5585f,3,a789,0,0,10,10,2026-03-22
69bc7ac4d7e73a804f00ae75,ab54d134-6ad9-4d6b-8226-842297c5585f,3,b790,-60.0321338702974,10,0,10,2026-03-22
69bc7ac4d7e73a804f00ae75,ab54d134-6ad9-4d6b-8226-842297c5585f,4,a791,-89.3499287070132,8,2,10,2026-03-22
69bc7ac4d7e73a804f00ae75,ab54d134-6ad9-4d6b-8226-842297c5585f,4,b792,-43.5878890616332,10,0,10,2026-03-22
69bc7ac4d7e73a804f00ae75,ab54d134-6ad9-4d6b-8226-842297c5585f,5,a793,-5.78729998472896,8,2,10,2026-03-22
69bc7ac4d7e73a804f00ae75,ab54d134-6ad9-4d6b-8226-842297c5585f,5,b794,53.9977222782816,9,1,10,2026-03-22
69bc7ac4d7e73a804f00ae75,ab54d134-6ad9-4d6b-8226-842297c5585f,5,a795,-62.579059513399,10,0,10,2026-03-22
69bc7ac4d7e73a804f00ae75,ab54d134-6ad9-4d6b-8226-842297c5585f,6,b796,33.1651483029346,10,0,10,2026-03-22
69bc7ac4d7e73a804f00ae75,ab54d134-6ad9-4d6b-8226-842297c5585f,7,a797,85.2329466619184,10,0,10,2026-03-22
69bc7de8d7e73a804f01b2d2,476eef70-5878-4c25-9606-d53a12d29124,1,b682,-81.9756131341775,2,8,10,2026-03-19
69bc7de8d7e73a804f01b2d2,476eef70-5878-4c25-9606-d53a12d29124,2,a683,48.2839520287093,2,8,10,2026-03-19
69bc7de8d7e73a804f01b2d2,476eef70-5878-4c25-9606-d53a12d29124,3,b684,32.4780470733551,3,7,10,2026-03-19
69bc82fbd7e73a804f04b7cb,d85069b3-8010-48c3-bfc2-d0f2a2194552,1,b684,31.5556895711657,3,7,10,2026-03-19
69bc82fbd7e73a804f04b7cb,d85069b3-8010-48c3-bfc2-d0f2a2194552,2,a685,38.6856726928704,2,8,10,2026-03-19
69bc82fbd7e73a804f04b7cb,d85069b3-8010-48c3-bfc2-d0f2a2194552,1,b686,60.9905892307034,5,5,10,2026-03-19
69bc82fbd7e73a804f04b7cb,d85069b3-8010-48c3-bfc2-d0f2a2194552,1,a687,-18.6790833710415,0,1,1,2026-03-26
69bc96f0d7e73a804f1051fa,fc177ad7-e282-47d2-9d86-89b791986dbe,1,b688,-4.69886206910522,10,0,10,2026-03-20
69bc96f0d7e73a804f1051fa,fc177ad7-e282-47d2-9d86-89b791986dbe,2,a689,-26.5917001851677,10,0,10,2026-03-20
69bccccc52467082a4a576ca,741e6c11-a06a-4e63-8eaf-29f2b780651c,1,b696,10.4676801706255,9,1,10,2026-03-20
69bccccc52467082a4a576ca,741e6c11-a06a-4e63-8eaf-29f2b780651c,1,a697,-46.9140046661859,9,1,10,2026-03-20
69bccccc52467082a4a576ca,741e6c11-a06a-4e63-8eaf-29f2b780651c,2,b698,-3.69838131804236,10,0,10,2026-03-20
69bccccc52467082a4a576ca,741e6c11-a06a-4e63-8eaf-29f2b780651c,3,a699,-0.213375968127853,9,1,10,2026-03-20
69bced429db52114f4095d74,47fdf480-3a31-4f22-b289-478cac3e0ae6,1,b700,67.1180624875861,10,0,10,2026-03-20
69bd1601ee958ddc893b95c6,fa929c18-bdb9-47bc-bf0e-4dddb5b1a1ce,1,b702,-23.3957447769359,10,0,10,2026-03-20
69bd1601ee958ddc893b95c6,fa929c18-bdb9-47bc-bf0e-4dddb5b1a1ce,2,a703,-118.304558834916,10,0,10,2026-03-20
69bd1601ee958ddc893b95c6,fa929c18-bdb9-47bc-bf0e-4dddb5b1a1ce,3,b704,-13.8250472643934,10,0,10,2026-03-20
69bd1601ee958ddc893b95c6,fa929c18-bdb9-47bc-bf0e-4dddb5b1a1ce,4,a705,-16.0595844121727,9,1,10,2026-03-20
69bd1601ee958ddc893b95c6,fa929c18-bdb9-47bc-bf0e-4dddb5b1a1ce,5,b706,-12.2041375424487,10,0,10,2026-03-20
69bd1601ee958ddc893b95c6,fa929c18-bdb9-47bc-bf0e-4dddb5b1a1ce,6,a707,18.9473879753845,10,0,10,2026-03-20
69bd1601ee958ddc893b95c6,fa929c18-bdb9-47bc-bf0e-4dddb5b1a1ce,7,b708,-82.214547627619,10,0,10,2026-03-20
69bd3d91ee958ddc89426d17,74d2eaf5-6098-4234-a8a8-57ee6b1698b1,1,a713,19.0782000446243,1,0,1,2026-03-20
69bd5913cde7c53bfae07a6c,f051ba05-79c6-460c-8bef-7d39f3e52aa1,1,b714,-20.3126721108981,9,1,10,2026-03-20
69bd598ecde7c53bfae0c1ae,4da919c1-ef61-420f-9780-0a077f2ec05b,1,a715,-9.03182467268752,10,0,10,2026-03-20
69bd598ecde7c53bfae0c1ae,4da919c1-ef61-420f-9780-0a077f2ec05b,2,b716,35.6180564814356,10,0,10,2026-03-20
69bd64d4cde7c53bfae27d08,418c576e-4c8c-461f-8caf-0b657f6d6f99,1,a719,-88.370607245488,8,2,10,2026-03-20
69bd80fbd6a0ac3b0933c80c,0bd639bc-9ec8-46d6-aaa3-8a9d3ffabe96,1,a721,-33.9235646841858,5,5,10,2026-03-20
69bd8111d6a0ac3b0933c813,b06c55a5-b2e4-41d2-8163-38138181d091,1,a721,3.05222975789811,10,0,10,2026-03-20
69bd8111d6a0ac3b0933c813,b06c55a5-b2e4-41d2-8163-38138181d091,2,b722,37.3632550836599,10,0,10,2026-03-20
69bd8111d6a0ac3b0933c813,b06c55a5-b2e4-41d2-8163-38138181d091,3,a723,-31.2719049424466,10,0,10,2026-03-23
69bd96a9b32e2572cb984eaf,fd3608d1-7ac9-4374-8c8a-f5d5c3e854cb,1,a729,28.4838396799949,10,0,10,2026-03-20
69bd96a9b32e2572cb984eaf,fd3608d1-7ac9-4374-8c8a-f5d5c3e854cb,2,b730,75.6123479698882,10,0,10,2026-03-20
69bd96a9b32e2572cb984eaf,fd3608d1-7ac9-4374-8c8a-f5d5c3e854cb,3,a731,6.08661613225736,10,0,10,2026-03-20
69bd96a9b32e2572cb984eaf,fd3608d1-7ac9-4374-8c8a-f5d5c3e854cb,4,b732,-48.2030810683357,10,0,10,2026-03-20
69bd96a9b32e2572cb984eaf,fd3608d1-7ac9-4374-8c8a-f5d5c3e854cb,5,a733,-43.6069564023852,10,0,10,2026-03-20
69bd96a9b32e2572cb984eaf,fd3608d1-7ac9-4374-8c8a-f5d5c3e854cb,6,a735,1.86185402241888,10,0,10,2026-03-20
69bd96a9b32e2572cb984eaf,fd3608d1-7ac9-4374-8c8a-f5d5c3e854cb,7,b736,-54.0007233318994,10,0,10,2026-03-20
69bdaa49b32e2572cb9e4ac8,319f102a-97bd-45ee-a194-1619390b804a,1,b734,16.0588585602867,10,0,10,2026-03-20
69bdaa49b32e2572cb9e4ac8,319f102a-97bd-45ee-a194-1619390b804a,2,a735,1.86185402241888,10,0,10,2026-03-20
69bdaa49b32e2572cb9e4ac8,319f102a-97bd-45ee-a194-1619390b804a,3,b736,-54.0007233318994,10,0,10,2026-03-20
69bdaa49b32e2572cb9e4ac8,319f102a-97bd-45ee-a194-1619390b804a,4,a737,-65.130025633426,10,0,10,2026-03-20
69bdaa49b32e2572cb9e4ac8,319f102a-97bd-45ee-a194-1619390b804a,5,b738,-17.5406465156323,10,0,10,2026-03-20
69bdaa49b32e2572cb9e4ac8,319f102a-97bd-45ee-a194-1619390b804a,6,a739,-56.9410325392117,10,0,10,2026-03-20
69bdaa49b32e2572cb9e4ac8,319f102a-97bd-45ee-a194-1619390b804a,7,b740,-17.1839045096281,10,0,10,2026-03-20
69be21b694ab76716aebf918,b1789064-018c-43e8-ae7c-4ef5f0e30a81,1,b746,41.9689960182493,1,2,3,2026-03-21
69be4bc453e450e9025ae876,c5585c1e-e7e5-43ad-b619-b9c01a0da945,1,a747,-11.8561911209557,10,0,10,2026-03-21
69be4bc453e450e9025ae876,c5585c1e-e7e5-43ad-b619-b9c01a0da945,2,b748,-6.79126748878733,1,0,1,2026-03-21
69be899aa047e780d5a26441,5248bd13-633b-460b-91b2-225067cdf39d,1,a749,-7.17782372767255,10,0,10,2026-03-21
69be899aa047e780d5a26441,5248bd13-633b-460b-91b2-225067cdf39d,1,b750,104.861045597515,10,0,10,2026-03-21
69be899aa047e780d5a26441,5248bd13-633b-460b-91b2-225067cdf39d,2,a751,-53.8844544237914,10,0,10,2026-03-21
69be899aa047e780d5a26441,5248bd13-633b-460b-91b2-225067cdf39d,1,b752,-52.8740667664892,10,0,10,2026-03-21
69be899aa047e780d5a26441,5248bd13-633b-460b-91b2-225067cdf39d,3,a753,-37.4550125564542,10,0,10,2026-03-21
69be899aa047e780d5a26441,5248bd13-633b-460b-91b2-225067cdf39d,4,a763,-89.0058278436272,10,0,10,2026-03-21
69be899aa047e780d5a26441,5248bd13-633b-460b-91b2-225067cdf39d,5,a765,0.0177876254705573,10,0,10,2026-03-21
69be899aa047e780d5a26441,5248bd13-633b-460b-91b2-225067cdf39d,6,b766,-60.0409432892625,10,0,10,2026-03-21
69be899aa047e780d5a26441,5248bd13-633b-460b-91b2-225067cdf39d,7,a767,62.8171467458875,10,0,10,2026-03-21
69beabc501e74469d31ecc63,229bd40a-c0a7-42e8-b10f-c0fa3921f1d5,1,b754,-47.8149311072459,6,4,10,2026-03-21
69beabc501e74469d31ecc63,229bd40a-c0a7-42e8-b10f-c0fa3921f1d5,1,a755,-88.4050152647798,10,0,10,2026-03-21
69beabc501e74469d31ecc63,229bd40a-c0a7-42e8-b10f-c0fa3921f1d5,2,a755,-88.4050152647798,10,0,10,2026-03-21
69beabc501e74469d31ecc63,229bd40a-c0a7-42e8-b10f-c0fa3921f1d5,3,b758,0.460339095566262,10,0,10,2026-03-21
69beabc501e74469d31ecc63,229bd40a-c0a7-42e8-b10f-c0fa3921f1d5,4,a759,7.00798849109989,10,0,10,2026-03-21
69beabc501e74469d31ecc63,229bd40a-c0a7-42e8-b10f-c0fa3921f1d5,5,a761,-24.1587391214412,10,0,10,2026-03-21
69beabc501e74469d31ecc63,229bd40a-c0a7-42e8-b10f-c0fa3921f1d5,6,b762,-12.8439652084912,10,0,10,2026-03-21
69beabc501e74469d31ecc63,229bd40a-c0a7-42e8-b10f-c0fa3921f1d5,7,a763,-89.0058278436272,6,4,10,2026-03-21
69beabc501e74469d31ecc63,229bd40a-c0a7-42e8-b10f-c0fa3921f1d5,1,b768,-62.8593962855211,10,0,10,2026-03-21
69beabc501e74469d31ecc63,229bd40a-c0a7-42e8-b10f-c0fa3921f1d5,2,a769,-18.8733158264016,10,0,10,2026-03-21
69beabc501e74469d31ecc63,229bd40a-c0a7-42e8-b10f-c0fa3921f1d5,3,b770,31.2432435106966,9,1,10,2026-03-22
69beabc501e74469d31ecc63,229bd40a-c0a7-42e8-b10f-c0fa3921f1d5,4,a773,48.611001338351,10,0,10,2026-03-22
69beabc501e74469d31ecc63,229bd40a-c0a7-42e8-b10f-c0fa3921f1d5,5,a779,-2.30815976022055,9,1,10,2026-03-24
69bec15367cfd2cf71c64923,84086c9f-65d3-4436-873f-1665b913f00e,1,b756,-55.8921007095948,10,0,10,2026-03-21
69beeb389ca5a475d7115cb8,4c2bd631-ca06-4b31-aee9-d783045b518c,1,b760,-75.7333928111464,10,0,10,2026-03-21
69beeb389ca5a475d7115cb8,4c2bd631-ca06-4b31-aee9-d783045b518c,2,a761,-24.1587391214412,10,0,10,2026-03-21
69beeb389ca5a475d7115cb8,4c2bd631-ca06-4b31-aee9-d783045b518c,3,b762,-12.8439652084912,10,0,10,2026-03-22
69beeb389ca5a475d7115cb8,4c2bd631-ca06-4b31-aee9-d783045b518c,4,b802,-31.7621402333838,10,0,10,2026-03-23
69beeb389ca5a475d7115cb8,4c2bd631-ca06-4b31-aee9-d783045b518c,5,a821,32.4008706594218,10,0,10,2026-03-24
69befcf59ca5a475d719b986,bed09b56-5685-4928-981c-b3509074e451,1,a765,0.0177876254705573,9,1,10,2026-03-21
69befcf59ca5a475d719b986,bed09b56-5685-4928-981c-b3509074e451,2,b766,-60.0409432892625,10,0,10,2026-03-21
69befcf59ca5a475d719b986,bed09b56-5685-4928-981c-b3509074e451,2,a767,62.8171467458875,10,0,10,2026-03-22
69befcf59ca5a475d719b986,bed09b56-5685-4928-981c-b3509074e451,3,b776,-58.5775182342167,10,0,10,2026-03-22
69befcf59ca5a475d719b986,bed09b56-5685-4928-981c-b3509074e451,4,a777,-32.8433700984297,10,0,10,2026-03-22
69befcf59ca5a475d719b986,bed09b56-5685-4928-981c-b3509074e451,5,b778,32.9751914478669,10,0,10,2026-03-22
69befcf59ca5a475d719b986,bed09b56-5685-4928-981c-b3509074e451,6,a779,-2.30815976022055,10,0,10,2026-03-22
69befcf59ca5a475d719b986,bed09b56-5685-4928-981c-b3509074e451,7,a795,-101.551899242042,10,0,10,2026-03-22
69bf41bbf37d973ae770faae,8201b099-c761-4845-b472-ee5f735e8240,1,b770,23.9736408847339,9,1,10,2026-03-22
69bf67fcc6a7589e7504eba6,dd0310be-fc32-43ac-a604-b3c108b435b2,1,a773,1.16297419282386,1,1,2,2026-03-22
69bf7526435dbb5754665068,9446b8f9-971d-4b56-bb03-e365752e34d4,1,a773,47.4480271455272,9,1,10,2026-03-22
69bf7526435dbb5754665068,9446b8f9-971d-4b56-bb03-e365752e34d4,2,b774,31.6223458711182,10,0,10,2026-03-22
69bfcf3878f27461ca84a6af,c466583f-d6f7-4484-8a80-ad1d526b79c1,1,b780,3.86982706066484,0,1,1,2026-03-22
69c035274221800bc767456b,556f1829-f1ad-4bb3-891b-4e7ec4466ec7,1,a787,20.9122535458313,9,1,10,2026-03-23
69c035274221800bc767456b,556f1829-f1ad-4bb3-891b-4e7ec4466ec7,2,b814,54.1526486916569,10,0,10,2026-03-23
69c035274221800bc767456b,556f1829-f1ad-4bb3-891b-4e7ec4466ec7,3,a815,77.4819211182395,10,0,10,2026-03-24
69c035274221800bc767456b,556f1829-f1ad-4bb3-891b-4e7ec4466ec7,4,b848,34.5264474878791,10,0,10,2026-03-24
69c035274221800bc767456b,556f1829-f1ad-4bb3-891b-4e7ec4466ec7,5,a849,-51.5593318982815,9,1,10,2026-03-27
69c035274221800bc767456b,556f1829-f1ad-4bb3-891b-4e7ec4466ec7,6,b2676,-6.42903147099999,10,0,10,2026-03-27
69c067cd176ca555fb646eae,58ceef5c-4dbf-4aa4-91d5-d74f57435c19,1,b800,-95.0231977797231,9,1,10,2026-03-22
69c067cd176ca555fb646eae,58ceef5c-4dbf-4aa4-91d5-d74f57435c19,1,b802,-31.7621402333838,10,0,10,2026-03-22
69c067cd176ca555fb646eae,58ceef5c-4dbf-4aa4-91d5-d74f57435c19,2,a803,-23.8750005574081,10,0,10,2026-03-22
69c067cd176ca555fb646eae,58ceef5c-4dbf-4aa4-91d5-d74f57435c19,3,b804,26.3974512488231,10,0,10,2026-03-22
69c067cd176ca555fb646eae,58ceef5c-4dbf-4aa4-91d5-d74f57435c19,4,a805,29.4418913714736,9,1,10,2026-03-22
69c067cd176ca555fb646eae,58ceef5c-4dbf-4aa4-91d5-d74f57435c19,4,b806,-39.1928876125417,10,0,10,2026-03-22
69c067cd176ca555fb646eae,58ceef5c-4dbf-4aa4-91d5-d74f57435c19,5,a807,43.2951107364289,10,0,10,2026-03-22
69c067cd176ca555fb646eae,58ceef5c-4dbf-4aa4-91d5-d74f57435c19,6,b808,-51.1689622325715,10,0,10,2026-03-22
69c067cd176ca555fb646eae,58ceef5c-4dbf-4aa4-91d5-d74f57435c19,7,a809,22.2673184627204,10,0,10,2026-03-22
69c06892176ca555fb656362,b6f2c240-30a6-4d3d-bd25-a13a923dcc8c,1,a801,38.9447851905495,10,0,10,2026-03-22
69c06892176ca555fb656362,b6f2c240-30a6-4d3d-bd25-a13a923dcc8c,2,b802,-31.7621402333838,10,0,10,2026-03-22
69c06892176ca555fb656362,b6f2c240-30a6-4d3d-bd25-a13a923dcc8c,3,a803,-23.8750005574081,10,0,10,2026-03-22
69c09085e283421c2385095b,c5f05648-5d1e-468b-8876-deac3dbc6e46,1,b812,23.4687535413214,10,0,10,2026-03-23
69c09085e283421c2385095b,c5f05648-5d1e-468b-8876-deac3dbc6e46,2,a813,-124.223981903756,10,0,10,2026-03-23
69c09085e283421c2385095b,c5f05648-5d1e-468b-8876-deac3dbc6e46,3,b814,54.1526486916569,10,0,10,2026-03-23
69c09085e283421c2385095b,c5f05648-5d1e-468b-8876-deac3dbc6e46,3,a815,77.4819211182395,10,0,10,2026-03-23
69c095e5e283421c238548ce,9b693f1c-cbf3-4161-850c-46b6b623b77e,1,b814,54.1526486916569,10,0,10,2026-03-23
69c0affcfd17e80c34bfb911,616266bc-7e55-452e-a285-d8dd10f40611,1,b822,-73.1138649964147,10,0,10,2026-03-23
69c0affcfd17e80c34bfb911,616266bc-7e55-452e-a285-d8dd10f40611,2,a823,27.0406425476679,10,0,10,2026-03-23
69c0affcfd17e80c34bfb911,616266bc-7e55-452e-a285-d8dd10f40611,3,b824,2.8238716815536,10,0,10,2026-03-23
69c0affcfd17e80c34bfb911,616266bc-7e55-452e-a285-d8dd10f40611,2,a825,-61.6161941591313,10,0,10,2026-03-23
69c0affcfd17e80c34bfb911,616266bc-7e55-452e-a285-d8dd10f40611,4,b826,3.59295009897051,1,0,1,2026-03-24
69c0eb75ede26f7a72313f71,4047a100-2dd7-4fe8-a912-4efd739742c9,1,a827,17.9695644181447,10,0,10,2026-03-23
69c0eb75ede26f7a72313f71,4047a100-2dd7-4fe8-a912-4efd739742c9,2,b828,9.89660162296711,10,0,10,2026-03-24
69c0eb75ede26f7a72313f71,4047a100-2dd7-4fe8-a912-4efd739742c9,3,b848,34.5264474878791,10,0,10,2026-03-24
69c125388b1fe78019f23cba,c4725e41-befd-459f-9987-05633be5e04f,1,b832,-14.7330781370083,7,3,10,2026-03-23
69c125388b1fe78019f23cba,c4725e41-befd-459f-9987-05633be5e04f,2,a833,-41.3901381574003,8,2,10,2026-03-23
69c125388b1fe78019f23cba,c4725e41-befd-459f-9987-05633be5e04f,3,a833,-41.3901381574003,10,0,10,2026-03-23
69c125388b1fe78019f23cba,c4725e41-befd-459f-9987-05633be5e04f,4,b834,34.471306908244,7,3,10,2026-03-23
69c125388b1fe78019f23cba,c4725e41-befd-459f-9987-05633be5e04f,4,a835,26.4692831214126,6,4,10,2026-03-23
69c177b152c32ead77d79816,f3bbaab4-4b29-4440-8377-830bf9bbe647,1,a837,-47.7047772908873,3,0,3,2026-03-23
69c1a6657f994ba0dba10e5b,69873e15-2501-44a5-9e40-93bdcf1da4d7,1,a839,2.03716573855937,10,0,10,2026-03-23
69c1e6dd2da1f7beca6971d5,c1dfe33c-bda8-4414-818b-6f3a4efea500,1,b848,10.0760966850311,7,3,10,2026-03-24
69c1e6dd2da1f7beca6971d5,c1dfe33c-bda8-4414-818b-6f3a4efea500,1,b850,-9.05748393985961,1,0,1,2026-03-24
69c1e6dd2da1f7beca6971d5,c1dfe33c-bda8-4414-818b-6f3a4efea500,1,b854,-15.1877184881402,10,0,10,2026-03-24
69c1e6dd2da1f7beca6971d5,c1dfe33c-bda8-4414-818b-6f3a4efea500,2,a855,-36.1893720895302,10,0,10,2026-03-24
69c1e6dd2da1f7beca6971d5,c1dfe33c-bda8-4414-818b-6f3a4efea500,3,a861,-56.2365216079271,10,0,10,2026-03-24
69c1e6dd2da1f7beca6971d5,c1dfe33c-bda8-4414-818b-6f3a4efea500,4,b870,25.8450506163675,10,0,10,2026-03-24
69c1e6dd2da1f7beca6971d5,c1dfe33c-bda8-4414-818b-6f3a4efea500,5,b872,58.3206245485693,10,0,10,2026-03-24
69c1e6dd2da1f7beca6971d5,c1dfe33c-bda8-4414-818b-6f3a4efea500,6,a873,-57.9300008268483,9,1,10,2026-03-24
69c1e6dd2da1f7beca6971d5,c1dfe33c-bda8-4414-818b-6f3a4efea500,7,b874,-34.4911503953787,10,0,10,2026-03-24
69c203092da1f7beca7b9604,05b49430-83c6-4c31-9613-e08147891dc8,1,b876,-32.7263660741047,8,2,10,2026-03-24
69c207c62da1f7beca7cc221,65c9ae07-6172-4a65-a487-b959db06a631,1,b876,-32.7263660741047,10,0,10,2026-03-24
69c207c62da1f7beca7cc221,65c9ae07-6172-4a65-a487-b959db06a631,2,a877,25.2334545189454,10,0,10,2026-03-24
69c207c62da1f7beca7cc221,65c9ae07-6172-4a65-a487-b959db06a631,3,b888,-2.51347823270206,1,0,1,2026-03-26
69c2f1bf1327ba79c87e1f9c,1df23c6e-5814-4537-b6b7-d26d7bc5d889,1,b1026,19.1502619993621,8,2,10,2026-03-24
69c2f1bf1327ba79c87e1f9c,1df23c6e-5814-4537-b6b7-d26d7bc5d889,1,b1030,45.3300533318447,10,0,10,2026-03-24
69c2f1bf1327ba79c87e1f9c,1df23c6e-5814-4537-b6b7-d26d7bc5d889,2,a1031,-7.02882317688516,10,0,10,2026-03-24
69c2f1bf1327ba79c87e1f9c,1df23c6e-5814-4537-b6b7-d26d7bc5d889,3,b1032,70.9093678620971,10,0,10,2026-03-24
69c2f1bf1327ba79c87e1f9c,1df23c6e-5814-4537-b6b7-d26d7bc5d889,4,a1035,9.63738191259649,10,0,10,2026-03-24
69c2f1bf1327ba79c87e1f9c,1df23c6e-5814-4537-b6b7-d26d7bc5d889,5,b1042,-52.6002695901355,10,0,10,2026-03-24
69c2f1bf1327ba79c87e1f9c,1df23c6e-5814-4537-b6b7-d26d7bc5d889,6,b1048,-92.8889869277205,6,4,10,2026-03-24
69c2f1bf1327ba79c87e1f9c,1df23c6e-5814-4537-b6b7-d26d7bc5d889,6,a1051,-52.7909741619349,10,0,10,2026-03-24
69c2f1bf1327ba79c87e1f9c,1df23c6e-5814-4537-b6b7-d26d7bc5d889,7,b1062,30.4101800047695,10,0,10,2026-03-24
69c2f1bf1327ba79c87e1f9c,1df23c6e-5814-4537-b6b7-d26d7bc5d889,7,b1064,-64.7729021410267,8,2,10,2026-03-24
69c2f1bf1327ba79c87e1f9c,1df23c6e-5814-4537-b6b7-d26d7bc5d889,7,a1067,-51.4761550258036,10,0,10,2026-03-24
69c2fec0f4bda27d1c614c05,bfd5d38c-e238-4a4c-8511-062f92d9fdf7,1,b1032,70.9093678620971,10,0,10,2026-03-24
69c2fec0f4bda27d1c614c05,bfd5d38c-e238-4a4c-8511-062f92d9fdf7,2,a1035,9.63738191259649,10,0,10,2026-03-24
69c314f4f4bda27d1c74b722,9ec098ff-d6eb-45a1-acb2-8f4f40a8e1ea,1,a1067,-51.4761550258036,10,0,10,2026-03-24
69c314f4f4bda27d1c74b722,9ec098ff-d6eb-45a1-acb2-8f4f40a8e1ea,2,b1080,10.2317967279962,10,0,10,2026-03-24
69c314f4f4bda27d1c74b722,9ec098ff-d6eb-45a1-acb2-8f4f40a8e1ea,3,a1081,53.6119831868878,10,0,10,2026-03-24
69c314f4f4bda27d1c74b722,9ec098ff-d6eb-45a1-acb2-8f4f40a8e1ea,3,b1088,-17.2956462445464,2,0,2,2026-03-27
69c314f4f4bda27d1c74b722,9ec098ff-d6eb-45a1-acb2-8f4f40a8e1ea,1,b1088,-35.2921165991201,10,0,10,2026-03-29
69c314f4f4bda27d1c74b722,9ec098ff-d6eb-45a1-acb2-8f4f40a8e1ea,1,b2768,-62.859396294,10,0,10,2026-05-05
69c353154162d89bfae485de,b634b73d-457d-4cba-9caa-13b756f7d7af,1,b626,-1.66211149037107,10,0,10,2026-03-25
69c353154162d89bfae485de,b634b73d-457d-4cba-9caa-13b756f7d7af,2,a2503,7.67911939,10,0,10,2026-03-26
69c353154162d89bfae485de,b634b73d-457d-4cba-9caa-13b756f7d7af,3,b2504,-46.654762907,10,0,10,2026-03-27
69c353154162d89bfae485de,b634b73d-457d-4cba-9caa-13b756f7d7af,4,a2653,-108.905452212,10,0,10,2026-03-27
69c353154162d89bfae485de,b634b73d-457d-4cba-9caa-13b756f7d7af,1,b2686,60.990589234,10,0,10,2026-03-27
69c353154162d89bfae485de,b634b73d-457d-4cba-9caa-13b756f7d7af,1,a2687,58.392478896,10,0,10,2026-03-27
69c353154162d89bfae485de,b634b73d-457d-4cba-9caa-13b756f7d7af,5,a2695,-4.70359378299999,9,1,10,2026-03-28
69c353154162d89bfae485de,b634b73d-457d-4cba-9caa-13b756f7d7af,5,b2696,25.965118038,10,0,10,2026-03-28
69c353154162d89bfae485de,b634b73d-457d-4cba-9caa-13b756f7d7af,6,a2735,-33.718590473,7,3,10,2026-03-28
69c353154162d89bfae485de,b634b73d-457d-4cba-9caa-13b756f7d7af,6,b2736,-54.000723332,9,1,10,2026-03-28
69c353154162d89bfae485de,b634b73d-457d-4cba-9caa-13b756f7d7af,7,a2737,-65.130025636,10,0,10,2026-03-29
69c353154162d89bfae485de,b634b73d-457d-4cba-9caa-13b756f7d7af,1,b2738,-23.020016232,9,1,10,2026-03-29
69c353154162d89bfae485de,b634b73d-457d-4cba-9caa-13b756f7d7af,1,b2922,0.557669780000003,1,0,1,2026-03-29
69c353154162d89bfae485de,b634b73d-457d-4cba-9caa-13b756f7d7af,2,b2924,-80.813544339,9,1,10,2026-03-30
69c353154162d89bfae485de,b634b73d-457d-4cba-9caa-13b756f7d7af,5,a3203,-64.568998353,10,0,10,2026-03-31
69c353154162d89bfae485de,b634b73d-457d-4cba-9caa-13b756f7d7af,1,b3230,52.803665728,10,0,10,2026-04-01
69c353154162d89bfae485de,b634b73d-457d-4cba-9caa-13b756f7d7af,5,b4015,36.2710710876103,9,1,10,2026-04-15
69c353154162d89bfae485de,b634b73d-457d-4cba-9caa-13b756f7d7af,5,a4016,-17.5573959389017,10,0,10,2026-04-15
69c353154162d89bfae485de,b634b73d-457d-4cba-9caa-13b756f7d7af,5,b4017,-30.7150824030847,9,1,10,2026-04-17
69c353154162d89bfae485de,b634b73d-457d-4cba-9caa-13b756f7d7af,5,a4058,24.9924695932694,8,2,10,2026-04-17
69c353154162d89bfae485de,b634b73d-457d-4cba-9caa-13b756f7d7af,5,a4142,-69.0701657660404,8,2,10,2026-04-19
69c353154162d89bfae485de,b634b73d-457d-4cba-9caa-13b756f7d7af,5,b4243,22.2768087207336,9,1,10,2026-04-19
69c353154162d89bfae485de,b634b73d-457d-4cba-9caa-13b756f7d7af,5,b4405,16.4420183868343,9,1,10,2026-04-20
69c353154162d89bfae485de,b634b73d-457d-4cba-9caa-13b756f7d7af,1,b4503,-79.3563935979063,9,1,10,2026-04-21
69c353154162d89bfae485de,b634b73d-457d-4cba-9caa-13b756f7d7af,4,a4506,-37.451500957584,10,0,10,2026-04-21
69c353154162d89bfae485de,b634b73d-457d-4cba-9caa-13b756f7d7af,2,a4574,-81.7947120990579,8,2,10,2026-04-21
69c353154162d89bfae485de,b634b73d-457d-4cba-9caa-13b756f7d7af,2,b4575,-69.8782572063992,10,0,10,2026-04-21
69c353154162d89bfae485de,b634b73d-457d-4cba-9caa-13b756f7d7af,3,a4842,-13.1820676728036,8,2,10,2026-04-28
69c362244162d89bfae5ca5b,ba3fccba-298b-4cea-a9a7-fed8c2e17bdf,1,a2505,-25.719661202,2,8,10,2026-03-25
69c3ccef48d3c08169c86464,be51bd20-1f13-4d8a-ab84-c6811631ad8f,1,b2510,-56.617636803,8,2,10,2026-03-25
69c3ccef48d3c08169c86464,be51bd20-1f13-4d8a-ab84-c6811631ad8f,2,a2511,-0.683554163000004,9,1,10,2026-03-25
69c3dbc048d3c08169ce81f4,ad70140b-f2ab-45e7-aa2d-6eb6ea01a1f8,1,b2512,29.248514651,10,0,10,2026-03-25
69c3dbc048d3c08169ce81f4,ad70140b-f2ab-45e7-aa2d-6eb6ea01a1f8,2,b2512,29.248514651,9,1,10,2026-03-25
69c3dbc048d3c08169ce81f4,ad70140b-f2ab-45e7-aa2d-6eb6ea01a1f8,3,a2517,15.773537969,9,1,10,2026-03-25
69c3dbc048d3c08169ce81f4,ad70140b-f2ab-45e7-aa2d-6eb6ea01a1f8,4,a2517,15.773537969,10,0,10,2026-03-25
69c3dbc048d3c08169ce81f4,ad70140b-f2ab-45e7-aa2d-6eb6ea01a1f8,5,a2519,-144.838263377,7,3,10,2026-03-25
69c3dbc048d3c08169ce81f4,ad70140b-f2ab-45e7-aa2d-6eb6ea01a1f8,6,b2528,-13.809743011,10,0,10,2026-03-25
69c3dbc048d3c08169ce81f4,ad70140b-f2ab-45e7-aa2d-6eb6ea01a1f8,7,a2531,-30.102189917,8,2,10,2026-03-25
69c4368520d1c3e7976e7926,3cd9c979-f280-4775-bbce-5c7989fa1434,1,a2545,73.74644175,10,0,10,2026-03-25
69c4368520d1c3e7976e7926,3cd9c979-f280-4775-bbce-5c7989fa1434,2,b2550,7.19197008,2,0,2,2026-03-25
69c43a9420d1c3e7976f2e62,fc52abe1-c879-4f2e-9d03-a77abe0a3f10,1,b2554,-80.003826342,9,1,10,2026-03-25
69c43a9420d1c3e7976f2e62,fc52abe1-c879-4f2e-9d03-a77abe0a3f10,2,a2557,-82.994481852,10,0,10,2026-03-25
69c43a9420d1c3e7976f2e62,fc52abe1-c879-4f2e-9d03-a77abe0a3f10,3,a2563,-16.507194678,10,0,10,2026-03-25
69c43a9420d1c3e7976f2e62,fc52abe1-c879-4f2e-9d03-a77abe0a3f10,4,a2583,74.307082924,10,0,10,2026-03-25
69c43a9420d1c3e7976f2e62,fc52abe1-c879-4f2e-9d03-a77abe0a3f10,5,a2589,-68.421052123,10,0,10,2026-03-25
69c43a9420d1c3e7976f2e62,fc52abe1-c879-4f2e-9d03-a77abe0a3f10,6,a2591,-61.287133988,10,0,10,2026-03-25
69c43a9420d1c3e7976f2e62,fc52abe1-c879-4f2e-9d03-a77abe0a3f10,7,a2599,125.190290892,10,0,10,2026-03-25
69c4589220d1c3e7977cb4b2,c6137a2a-4c93-4542-be0d-aa0d70989f08,1,a2599,125.190290892,10,0,10,2026-03-25
69c4589220d1c3e7977cb4b2,c6137a2a-4c93-4542-be0d-aa0d70989f08,2,b2600,10.782377941,9,1,10,2026-03-25
69c4589220d1c3e7977cb4b2,c6137a2a-4c93-4542-be0d-aa0d70989f08,2,a2601,-9.907123474,1,0,1,2026-03-25
69c4e6158c981153ba09df16,25cd75a9-09cb-4a05-ae49-9f44829cba25,1,a2653,-108.905452212,9,1,10,2026-03-27
69c4ec518c981153ba0a0422,cf4b6b63-2179-4812-84eb-1a043745dcf2,1,b2654,41.046753778,9,1,10,2026-03-26
69c6006bb15bd6284a342de2,5c9be2b9-b2ef-4b87-8584-e29d16edebd7,1,a2687,58.392478896,10,0,10,2026-03-27
69c6006bb15bd6284a342de2,5c9be2b9-b2ef-4b87-8584-e29d16edebd7,2,b2688,-4.69886207899998,10,0,10,2026-03-27
69c6006bb15bd6284a342de2,5c9be2b9-b2ef-4b87-8584-e29d16edebd7,3,a2689,-26.591700171,10,0,10,2026-03-27
69c6006bb15bd6284a342de2,5c9be2b9-b2ef-4b87-8584-e29d16edebd7,4,b2690,11.025787623,10,0,10,2026-03-27
69c6006bb15bd6284a342de2,5c9be2b9-b2ef-4b87-8584-e29d16edebd7,5,a2691,-71.059838659,10,0,10,2026-03-27
69c6006bb15bd6284a342de2,5c9be2b9-b2ef-4b87-8584-e29d16edebd7,6,b2692,43.616328896,8,2,10,2026-03-27
69c6006bb15bd6284a342de2,5c9be2b9-b2ef-4b87-8584-e29d16edebd7,7,a2693,-75.521455379,10,0,10,2026-03-27
69c60828b15bd6284a345e5a,e8b5230b-8c0c-4f96-83cb-dce96513aa9e,1,b2690,11.025787623,10,0,10,2026-03-27
69c60828b15bd6284a345e5a,e8b5230b-8c0c-4f96-83cb-dce96513aa9e,2,a2691,-54.639036399,9,1,10,2026-03-27
69c60828b15bd6284a345e5a,e8b5230b-8c0c-4f96-83cb-dce96513aa9e,2,b2692,40.249283304,10,0,10,2026-03-27
69c6f76e3dc160011b60cedb,12ea3cb1-ac54-4149-a108-24fe172405e8,1,a2721,18.847687079,0,1,1,2026-03-27
69c7121d3dc160011b61e71b,395f3767-5715-44ca-9209-0ca5281e2d74,1,a2729,28.483839691,10,0,10,2026-03-27
69c7121d3dc160011b61e71b,395f3767-5715-44ca-9209-0ca5281e2d74,2,b2730,-3.87160297,1,0,1,2026-03-27
69c8809b062bef45661f21eb,370f8f36-5c41-4339-a078-5f7d4eca533c,1,a2789,-70.963778174,10,0,10,2026-03-29
69c8809b062bef45661f21eb,370f8f36-5c41-4339-a078-5f7d4eca533c,2,b2790,-60.032133871,10,0,10,2026-03-29
69c88210062bef45661f77be,59145bb1-e24d-4b1e-bea5-fcc8213adb64,1,a2789,-47.446860925,2,0,2,2026-03-29
69c889a7062bef4566283c98,d4ce76df-e552-4d3c-a12d-3f7cf68b4a28,1,a2791,-63.738257494,10,0,10,2026-03-29
69c889a7062bef4566283c98,d4ce76df-e552-4d3c-a12d-3f7cf68b4a28,2,b2792,-43.587889065,10,0,10,2026-03-29
69c8be05062bef45662fe933,77b95d93-8512-4463-ba39-0bc1adf3cb30,1,b2810,-69.777913909,9,1,10,2026-03-29
69c8be05062bef45662fe933,77b95d93-8512-4463-ba39-0bc1adf3cb30,2,a2811,1.895384889,2,0,2,2026-03-29
69c8c08f062bef4566320a68,ed7768fa-6dd4-4762-aacc-23677f41626a,1,a2811,-124.971069995,10,0,10,2026-03-29
69c8c08f062bef4566320a68,ed7768fa-6dd4-4762-aacc-23677f41626a,2,b2812,23.468753517,10,0,10,2026-03-29
69c97294548f3086e0492b2d,523bd036-207c-4b75-bea3-fbe14851d058,1,a2917,-35.572356209,10,0,10,2026-03-29
69c97294548f3086e0492b2d,523bd036-207c-4b75-bea3-fbe14851d058,2,a2919,19.443848008,10,0,10,2026-03-30
69c97294548f3086e0492b2d,523bd036-207c-4b75-bea3-fbe14851d058,3,b2978,-75.175309767,10,0,10,2026-03-30
69c97294548f3086e0492b2d,523bd036-207c-4b75-bea3-fbe14851d058,4,a3031,-7.02882319599998,10,0,10,2026-03-30
69c97294548f3086e0492b2d,523bd036-207c-4b75-bea3-fbe14851d058,5,b3168,-39.363660257,10,0,10,2026-04-14
69c97294548f3086e0492b2d,523bd036-207c-4b75-bea3-fbe14851d058,6,b4005,-38.979648197225,10,0,10,2026-04-15
69c97294548f3086e0492b2d,523bd036-207c-4b75-bea3-fbe14851d058,7,a4010,20.8965098204213,10,0,10,2026-04-15
69c97294548f3086e0492b2d,523bd036-207c-4b75-bea3-fbe14851d058,1,a4022,-38.5001841174334,10,0,10,2026-04-16
69c97294548f3086e0492b2d,523bd036-207c-4b75-bea3-fbe14851d058,1,b4037,9.60335051118811,10,0,10,2026-04-17
69c97294548f3086e0492b2d,523bd036-207c-4b75-bea3-fbe14851d058,1,a4052,33.4830136947062,9,1,10,2026-04-17
69c97294548f3086e0492b2d,523bd036-207c-4b75-bea3-fbe14851d058,1,a4144,-21.4288435320134,10,0,10,2026-04-22
69c97294548f3086e0492b2d,523bd036-207c-4b75-bea3-fbe14851d058,3,a4690,18.7643483486364,10,0,10,2026-04-23
69c97294548f3086e0492b2d,523bd036-207c-4b75-bea3-fbe14851d058,2,a4702,-4.57569567896459,10,0,10,2026-04-24
69c97294548f3086e0492b2d,523bd036-207c-4b75-bea3-fbe14851d058,2,a4730,-29.0408542659473,10,0,10,2026-04-25
69c97294548f3086e0492b2d,523bd036-207c-4b75-bea3-fbe14851d058,2,a4744,-5.86295028131584,10,0,10,2026-04-25
69c97294548f3086e0492b2d,523bd036-207c-4b75-bea3-fbe14851d058,2,b4765,-35.4289002811976,10,0,10,2026-04-25
69c97294548f3086e0492b2d,523bd036-207c-4b75-bea3-fbe14851d058,3,a4786,15.9248606608061,10,0,10,2026-04-26
69c97294548f3086e0492b2d,523bd036-207c-4b75-bea3-fbe14851d058,3,a4808,-22.750823708422,10,0,10,2026-04-27
69c97294548f3086e0492b2d,523bd036-207c-4b75-bea3-fbe14851d058,3,a4818,-33.7427302740072,10,0,10,2026-04-27
69c97294548f3086e0492b2d,523bd036-207c-4b75-bea3-fbe14851d058,4,b4833,81.6650049315291,10,0,10,2026-04-28
69c97294548f3086e0492b2d,523bd036-207c-4b75-bea3-fbe14851d058,4,b4847,-20.2603987478638,10,0,10,2026-04-29
69c97294548f3086e0492b2d,523bd036-207c-4b75-bea3-fbe14851d058,4,a4880,24.2451837812378,10,0,10,2026-04-29
69c97294548f3086e0492b2d,523bd036-207c-4b75-bea3-fbe14851d058,4,b4881,-50.1545371816202,10,0,10,2026-04-29
69c97294548f3086e0492b2d,523bd036-207c-4b75-bea3-fbe14851d058,5,a4886,24.1976553536786,9,1,10,2026-04-30
69c9b578948f2c29c325f34c,92ebcb5c-6367-4c70-9881-4abf50c2c56e,1,a2939,-3.07683705300003,7,1,8,2026-03-29
69c9bee0948f2c29c32652a1,bf22bb02-93b1-458c-9d34-3e46d5e05d26,1,a2949,-125.465029669,10,0,10,2026-03-30
69c9bee0948f2c29c32652a1,bf22bb02-93b1-458c-9d34-3e46d5e05d26,2,a2959,-9.18162564000001,10,0,10,2026-03-30
69c9f2af22d70ca2202d6c45,a1df70f1-dfbe-4c06-a341-13a2e81cb6cf,1,a2971,55.994995446,10,0,10,2026-03-30
69c9f2af22d70ca2202d6c45,a1df70f1-dfbe-4c06-a341-13a2e81cb6cf,2,b2976,9.296608843,6,0,6,2026-03-30
69c9fe5022d70ca2202f0d27,4f02a15d-7d27-4ea7-bf1a-65d2b4da7629,1,b2982,-62.806110589,10,0,10,2026-03-30
69c9fe5022d70ca2202f0d27,4f02a15d-7d27-4ea7-bf1a-65d2b4da7629,2,b2986,-65.73753745,10,0,10,2026-03-30
69c9fe5022d70ca2202f0d27,4f02a15d-7d27-4ea7-bf1a-65d2b4da7629,3,a2987,93.352276585,10,0,10,2026-03-30
69c9fe5022d70ca2202f0d27,4f02a15d-7d27-4ea7-bf1a-65d2b4da7629,4,a2991,26.614222979,10,0,10,2026-03-30
69c9fe5022d70ca2202f0d27,4f02a15d-7d27-4ea7-bf1a-65d2b4da7629,5,a2997,-71.60855694,10,0,10,2026-03-30
69c9fe5022d70ca2202f0d27,4f02a15d-7d27-4ea7-bf1a-65d2b4da7629,6,a3007,-10.52168386,9,1,10,2026-03-30
69c9fe5022d70ca2202f0d27,4f02a15d-7d27-4ea7-bf1a-65d2b4da7629,7,b3012,-53.397108673,10,0,10,2026-03-30
69ca446e2fecb875a86a69f9,1e821f8b-0250-4697-b60d-15f589b0e9d2,1,a3023,70.599341821,10,0,10,2026-03-30
69ca446e2fecb875a86a69f9,1e821f8b-0250-4697-b60d-15f589b0e9d2,2,b3024,32.524696499,10,0,10,2026-03-30
69caa68cdfb7037be1bfd3b1,8eb37052-7c2c-4651-89be-2d5ca08eac4b,1,b3044,20.24113415,10,0,10,2026-03-30
69caa68cdfb7037be1bfd3b1,8eb37052-7c2c-4651-89be-2d5ca08eac4b,2,a3049,24.54579844,10,0,10,2026-03-30
69cad735dfb7037be1c77c97,98629de1-2a8c-4e11-a4ef-2e3da2056d27,1,a3149,137.621282906,9,1,10,2026-03-30
69cad735dfb7037be1c77c97,98629de1-2a8c-4e11-a4ef-2e3da2056d27,2,b3150,-25.548418129,9,1,10,2026-03-30
69caf15bedeb4b5c7176a6ac,246c0ac0-1ecf-4c75-8bd0-86b02b501c09,1,b3156,-29.167137727,10,0,10,2026-03-30
69caf15bedeb4b5c7176a6ac,246c0ac0-1ecf-4c75-8bd0-86b02b501c09,2,b3168,-39.363660257,10,0,10,2026-03-30
69cbaadc5e72c326dc0bfcca,c23ec93a-218c-4f9c-95b2-7ef5c2204d93,1,a3373,-151.425989384,6,4,10,2026-03-31
69cbaadc5e72c326dc0bfcca,c23ec93a-218c-4f9c-95b2-7ef5c2204d93,2,a3375,69.777061328,10,0,10,2026-03-31
69cbaadc5e72c326dc0bfcca,c23ec93a-218c-4f9c-95b2-7ef5c2204d93,3,b3380,-30.931191435,10,0,10,2026-03-31
69cbba605e72c326dc12385b,d011c8fb-c58f-4373-a6a5-c3240542ea9e,1,b3382,-7.827819621,10,0,10,2026-03-31
69cbc0fb5e72c326dc12d25b,4b4d8b95-f367-4d37-b122-8f01814d9e1d,1,b3386,-41.165712641,9,1,10,2026-03-31
69cbc0fb5e72c326dc12d25b,4b4d8b95-f367-4d37-b122-8f01814d9e1d,2,a3387,-71.15716611,9,1,10,2026-03-31
69cbc3895e72c326dc13c82d,89df9694-4ccd-46d9-9095-ec1b5e957f4d,1,a3387,-71.15716611,7,3,10,2026-03-31
69cbc3895e72c326dc13c82d,89df9694-4ccd-46d9-9095-ec1b5e957f4d,1,b3388,16.424236351,9,1,10,2026-03-31
69cc020d74d5b4747f56cc33,68234bb1-7749-435f-b26a-5fbedbd9971d,1,b3400,25.528660161,10,0,10,2026-03-31
69cecc107891201da154b2c7,ad6b9809-b1a6-4b7e-8ce8-f10229f614dd,1,b4435,21.8033296918212,9,1,10,2026-04-20
69ced5b17891201da15592d3,9c5ddb49-8d2b-44fc-8ac5-b4d6d414ddcb,1,a4696,-66.9516835975448,10,0,10,2026-04-23
69ced5b17891201da15592d3,9c5ddb49-8d2b-44fc-8ac5-b4d6d414ddcb,1,b4697,0,0,10,10,2026-04-25
69ced5b17891201da15592d3,9c5ddb49-8d2b-44fc-8ac5-b4d6d414ddcb,1,a4822,-40.4784633598085,10,0,10,2026-04-27
69ced5b17891201da15592d3,9c5ddb49-8d2b-44fc-8ac5-b4d6d414ddcb,2,a4834,44.7323905639576,10,0,10,2026-04-27
69cf252c106f10b8ebb15150,6f9d9bb0-4bd7-434f-a2d4-ca3ca8b4476a,1,a4702,-4.57569567896459,10,0,10,2026-04-23
69cf252c106f10b8ebb15150,6f9d9bb0-4bd7-434f-a2d4-ca3ca8b4476a,2,b4703,6.66416438232141,8,2,10,2026-04-23
69cfc28a34b587a8cf688c28,9995b4a8-9fa4-4f7f-b6ae-633d9e1592f9,1,b4017,0,0,10,10,2026-04-15
69d0065f686160a33b317c79,edc80e8a-efc1-46db-b33b-a83185a15b7c,1,a4684,45.1489181584843,10,0,10,2026-04-22
69d0065f686160a33b317c79,edc80e8a-efc1-46db-b33b-a83185a15b7c,1,b4685,-1.28928110867874,10,0,10,2026-04-22
69d0065f686160a33b317c79,edc80e8a-efc1-46db-b33b-a83185a15b7c,1,a4686,21.2962718607056,9,1,10,2026-04-23
69d0065f686160a33b317c79,edc80e8a-efc1-46db-b33b-a83185a15b7c,2,b4701,32.2248714398506,9,1,10,2026-04-28
69d01528e34bbc9c623edb36,407bc3d1-a8d8-43aa-a3bf-8eea91312549,1,a4020,-66.2068733250451,10,0,10,2026-04-16
69d01528e34bbc9c623edb36,407bc3d1-a8d8-43aa-a3bf-8eea91312549,2,b4023,-28.5893541263332,10,0,10,2026-04-16
69d02b9ce34bbc9c6240861c,5f67b1e0-f7dc-4093-a565-9b41bad922a4,1,a4138,-24.2636941387819,10,0,10,2026-04-17
69d02b9ce34bbc9c6240861c,5f67b1e0-f7dc-4093-a565-9b41bad922a4,1,b4157,19.9450278410151,10,0,10,2026-04-18
69d02b9ce34bbc9c6240861c,5f67b1e0-f7dc-4093-a565-9b41bad922a4,1,b4489,-18.6326978175292,9,1,10,2026-04-22
69d02b9ce34bbc9c6240861c,5f67b1e0-f7dc-4093-a565-9b41bad922a4,1,b4689,35.0257395202058,9,1,10,2026-04-22
69d02b9ce34bbc9c6240861c,5f67b1e0-f7dc-4093-a565-9b41bad922a4,1,a4736,-65.5929762490753,10,0,10,2026-04-24
69d02b9ce34bbc9c6240861c,5f67b1e0-f7dc-4093-a565-9b41bad922a4,2,b4737,57.0849899754309,10,0,10,2026-04-24
69d02b9ce34bbc9c6240861c,5f67b1e0-f7dc-4093-a565-9b41bad922a4,3,a4738,71.7095782840291,10,0,10,2026-04-24
69d02b9ce34bbc9c6240861c,5f67b1e0-f7dc-4093-a565-9b41bad922a4,4,a4782,9.82692085122424,10,0,10,2026-04-25
69d02b9ce34bbc9c6240861c,5f67b1e0-f7dc-4093-a565-9b41bad922a4,5,b4811,-33.462287203906,9,1,10,2026-04-26
69d02b9ce34bbc9c6240861c,5f67b1e0-f7dc-4093-a565-9b41bad922a4,3,a4984,51.9324372539138,10,0,10,2026-05-06
69d2c2d0fce7cf375bf69d65,32166f35-ef3c-4406-81cd-c3fd056b6190,1,a4682,-27.6389227013913,10,0,10,2026-04-22
69d2c2d0fce7cf375bf69d65,32166f35-ef3c-4406-81cd-c3fd056b6190,2,b4683,-11.9388792870332,10,0,10,2026-04-22
69d301ae2cd6e099f97ab2d9,0c69a4df-d196-4744-a714-a482139e26c7,1,b4021,35.065334220958,7,0,7,2026-04-15
69de4ed2f9d5093f6a19ec5e,54e20db2-cf11-4f26-aa5b-302db2c3912d,1,b4019,21.0779288396318,9,1,10,2026-04-15
69de4ed2f9d5093f6a19ec5e,54e20db2-cf11-4f26-aa5b-302db2c3912d,2,a4026,5.6519628664203,10,0,10,2026-04-16
69de4ed2f9d5093f6a19ec5e,54e20db2-cf11-4f26-aa5b-302db2c3912d,3,b4027,-8.41408318645695,10,0,10,2026-04-16
69de4ed2f9d5093f6a19ec5e,54e20db2-cf11-4f26-aa5b-302db2c3912d,4,a4028,98.9842266560439,10,0,10,2026-04-16
69de4ed2f9d5093f6a19ec5e,54e20db2-cf11-4f26-aa5b-302db2c3912d,4,b4029,1.00843042640718,10,0,10,2026-04-16
69de4ed2f9d5093f6a19ec5e,54e20db2-cf11-4f26-aa5b-302db2c3912d,5,a4030,-17.9725684962978,10,0,10,2026-04-16
69de4ed2f9d5093f6a19ec5e,54e20db2-cf11-4f26-aa5b-302db2c3912d,6,b4085,-14.3641251925049,10,0,10,2026-04-17
69de4ed2f9d5093f6a19ec5e,54e20db2-cf11-4f26-aa5b-302db2c3912d,7,a4086,33.6907075724145,10,0,10,2026-04-17
69de4ed2f9d5093f6a19ec5e,54e20db2-cf11-4f26-aa5b-302db2c3912d,4,b4089,10.4410608502204,10,0,10,2026-04-17
69dea363f9d5093f6a1ea778,5d1c7cfc-43ba-4ddb-99d8-66dd17c993cd,1,a4000,-24.6324043753001,10,0,10,2026-04-14
69dea363f9d5093f6a1ea778,5d1c7cfc-43ba-4ddb-99d8-66dd17c993cd,2,b4001,-1.81531805929351,10,0,10,2026-04-14
69dea363f9d5093f6a1ea778,5d1c7cfc-43ba-4ddb-99d8-66dd17c993cd,3,a4002,-74.0211232045869,8,2,10,2026-04-14
69dea363f9d5093f6a1ea778,5d1c7cfc-43ba-4ddb-99d8-66dd17c993cd,4,a4000,-24.6324043753001,8,2,10,2026-04-14
69dea363f9d5093f6a1ea778,5d1c7cfc-43ba-4ddb-99d8-66dd17c993cd,1,b4001,-1.81531805929351,6,4,10,2026-04-14
69dea363f9d5093f6a1ea778,5d1c7cfc-43ba-4ddb-99d8-66dd17c993cd,4,b4003,12.0015473649201,10,0,10,2026-04-15
69dea363f9d5093f6a1ea778,5d1c7cfc-43ba-4ddb-99d8-66dd17c993cd,5,a4004,-68.9094576449818,9,1,10,2026-04-15
69dea363f9d5093f6a1ea778,5d1c7cfc-43ba-4ddb-99d8-66dd17c993cd,6,b4005,-38.979648197225,8,2,10,2026-04-15
69dea363f9d5093f6a1ea778,5d1c7cfc-43ba-4ddb-99d8-66dd17c993cd,7,a4006,-46.3479292062602,7,3,10,2026-04-15
69dea363f9d5093f6a1ea778,5d1c7cfc-43ba-4ddb-99d8-66dd17c993cd,6,b4007,-19.4361093768218,3,1,4,2026-04-15
69deb48bf9d5093f6a24ef11,d1958186-e7c3-44ce-aad5-58e8942c0217,1,b4003,-5.58438447559766,1,1,2,2026-04-14
69deb48bf9d5093f6a24ef11,d1958186-e7c3-44ce-aad5-58e8942c0217,1,a4004,-4.10082196683499,2,8,10,2026-04-14
69ded0ec88d1efb2611d617d,39cac99a-471a-4981-a09f-6c04cfad6623,1,a4000,-24.6324043753001,10,0,10,2026-04-14
69ded0ec88d1efb2611d617d,39cac99a-471a-4981-a09f-6c04cfad6623,2,b4001,-1.81531805929351,10,0,10,2026-04-14
69ded0ec88d1efb2611d617d,39cac99a-471a-4981-a09f-6c04cfad6623,3,a4002,-74.0211232045869,10,0,10,2026-04-15
69ded0ec88d1efb2611d617d,39cac99a-471a-4981-a09f-6c04cfad6623,4,b4003,12.0015473649201,10,0,10,2026-04-15
69ded0ec88d1efb2611d617d,39cac99a-471a-4981-a09f-6c04cfad6623,5,a4004,-68.9094576449818,10,0,10,2026-04-15
69ded0ec88d1efb2611d617d,39cac99a-471a-4981-a09f-6c04cfad6623,6,b4005,-13.3589373840212,7,3,10,2026-04-15
69ded0ec88d1efb2611d617d,39cac99a-471a-4981-a09f-6c04cfad6623,6,a4006,-46.3479292062602,10,0,10,2026-04-15
69ded0ec88d1efb2611d617d,39cac99a-471a-4981-a09f-6c04cfad6623,7,b4007,-11.9747576266374,10,0,10,2026-04-15
69df077188d1efb26134e267,e8d792e9-0510-4d0a-a5c7-83652d60ccd4,1,b4009,-1.03287729697548,3,1,4,2026-04-15
69df124a88d1efb26138de7c,23d3900c-3cf8-4c01-bd21-99c40f3cfec5,1,b4011,18.4213564604992,9,1,10,2026-04-15
69df124a88d1efb26138de7c,23d3900c-3cf8-4c01-bd21-99c40f3cfec5,1,a4012,16.5006114923986,1,0,1,2026-04-15
69e06fc388d1efb2615c4889,1fdaacbf-9910-40b6-aa87-59e6b5951f69,1,a4024,-1.12536910568123,10,0,10,2026-04-16
69e06fc388d1efb2615c4889,1fdaacbf-9910-40b6-aa87-59e6b5951f69,2,b4025,-31.6141428583017,2,0,2,2026-04-16
69e0ddb588d1efb261619636,babd3871-c90f-4300-8c82-b975e92ca078,1,b4031,42.7520889831291,10,0,10,2026-04-16
69e0ddb588d1efb261619636,babd3871-c90f-4300-8c82-b975e92ca078,2,a4032,8.03775847546436,10,0,10,2026-04-16
69e0f7ef88d1efb26166e072,43150382-5b3c-42cb-9452-5cf7cb55c27d,1,a4034,69.1020522136484,10,0,10,2026-04-16
69e14c0e88d1efb261690f28,06b64d68-71ae-4ad7-adda-8d93aec9ae65,1,a4036,20.6081855147108,10,0,10,2026-04-16
69e14c0e88d1efb261690f28,06b64d68-71ae-4ad7-adda-8d93aec9ae65,2,a4038,31.8900465955586,10,0,10,2026-04-17
69e14c0e88d1efb261690f28,06b64d68-71ae-4ad7-adda-8d93aec9ae65,3,b4039,55.2359040802834,10,0,10,2026-04-24
69e256ea88d1efb26195e6e4,9289c595-e7a9-4bae-80fc-dab0fedd3453,1,a4104,-17.9271895049637,10,0,10,2026-04-17
69e2636988d1efb26199e77b,5610ebdd-7a7f-4644-9bba-be1b514386b9,1,a4108,9.62118877874916,10,0,10,2026-04-17
69e2636988d1efb26199e77b,5610ebdd-7a7f-4644-9bba-be1b514386b9,2,b4109,-34.9739651402931,9,1,10,2026-04-17
69e2636988d1efb26199e77b,5610ebdd-7a7f-4644-9bba-be1b514386b9,2,a4110,0,0,10,10,2026-04-20
69e29857cd89df7bb5391829,1b820c2d-d409-4831-bde4-0b44fcd8d8f4,1,b4125,45.871005094994,8,2,10,2026-04-17
69e29857cd89df7bb5391829,1b820c2d-d409-4831-bde4-0b44fcd8d8f4,1,b4127,0,0,1,1,2026-04-17
69e2d20ecd89df7bb546b4b6,9a46de65-8ccc-4cb6-bd2e-17deffebcf9b,1,a4148,-54.1827503995828,9,1,10,2026-04-18
69e2d20ecd89df7bb546b4b6,9a46de65-8ccc-4cb6-bd2e-17deffebcf9b,2,b4149,20.3214827308082,8,2,10,2026-04-18
69e2d20ecd89df7bb546b4b6,9a46de65-8ccc-4cb6-bd2e-17deffebcf9b,3,a4150,-2.93660523176432,9,1,10,2026-04-18
69e2d20ecd89df7bb546b4b6,9a46de65-8ccc-4cb6-bd2e-17deffebcf9b,4,b4151,-52.533465144946,6,4,10,2026-04-18
69e2d20ecd89df7bb546b4b6,9a46de65-8ccc-4cb6-bd2e-17deffebcf9b,5,a4166,-11.125030961841,5,5,10,2026-04-18
69e2d20ecd89df7bb546b4b6,9a46de65-8ccc-4cb6-bd2e-17deffebcf9b,6,b4177,-0.0994133722862491,9,1,10,2026-04-18
69e2d20ecd89df7bb546b4b6,9a46de65-8ccc-4cb6-bd2e-17deffebcf9b,7,a4178,13.0225715151888,6,4,10,2026-04-18
69e2d20ecd89df7bb546b4b6,9a46de65-8ccc-4cb6-bd2e-17deffebcf9b,1,b4179,55.7780086339556,10,0,10,2026-04-18
69e2d20ecd89df7bb546b4b6,9a46de65-8ccc-4cb6-bd2e-17deffebcf9b,7,a4212,43.6988426683736,4,6,10,2026-05-04
69e2d20ecd89df7bb546b4b6,9a46de65-8ccc-4cb6-bd2e-17deffebcf9b,1,a4964,-35.6254887401904,5,0,5,2026-05-08
69e2db58cd89df7bb54ae153,070708ae-979a-4152-b7b8-9270d319053b,1,a4152,-101.72129279606,9,1,10,2026-04-18
69e2e849cd89df7bb550b013,8c4a3120-868d-4dd8-b458-a8e9201eb1a6,1,a4158,-25.0778289747387,4,0,4,2026-04-18
69e30738cd89df7bb558458e,1b219471-d893-4c40-9e36-9cbf8759da52,1,a4172,-8.49044051319645,10,0,10,2026-04-18
69e3b3b5cd89df7bb5708cba,122ced23-f98c-41db-bd19-f32cb4cfa311,1,a4190,-35.9300115888568,10,0,10,2026-04-18
69e3ba66cd89df7bb578d185,d4d83159-e75a-4cab-b5d2-23f74a3261fa,1,b4195,-12.2023038297535,9,1,10,2026-04-18
69e3ba66cd89df7bb578d185,d4d83159-e75a-4cab-b5d2-23f74a3261fa,1,a4196,14.9461253701447,10,0,10,2026-04-18
69e3ba66cd89df7bb578d185,d4d83159-e75a-4cab-b5d2-23f74a3261fa,2,a4198,-58.9978384755223,10,0,10,2026-04-18
69e3bcdecd89df7bb57f3e6f,667e94e8-7f28-4e0c-8fb7-3443e69969fe,1,b4197,38.4646885615183,10,0,10,2026-04-18
69e3bcdecd89df7bb57f3e6f,667e94e8-7f28-4e0c-8fb7-3443e69969fe,2,a4198,-58.9978384755223,10,0,10,2026-04-18
69e3dc74cd89df7bb582029e,a83ed7b8-a85b-4531-8446-34da454a70a0,1,b4207,9.79721567273229,10,0,10,2026-04-18
69e3eb9fcd89df7bb5883d81,54d9cd64-888b-4bbf-9dd5-770d7ecdbb8b,1,a4214,-38.7619163740714,10,0,10,2026-04-18
69e40c62cd89df7bb58929b3,5ae41e94-c859-43f6-8642-57336c6a2e37,1,b4227,-11.3227929291766,10,0,10,2026-04-18
69e40fc0cd89df7bb58ad6bd,487e4a5a-7fa4-475f-bb45-ad5d9048f173,1,b4229,-68.0098724923093,10,0,10,2026-04-18
69e40fc0cd89df7bb58ad6bd,487e4a5a-7fa4-475f-bb45-ad5d9048f173,1,a4230,23.5726596294352,8,2,10,2026-04-19
69e42504cd89df7bb58c7cf2,1a01257b-7832-43c5-8e49-2c72474299e1,1,a4238,-23.6002010451143,10,0,10,2026-04-19
69e42504cd89df7bb58c7cf2,1a01257b-7832-43c5-8e49-2c72474299e1,2,b4239,-2.3068216124543,1,0,1,2026-04-19
69e50209cd89df7bb5959ae6,7ff39a10-56d5-44f8-9e5c-c8d58b915553,1,a4328,-90.9046379913313,10,0,10,2026-04-19
69e50209cd89df7bb5959ae6,7ff39a10-56d5-44f8-9e5c-c8d58b915553,2,b4329,50.8901498814769,10,0,10,2026-04-19
69e50209cd89df7bb5959ae6,7ff39a10-56d5-44f8-9e5c-c8d58b915553,3,a4330,5.922812759403,10,0,10,2026-04-19
69e54f0acd89df7bb5a8d68f,28dd47d3-5531-4464-8fea-cac724684f13,1,b4359,12.7585006291316,10,0,10,2026-04-19
69e5532bcd89df7bb5a96553,d4a9a09d-d4df-4235-9dd7-637f340a9ebf,1,b4361,24.9022986145801,10,0,10,2026-04-19
69e5532bcd89df7bb5a96553,d4a9a09d-d4df-4235-9dd7-637f340a9ebf,2,b4363,9.7511291451048,2,0,2,2026-04-19
69e57f8acd89df7bb5afe225,f76cdb0b-5ad1-497b-b1b7-22e8dd9ac4d3,1,a4378,-36.7432384226196,9,1,10,2026-04-20
69e57f8acd89df7bb5afe225,f76cdb0b-5ad1-497b-b1b7-22e8dd9ac4d3,1,b4379,14.157860984538,1,0,1,2026-04-20
69e57f8acd89df7bb5afe225,f76cdb0b-5ad1-497b-b1b7-22e8dd9ac4d3,2,a4380,38.5209632566836,8,2,10,2026-04-20
69e5b8b0cd89df7bb5b7ccc2,17bc8c87-c551-49fe-90d3-23aecc42914a,1,b4401,-19.8842873418701,8,2,10,2026-04-20
69e5b8b0cd89df7bb5b7ccc2,17bc8c87-c551-49fe-90d3-23aecc42914a,2,a4402,39.6487650282738,10,0,10,2026-04-20
69e5b8b0cd89df7bb5b7ccc2,17bc8c87-c551-49fe-90d3-23aecc42914a,3,a4404,-67.38485715559,10,0,10,2026-04-20
69e5b8b0cd89df7bb5b7ccc2,17bc8c87-c551-49fe-90d3-23aecc42914a,4,a4406,29.2004571354808,10,0,10,2026-04-20
69e5b8b0cd89df7bb5b7ccc2,17bc8c87-c551-49fe-90d3-23aecc42914a,5,b4407,-1.45667147628685,9,1,10,2026-04-20
69e5b8b0cd89df7bb5b7ccc2,17bc8c87-c551-49fe-90d3-23aecc42914a,5,b4419,18.0377932388669,10,0,10,2026-04-20
69e5b8b0cd89df7bb5b7ccc2,17bc8c87-c551-49fe-90d3-23aecc42914a,6,b4421,0,0,10,10,2026-04-20
69e5b8b0cd89df7bb5b7ccc2,17bc8c87-c551-49fe-90d3-23aecc42914a,6,a4422,0,0,10,10,2026-04-20
69e5b8b0cd89df7bb5b7ccc2,17bc8c87-c551-49fe-90d3-23aecc42914a,6,a4424,0,0,10,10,2026-04-20
69e5b8b0cd89df7bb5b7ccc2,17bc8c87-c551-49fe-90d3-23aecc42914a,6,b4475,0,0,1,1,2026-04-21
69e5c96fcd89df7bb5ba0916,11624952-2222-4a77-8a3f-8cd34d7fba3e,1,a4408,-17.2358298079544,10,0,10,2026-04-20
69e5c96fcd89df7bb5ba0916,11624952-2222-4a77-8a3f-8cd34d7fba3e,2,b4409,-51.3584506357843,10,0,10,2026-04-20
69e5c96fcd89df7bb5ba0916,11624952-2222-4a77-8a3f-8cd34d7fba3e,3,a4410,-59.2857331923521,10,0,10,2026-04-20
69e5c96fcd89df7bb5ba0916,11624952-2222-4a77-8a3f-8cd34d7fba3e,4,b4411,-16.0838574551565,10,0,10,2026-04-20
69e5c96fcd89df7bb5ba0916,11624952-2222-4a77-8a3f-8cd34d7fba3e,5,a4420,6.20778592745222,1,0,1,2026-04-21
69e6036ccd89df7bb5c64727,a82a900d-986c-4f3e-aa35-7178dc29105e,1,b4431,-6.13931681914108,10,0,10,2026-04-20
69e6107bcd89df7bb5c6ebc3,ea5a04d9-cb81-4736-a258-fe3f73bbb6fa,1,b4433,-33.9399383244091,10,0,10,2026-04-20
69e6665dcd89df7bb5e921b1,db23595e-92b8-4f7d-8dc3-58e1463d1a05,1,b4443,-41.7083222692755,8,2,10,2026-04-20
69e6682ecd89df7bb5e9b763,7a904929-ddb3-4f0b-a00e-a29db90d7aa2,1,a4444,-53.0416210614307,7,2,9,2026-04-20
69e68577cd89df7bb5f1f714,b004afcf-da07-4058-a5e2-d7ef5eed02ac,1,a4456,23.1145652750767,10,0,10,2026-04-20
69e68577cd89df7bb5f1f714,b004afcf-da07-4058-a5e2-d7ef5eed02ac,2,b4457,30.4154365331514,7,3,10,2026-04-20
69e68577cd89df7bb5f1f714,b004afcf-da07-4058-a5e2-d7ef5eed02ac,2,a4458,-2.71823240519496,1,0,1,2026-04-20
69e68577cd89df7bb5f1f714,b004afcf-da07-4058-a5e2-d7ef5eed02ac,2,b4459,0,0,2,2,2026-04-20
69e68583cd89df7bb5f1f71c,ea8ee1e2-33c7-4c41-9c79-df069f0e5539,1,a4456,23.1145652750767,10,0,10,2026-04-20
69e68583cd89df7bb5f1f71c,ea8ee1e2-33c7-4c41-9c79-df069f0e5539,2,b4457,-4.35275975054933,1,0,1,2026-04-20
69e6c5f6cd89df7bb5fe4c23,2522733e-b484-48bb-830b-d1b623671fa3,1,b4479,46.3463120194994,10,0,10,2026-04-21
69e6c5f6cd89df7bb5fe4c23,2522733e-b484-48bb-830b-d1b623671fa3,2,a4480,-6.10844052250534,10,0,10,2026-04-21
69e6c5f6cd89df7bb5fe4c23,2522733e-b484-48bb-830b-d1b623671fa3,3,b4481,10.0092499729623,10,0,10,2026-04-21
69e6d89fcd89df7bb5012eca,c412f341-2d74-4d17-b5d2-53653af8c5dc,1,b4487,2.73284816835402,10,0,10,2026-04-21
69e6d89fcd89df7bb5012eca,c412f341-2d74-4d17-b5d2-53653af8c5dc,2,a4488,-15.2705220186868,1,0,1,2026-04-21
69e6dceccd89df7bb5030969,0a149c47-ad53-49e7-b2e6-80e855ea18d9,1,b4489,-18.6326978175292,10,0,10,2026-04-21
69e6f214cd89df7bb507f184,d8e0cd90-f324-446d-8bb2-8af61ad58910,1,b4495,-92.3937774122519,9,1,10,2026-04-21
69e70e42cd89df7bb514cc42,08587505-8d93-49ab-8f22-ea3c4b1f3672,1,b4507,0.0818679175921795,1,0,1,2026-04-21
69e7358fcd89df7bb5174dfc,38632e3d-162e-442f-b869-0e89586407d8,1,a4524,56.3938036213488,10,0,10,2026-04-21
69e7358fcd89df7bb5174dfc,38632e3d-162e-442f-b869-0e89586407d8,2,b4525,39.9966701789728,9,1,10,2026-04-21
69e7358fcd89df7bb5174dfc,38632e3d-162e-442f-b869-0e89586407d8,2,a4526,23.3255044479079,1,6,7,2026-04-21
69e74514cd89df7bb52b91c6,0b62a5a2-01c5-46fd-8a61-34a0cb4a5548,1,b4531,-41.2788352146574,10,0,10,2026-04-21
69e74514cd89df7bb52b91c6,0b62a5a2-01c5-46fd-8a61-34a0cb4a5548,2,a4532,27.564921947441,10,0,10,2026-04-21
69e74514cd89df7bb52b91c6,0b62a5a2-01c5-46fd-8a61-34a0cb4a5548,3,b4533,-36.5293730593707,9,1,10,2026-04-22
69e7bbcccd89df7bb530c085,de04c200-c6cc-4d30-9254-088dc804c96a,1,a4562,-16.2253936855752,10,0,10,2026-04-21
69e7bbcccd89df7bb530c085,de04c200-c6cc-4d30-9254-088dc804c96a,2,b4563,-21.1305668028792,9,1,10,2026-04-21
69e7bbcccd89df7bb530c085,de04c200-c6cc-4d30-9254-088dc804c96a,2,a4564,7.90020280867266,1,0,1,2026-04-21
69e7c4c2cd89df7bb532e1f4,448a99dd-89f3-41c4-b756-309d29a3ed22,1,a4566,-6.17798715036805,10,0,10,2026-04-21
69e7cf52cd89df7bb537d6da,1884e6af-ad5f-4c60-9664-678907166a09,1,a4570,-5.82140302622008,10,0,10,2026-04-21
69e7db7fcd89df7bb53e22a2,e9822d58-ac6c-47bd-9565-0e034aec37bb,1,a4574,-106.955751464059,4,6,10,2026-04-21
69e7db7fcd89df7bb53e22a2,e9822d58-ac6c-47bd-9565-0e034aec37bb,2,b4575,-69.8782572063992,6,4,10,2026-04-22
69e7f3d0cd89df7bb544231c,1cc0aa08-9d76-4a17-b237-4ebeb8cd7ec4,1,b4583,36.0637045122546,10,0,10,2026-04-21
69e7f3d0cd89df7bb544231c,1cc0aa08-9d76-4a17-b237-4ebeb8cd7ec4,2,a4584,-28.4318921687517,10,0,10,2026-04-21
69e7f3d0cd89df7bb544231c,1cc0aa08-9d76-4a17-b237-4ebeb8cd7ec4,3,b4585,-16.1643636590581,10,0,10,2026-04-21
69e7f3d0cd89df7bb544231c,1cc0aa08-9d76-4a17-b237-4ebeb8cd7ec4,4,a4586,-43.8115471350844,10,0,10,2026-04-21
69e7f3d0cd89df7bb544231c,1cc0aa08-9d76-4a17-b237-4ebeb8cd7ec4,5,b4587,54.5842360711581,10,0,10,2026-04-21
69e7f3d0cd89df7bb544231c,1cc0aa08-9d76-4a17-b237-4ebeb8cd7ec4,6,a4588,-45.7673266199405,10,0,10,2026-04-21
69e7f3d0cd89df7bb544231c,1cc0aa08-9d76-4a17-b237-4ebeb8cd7ec4,7,b4589,22.8078431210853,10,0,10,2026-04-21
69e7f687cd89df7bb5448207,814ba99e-6e3b-418e-a7e3-adc4f3924cee,1,a4584,-28.4318921687517,10,0,10,2026-04-21
69e7f687cd89df7bb5448207,814ba99e-6e3b-418e-a7e3-adc4f3924cee,2,b4585,16.2232266805445,1,0,1,2026-04-21
69e8317bcd89df7bb56a5b05,ccc04422-abbf-4555-bc92-a39623f68c77,1,b4603,-3.87016018925066,10,0,10,2026-04-22
69e86668cd89df7bb58488e1,69943d09-8460-4460-853f-cfcdd694f45f,1,b4625,-24.0952794018631,3,0,3,2026-04-22
69e8dd94cd89df7bb597ca1e,00d0d43b-ed53-4603-aaf0-51e63e558c4a,1,b4675,3.2563624111511,9,1,10,2026-04-22
69e8dd94cd89df7bb597ca1e,00d0d43b-ed53-4603-aaf0-51e63e558c4a,2,b4677,38.1910171880208,10,0,10,2026-04-22
69e8dd94cd89df7bb597ca1e,00d0d43b-ed53-4603-aaf0-51e63e558c4a,3,a4678,32.525362968083,9,1,10,2026-04-22
69e8dd94cd89df7bb597ca1e,00d0d43b-ed53-4603-aaf0-51e63e558c4a,4,b4679,-7.28654231072721,6,4,10,2026-04-22
69e8dd94cd89df7bb597ca1e,00d0d43b-ed53-4603-aaf0-51e63e558c4a,5,a4690,18.7643483486364,9,1,10,2026-04-23
69e8dd94cd89df7bb597ca1e,00d0d43b-ed53-4603-aaf0-51e63e558c4a,6,b4701,32.2248714398506,8,2,10,2026-04-23
69e8dd94cd89df7bb597ca1e,00d0d43b-ed53-4603-aaf0-51e63e558c4a,7,b4701,32.2248714398506,8,2,10,2026-04-23
69e8e0c1cd89df7bb598a9bc,abe55f8a-bd8c-42e6-a326-b254391d2f85,1,a4676,-34.8509547260959,4,5,9,2026-04-22
69e8fcf3cd89df7bb5b3b487,8d2209d7-e2c4-401b-827d-6407f140a01c,1,b4679,-7.28654231072721,10,0,10,2026-04-22
69e8fcf3cd89df7bb5b3b487,8d2209d7-e2c4-401b-827d-6407f140a01c,2,a4680,-23.7457414009326,7,3,10,2026-04-22
69e8fcf3cd89df7bb5b3b487,8d2209d7-e2c4-401b-827d-6407f140a01c,2,b4681,12.3263933772341,1,0,1,2026-04-22
69e99e5acd89df7bb50833ff,a03baa8c-baf5-4fb8-91e7-41ff55f8d279,1,b4693,5.05504559290321,9,1,10,2026-04-23
69e99e5acd89df7bb50833ff,a03baa8c-baf5-4fb8-91e7-41ff55f8d279,2,b4693,5.05504559290321,9,1,10,2026-04-23
69e99e5acd89df7bb50833ff,a03baa8c-baf5-4fb8-91e7-41ff55f8d279,3,a4694,0.00160093206143941,10,0,10,2026-04-23
69e99e5acd89df7bb50833ff,a03baa8c-baf5-4fb8-91e7-41ff55f8d279,4,a4694,0.00160093206143941,10,0,10,2026-04-23
69ea98f0cd89df7bb55cc38f,2074ec26-28c4-475a-8fc5-1119802178fc,1,a4704,64.8608297594849,10,0,10,2026-04-23
69eaa85dcd89df7bb55e9a76,f91ac934-0186-4799-a5b3-73caf8bbb9c3,1,a4706,0.520850399964722,4,0,4,2026-04-23
69eaad56cd89df7bb55ef849,c12e3899-8b04-474e-97e8-a9885d886fa9,1,b4707,21.1106717820751,10,0,10,2026-04-23
69eab335cd89df7bb56ef569,95faaa3c-86bf-4081-b94c-d76f39539ae7,1,b4709,10.8866543471806,8,2,10,2026-04-24
69eab335cd89df7bb56ef569,95faaa3c-86bf-4081-b94c-d76f39539ae7,2,a4710,1.29751085058432,10,0,10,2026-04-24
69eab335cd89df7bb56ef569,95faaa3c-86bf-4081-b94c-d76f39539ae7,3,b4711,19.7308363780742,10,0,10,2026-04-24
69eab335cd89df7bb56ef569,95faaa3c-86bf-4081-b94c-d76f39539ae7,3,a4712,-3.6756203538329,2,0,2,2026-04-25
69eac1d6cd89df7bb5986091,7aa32a44-7e14-42a1-9ae9-d2f285c26d42,1,a4712,-60.9821546038448,10,0,10,2026-04-24
69eac1d6cd89df7bb5986091,7aa32a44-7e14-42a1-9ae9-d2f285c26d42,2,b4713,-38.134028552267,10,0,10,2026-04-24
69eac1d6cd89df7bb5986091,7aa32a44-7e14-42a1-9ae9-d2f285c26d42,3,a4738,71.7095782840291,10,0,10,2026-04-24
69eac1d6cd89df7bb5986091,7aa32a44-7e14-42a1-9ae9-d2f285c26d42,4,b4739,37.1764805806317,10,0,10,2026-04-24
69eac1d6cd89df7bb5986091,7aa32a44-7e14-42a1-9ae9-d2f285c26d42,4,a4740,28.0498421783858,8,2,10,2026-04-25
69eac1d6cd89df7bb5986091,7aa32a44-7e14-42a1-9ae9-d2f285c26d42,4,b4741,-1.762763414101,1,0,1,2026-04-25
69eac1d6cd89df7bb5986091,7aa32a44-7e14-42a1-9ae9-d2f285c26d42,4,a4796,-7.9741019345183,9,1,10,2026-04-26
69eac1d6cd89df7bb5986091,7aa32a44-7e14-42a1-9ae9-d2f285c26d42,4,b4797,13.9108750063155,10,0,10,2026-04-26
69eac1d6cd89df7bb5986091,7aa32a44-7e14-42a1-9ae9-d2f285c26d42,5,b4925,8.31504396988428,10,0,10,2026-05-02
69eb27ddcd89df7bb5c85e2d,f1fb4f6e-c5d4-4640-9b55-dce5ae395f38,1,b4717,0,0,10,10,2026-04-24
69eb27ddcd89df7bb5c85e2d,f1fb4f6e-c5d4-4640-9b55-dce5ae395f38,1,a4718,0,0,10,10,2026-04-24
69eb27ddcd89df7bb5c85e2d,f1fb4f6e-c5d4-4640-9b55-dce5ae395f38,1,b4719,13.2172772923647,9,1,10,2026-04-24
69eb4cb6cd89df7bb5e8e6a0,91b8e318-1083-445c-8db9-158ff8eb8f72,1,b4721,25.6214585826972,8,2,10,2026-04-24
69eb4cb6cd89df7bb5e8e6a0,91b8e318-1083-445c-8db9-158ff8eb8f72,2,a4722,-3.46490062806228,1,0,1,2026-04-24
69eb6191cd89df7bb5e9a355,2fda784c-faff-4af0-9d2c-67487984ddaf,1,b4723,8.59594398627237,10,0,10,2026-04-24
69eb6191cd89df7bb5e9a355,2fda784c-faff-4af0-9d2c-67487984ddaf,2,a4724,30.6183821977071,10,0,10,2026-04-24
69eb6191cd89df7bb5e9a355,2fda784c-faff-4af0-9d2c-67487984ddaf,3,b4729,0,0,10,10,2026-04-24
69eb6191cd89df7bb5e9a355,2fda784c-faff-4af0-9d2c-67487984ddaf,3,b4731,0,0,10,10,2026-04-24
69eb6191cd89df7bb5e9a355,2fda784c-faff-4af0-9d2c-67487984ddaf,3,a4732,0,0,10,10,2026-04-24
69eb6191cd89df7bb5e9a355,2fda784c-faff-4af0-9d2c-67487984ddaf,3,b4733,0,0,10,10,2026-04-25
69eb6191cd89df7bb5e9a355,2fda784c-faff-4af0-9d2c-67487984ddaf,3,b4753,0,0,10,10,2026-04-25
69eb6191cd89df7bb5e9a355,2fda784c-faff-4af0-9d2c-67487984ddaf,3,a4754,0,0,1,1,2026-04-28
69eb7391cd89df7bb5ec3b45,0c21e8c3-eab4-43c1-9054-2ee90daca2c4,1,b4725,45.6256268645175,10,0,10,2026-04-29
69eb7391cd89df7bb5ec3b45,0c21e8c3-eab4-43c1-9054-2ee90daca2c4,2,b4885,-36.0100370910472,10,0,10,2026-04-30
69eb7391cd89df7bb5ec3b45,0c21e8c3-eab4-43c1-9054-2ee90daca2c4,3,b4901,0,0,10,10,2026-04-30
69eb792dcd89df7bb5ec99dc,df21b6b4-56f0-433e-9e4a-f6c7858c3423,1,a4726,-4.93302293061772,10,0,10,2026-04-24
69eb792dcd89df7bb5ec99dc,df21b6b4-56f0-433e-9e4a-f6c7858c3423,2,b4727,-14.3824839587186,10,0,10,2026-04-24
69ebac07cd89df7bb50ea19e,5e69d565-2fb0-4a83-9281-86e7076d47a6,1,a4734,-27.4183274669169,10,0,10,2026-04-24
69ebb1f1cd89df7bb51b41e3,b60a3d4c-f617-4480-954e-3583bedad735,1,b4735,-26.2640719033344,8,2,10,2026-04-24
69ebb1f1cd89df7bb51b41e3,b60a3d4c-f617-4480-954e-3583bedad735,1,a4736,-65.5929762490753,9,1,10,2026-04-26
69ebb1f1cd89df7bb51b41e3,b60a3d4c-f617-4480-954e-3583bedad735,2,b4815,71.7986932856432,7,3,10,2026-04-26
69ebfe1ccd89df7bb533eaa0,9d28e0c1-9883-4a9a-8b2a-0aceaa6a8a5e,1,b4743,32.6413186119453,9,1,10,2026-04-24
69ebfe1ccd89df7bb533eaa0,9d28e0c1-9883-4a9a-8b2a-0aceaa6a8a5e,1,a4744,-12.6224645782311,10,0,10,2026-04-27
69ebfe1ccd89df7bb533eaa0,9d28e0c1-9883-4a9a-8b2a-0aceaa6a8a5e,2,a4838,20.4110108607667,10,0,10,2026-04-27
69ec054bcd89df7bb53f079d,40b3df13-b94c-47ee-9c1d-6de743f57774,1,b4745,-37.9745709904874,10,0,10,2026-04-25
69ec2980cd89df7bb54f84e1,5c53ef37-53b3-4dc2-b79d-39b3904ea49e,1,b4747,-14.4264923164124,10,0,10,2026-04-25
69ec2980cd89df7bb54f84e1,5c53ef37-53b3-4dc2-b79d-39b3904ea49e,2,a4748,-31.0910701336525,10,0,10,2026-04-25
69ec2980cd89df7bb54f84e1,5c53ef37-53b3-4dc2-b79d-39b3904ea49e,1,b4749,-52.9724761018644,10,0,10,2026-04-25
69ec2980cd89df7bb54f84e1,5c53ef37-53b3-4dc2-b79d-39b3904ea49e,3,a4750,0,0,2,2,2026-04-25
69ec9916cd89df7bb57f6e33,02d51d30-f1a2-4099-a324-3984d5085a54,1,b4751,-6.12091944159375,10,0,10,2026-04-25
69ec9916cd89df7bb57f6e33,02d51d30-f1a2-4099-a324-3984d5085a54,2,a4752,-38.4325036754498,10,0,10,2026-04-25
69ecbe15cd89df7bb5828562,9a9e695c-4696-4058-b997-077c21158719,1,b4755,39.3008457414514,10,0,10,2026-04-25
69ecbe15cd89df7bb5828562,9a9e695c-4696-4058-b997-077c21158719,2,a4756,-24.7957861474754,10,0,10,2026-04-25
69eceb18cd89df7bb58884da,26d464bc-0449-4a4b-9567-d8525576b015,1,a4758,11.8511026249219,10,0,10,2026-04-25
69eceb18cd89df7bb58884da,26d464bc-0449-4a4b-9567-d8525576b015,2,b4759,-15.3580998640379,10,0,10,2026-04-25
69eceb18cd89df7bb58884da,26d464bc-0449-4a4b-9567-d8525576b015,3,b4771,-19.0396692010654,10,0,10,2026-04-26
69eceb18cd89df7bb58884da,26d464bc-0449-4a4b-9567-d8525576b015,4,b4813,20.0152358924026,10,0,10,2026-04-27
69eceb18cd89df7bb58884da,26d464bc-0449-4a4b-9567-d8525576b015,5,a4828,45.3862953629871,10,0,10,2026-05-03
69ecf895cd89df7bb59b23a3,9df14a8f-0f26-487b-a07e-7a41c8aeca43,1,a4764,-11.3216696204853,10,0,10,2026-04-25
69ecf895cd89df7bb59b23a3,9df14a8f-0f26-487b-a07e-7a41c8aeca43,2,b4765,-35.4289002811976,10,0,10,2026-04-25
69ecf895cd89df7bb59b23a3,9df14a8f-0f26-487b-a07e-7a41c8aeca43,3,a4766,10.9879955243725,10,0,10,2026-04-25
69ecf895cd89df7bb59b23a3,9df14a8f-0f26-487b-a07e-7a41c8aeca43,4,b4767,1.02735324301502,10,0,10,2026-04-25
69ecf895cd89df7bb59b23a3,9df14a8f-0f26-487b-a07e-7a41c8aeca43,5,a4768,86.1321193925345,10,0,10,2026-04-25
69ecf895cd89df7bb59b23a3,9df14a8f-0f26-487b-a07e-7a41c8aeca43,6,b4769,19.6762651987717,10,0,10,2026-04-25
69ecf895cd89df7bb59b23a3,9df14a8f-0f26-487b-a07e-7a41c8aeca43,7,a4770,10.8814306196453,10,0,10,2026-04-25
69ed386ecd89df7bb5c3f8b7,f0cd1f6c-fe95-4023-9c45-5f81fd92115b,1,a4784,-64.904163858519,8,2,10,2026-04-25
69ed386ecd89df7bb5c3f8b7,f0cd1f6c-fe95-4023-9c45-5f81fd92115b,1,b4785,38.206220647762,10,0,10,2026-04-25
69edcfc3cd89df7bb538a468,35072332-78df-49ff-9786-4ac7bcd8aae0,1,b4801,21.9259803518205,8,2,10,2026-04-26
69ee8f10cd89df7bb55b05fe,f3c453b7-fbc3-4fac-bc1c-70a80234cd4b,1,a4814,12.481436950901,2,8,10,2026-04-26
69eeacb0cd89df7bb56cdcdc,2641b3a1-fc4b-4788-bf37-3a4a9840af0c,1,a4816,-49.4792269193291,2,8,10,2026-04-27
69eeadb8cd89df7bb56e0327,900e339c-c667-4063-bb48-1e34ebb2db19,1,a4816,-49.4792269193291,10,0,10,2026-04-27
69eeadb8cd89df7bb56e0327,900e339c-c667-4063-bb48-1e34ebb2db19,2,b4817,-28.3189105036329,8,2,10,2026-04-28
69eeadb8cd89df7bb56e0327,900e339c-c667-4063-bb48-1e34ebb2db19,2,a4822,-40.4784633598085,9,1,10,2026-04-28
69eef44acd89df7bb57fa8f7,9086858b-9464-48b0-870d-1592a1553ff4,1,b4819,-9.89688568164846,9,1,10,2026-04-27
69eef7afcd89df7bb581f96f,7fe0dc8c-fa2c-42c3-ac3d-b79c1ecba492,1,b4821,-0.287628718095977,1,1,2,2026-04-27
69ef8bfccd89df7bb587f02d,f9402ce9-cd26-47ed-9d4c-5ff304b54160,1,a4822,-40.4784633598085,10,0,10,2026-04-27
69ef8bfccd89df7bb587f02d,f9402ce9-cd26-47ed-9d4c-5ff304b54160,2,b4823,25.9356408739682,10,0,10,2026-04-27
69ef8bfccd89df7bb587f02d,f9402ce9-cd26-47ed-9d4c-5ff304b54160,3,a4824,78.3793934813254,10,0,10,2026-04-27
69ef8bfccd89df7bb587f02d,f9402ce9-cd26-47ed-9d4c-5ff304b54160,4,b4825,-40.7709313945698,10,0,10,2026-04-27
69ef8bfccd89df7bb587f02d,f9402ce9-cd26-47ed-9d4c-5ff304b54160,5,a4826,-17.3791277861425,10,0,10,2026-04-27
69ef8bfccd89df7bb587f02d,f9402ce9-cd26-47ed-9d4c-5ff304b54160,6,b4827,0,0,1,1,2026-04-27
69efa744cd89df7bb5925ebb,a185f2ee-d29a-4378-9c54-5e714826a2bd,1,b4829,-9.76694744291029,10,0,10,2026-04-27
69efa768cd89df7bb5925ec7,745b17fe-145d-42d1-a723-4ae49b8269cb,1,a4830,-17.2962891811139,10,0,10,2026-04-27
69efa768cd89df7bb5925ec7,745b17fe-145d-42d1-a723-4ae49b8269cb,2,b4831,8.62464303921268,10,0,10,2026-04-27
69efda4ecd89df7bb5a43947,f5cf66d8-801a-46ed-9383-3ce705a5f859,1,a4836,-11.5214695065025,10,0,10,2026-04-27
69efda4ecd89df7bb5a43947,f5cf66d8-801a-46ed-9383-3ce705a5f859,2,b4837,22.3615718208749,10,0,10,2026-04-27
69efe7e2cd89df7bb5cbd3e8,9dc1ca22-ce07-4121-a233-3d3660532993,1,a4840,-56.4983321341122,10,0,10,2026-04-27
69f045e6cd89df7bb5dfc4eb,9952ec2f-850c-4b32-8355-afa54df434ab,1,a4848,71.2823165334833,9,1,10,2026-04-28
69f045e6cd89df7bb5dfc4eb,9952ec2f-850c-4b32-8355-afa54df434ab,2,b4849,15.0730039189056,10,0,10,2026-04-28
69f045e6cd89df7bb5dfc4eb,9952ec2f-850c-4b32-8355-afa54df434ab,3,a4850,-27.5628494846706,10,0,10,2026-04-28
69f045e6cd89df7bb5dfc4eb,9952ec2f-850c-4b32-8355-afa54df434ab,4,b4851,6.40966380662314,10,0,10,2026-04-28
69f045e6cd89df7bb5dfc4eb,9952ec2f-850c-4b32-8355-afa54df434ab,5,a4852,-1.99118611039178,10,0,10,2026-04-28
69f045e6cd89df7bb5dfc4eb,9952ec2f-850c-4b32-8355-afa54df434ab,6,b4853,0,0,10,10,2026-04-28
69f045e6cd89df7bb5dfc4eb,9952ec2f-850c-4b32-8355-afa54df434ab,6,a4854,0,0,10,10,2026-04-28
69f045e6cd89df7bb5dfc4eb,9952ec2f-850c-4b32-8355-afa54df434ab,6,b4855,0,0,10,10,2026-04-28
69f0716fcd89df7bb5050361,c02bab94-ce31-4ad4-bfd3-8a1aadea568f,1,b4857,-42.495818344403,2,8,10,2026-04-28
69f09239cd89df7bb50b3e2d,f4e72d82-2fe6-49a9-b461-39793ac890a9,1,a4858,-30.5090604271813,10,0,10,2026-04-28
69f09239cd89df7bb50b3e2d,f4e72d82-2fe6-49a9-b461-39793ac890a9,2,b4859,23.4819337520055,10,0,10,2026-04-28
69f09239cd89df7bb50b3e2d,f4e72d82-2fe6-49a9-b461-39793ac890a9,3,a4860,-10.3327660115952,10,0,10,2026-04-28
69f09239cd89df7bb50b3e2d,f4e72d82-2fe6-49a9-b461-39793ac890a9,4,b4861,20.4384885316717,8,2,10,2026-05-06
69f09239cd89df7bb50b3e2d,f4e72d82-2fe6-49a9-b461-39793ac890a9,4,a4862,49.9046477134097,10,0,10,2026-05-06
69f09239cd89df7bb50b3e2d,f4e72d82-2fe6-49a9-b461-39793ac890a9,4,b4983,17.8934348205414,10,0,10,2026-05-07
69f0923ecd89df7bb50b3e35,ac7084dd-52f6-4558-9dd3-3e4e49a869d0,1,a4858,-30.5090604271813,8,2,10,2026-04-28
69f0923ecd89df7bb50b3e35,ac7084dd-52f6-4558-9dd3-3e4e49a869d0,1,b4899,7.640365396066,10,0,10,2026-05-03
69f0923ecd89df7bb50b3e35,ac7084dd-52f6-4558-9dd3-3e4e49a869d0,2,a4956,1.80370132505946,10,0,10,2026-05-03
69f0923ecd89df7bb50b3e35,ac7084dd-52f6-4558-9dd3-3e4e49a869d0,3,b4957,0,0,7,7,2026-05-03
69f0e2dccd89df7bb52519ce,a42de9b4-09f5-42bc-8242-e1ae983522e4,1,a4866,-21.2174572806335,10,0,10,2026-04-28
69f0e2dccd89df7bb52519ce,a42de9b4-09f5-42bc-8242-e1ae983522e4,2,b4867,13.463222111801,10,0,10,2026-04-28
69f0e2dccd89df7bb52519ce,a42de9b4-09f5-42bc-8242-e1ae983522e4,3,a4868,0.588223903294391,10,0,10,2026-04-28
69f0e2dccd89df7bb52519ce,a42de9b4-09f5-42bc-8242-e1ae983522e4,4,b4869,-6.99628710862484,10,0,10,2026-04-28
69f0e2dccd89df7bb52519ce,a42de9b4-09f5-42bc-8242-e1ae983522e4,5,a4870,-3.11119238107832,10,0,10,2026-04-28
69f0e2dccd89df7bb52519ce,a42de9b4-09f5-42bc-8242-e1ae983522e4,6,b4873,-16.1084481871054,10,0,10,2026-04-28
69f0e2dccd89df7bb52519ce,a42de9b4-09f5-42bc-8242-e1ae983522e4,7,a4874,-45.7288701327778,10,0,10,2026-04-28
69f0e2dccd89df7bb52519ce,a42de9b4-09f5-42bc-8242-e1ae983522e4,1,b4875,-35.1880768207642,10,0,10,2026-04-28
69f0e2dccd89df7bb52519ce,a42de9b4-09f5-42bc-8242-e1ae983522e4,2,a4876,44.048166449485,10,0,10,2026-05-02
69f0e2dccd89df7bb52519ce,a42de9b4-09f5-42bc-8242-e1ae983522e4,2,a4936,58.5078101653281,9,1,10,2026-05-02
69f0e2dccd89df7bb52519ce,a42de9b4-09f5-42bc-8242-e1ae983522e4,2,b4937,-8.1338478805701,1,0,1,2026-05-02
69f0e2dccd89df7bb52519ce,a42de9b4-09f5-42bc-8242-e1ae983522e4,3,a4938,1.03139519061286,10,0,10,2026-05-02
69f0e2dccd89df7bb52519ce,a42de9b4-09f5-42bc-8242-e1ae983522e4,3,a4944,3.35644818625181,9,1,10,2026-05-02
69f0e2dccd89df7bb52519ce,a42de9b4-09f5-42bc-8242-e1ae983522e4,3,b4945,42.1941164267272,10,0,10,2026-05-03
69f0e2dccd89df7bb52519ce,a42de9b4-09f5-42bc-8242-e1ae983522e4,3,a4946,32.2767156259476,9,1,10,2026-05-03
69f0e2dccd89df7bb52519ce,a42de9b4-09f5-42bc-8242-e1ae983522e4,3,b4947,22.4032698532189,9,1,10,2026-05-03
69f0e2dccd89df7bb52519ce,a42de9b4-09f5-42bc-8242-e1ae983522e4,3,a4948,14.9751818388511,9,1,10,2026-05-03
69f0e2dccd89df7bb52519ce,a42de9b4-09f5-42bc-8242-e1ae983522e4,3,b4949,-1.03552773344919,9,1,10,2026-05-03
69f0e2dccd89df7bb52519ce,a42de9b4-09f5-42bc-8242-e1ae983522e4,3,b4973,-20.4427299542514,10,0,10,2026-05-05
69f0e2dccd89df7bb52519ce,a42de9b4-09f5-42bc-8242-e1ae983522e4,3,a4974,88.2974247844884,9,1,10,2026-05-05
69f0e2dccd89df7bb52519ce,a42de9b4-09f5-42bc-8242-e1ae983522e4,3,b4975,7.24988381444991,9,1,10,2026-05-05
69f0e2dccd89df7bb52519ce,a42de9b4-09f5-42bc-8242-e1ae983522e4,4,b4981,-6.46439372910394,10,0,10,2026-05-06
69f0e2dccd89df7bb52519ce,a42de9b4-09f5-42bc-8242-e1ae983522e4,5,a4982,54.7531066947926,10,0,10,2026-05-06
69f0e2dccd89df7bb52519ce,a42de9b4-09f5-42bc-8242-e1ae983522e4,5,a4990,21.1426559777799,10,0,10,2026-05-07
69f0e2dccd89df7bb52519ce,a42de9b4-09f5-42bc-8242-e1ae983522e4,4,b5017,12.2849186152131,10,0,10,2026-05-08
69f0e2dccd89df7bb52519ce,a42de9b4-09f5-42bc-8242-e1ae983522e4,5,a5018,-18.1068292218082,10,0,10,2026-05-08
69f0f1e8cd89df7bb53430b5,51983fae-1e79-4675-9dc5-0d06f84a4d7d,1,b4869,-18.2811092052577,9,1,10,2026-04-28
69f0f1e8cd89df7bb53430b5,51983fae-1e79-4675-9dc5-0d06f84a4d7d,1,a4870,-24.8087562124378,1,0,1,2026-04-28
69f0f1e8cd89df7bb53430b5,51983fae-1e79-4675-9dc5-0d06f84a4d7d,2,b4871,8.74994578819574,1,0,1,2026-04-28
69f10a3bcd89df7bb536f1bf,6b548dec-dcb8-4ea8-855b-4919e5a56c8b,1,a4872,-23.3518678082486,10,0,10,2026-04-28
69f13c10cd89df7bb55272d6,b60306b5-b3b6-481c-8b7b-69bc19367fb7,1,b4877,14.2012795917297,10,0,10,2026-04-28
69f13c10cd89df7bb55272d6,b60306b5-b3b6-481c-8b7b-69bc19367fb7,1,a4878,74.1766552391815,4,6,10,2026-04-28
69f13c10cd89df7bb55272d6,b60306b5-b3b6-481c-8b7b-69bc19367fb7,1,b4879,44.199583486048,6,2,8,2026-05-02
69f13c10cd89df7bb55272d6,b60306b5-b3b6-481c-8b7b-69bc19367fb7,1,b4927,-35.5900578094522,10,0,10,2026-05-02
69f13c10cd89df7bb55272d6,b60306b5-b3b6-481c-8b7b-69bc19367fb7,2,b4927,-35.5900578094522,10,0,10,2026-05-02
69f13c10cd89df7bb55272d6,b60306b5-b3b6-481c-8b7b-69bc19367fb7,1,a4928,-18.9945714822118,2,0,2,2026-05-02
69f13c10cd89df7bb55272d6,b60306b5-b3b6-481c-8b7b-69bc19367fb7,1,b4929,0.719064051004557,10,0,10,2026-05-02
69f13c10cd89df7bb55272d6,b60306b5-b3b6-481c-8b7b-69bc19367fb7,3,b4929,0.719064051004557,10,0,10,2026-05-02
69f13c10cd89df7bb55272d6,b60306b5-b3b6-481c-8b7b-69bc19367fb7,4,b4931,53.5413166157823,10,0,10,2026-05-02
69f13c10cd89df7bb55272d6,b60306b5-b3b6-481c-8b7b-69bc19367fb7,5,a4932,-2.87817815262307,10,0,10,2026-05-02
69f13c10cd89df7bb55272d6,b60306b5-b3b6-481c-8b7b-69bc19367fb7,6,b4933,18.5004399926612,10,0,10,2026-05-02
69f13c10cd89df7bb55272d6,b60306b5-b3b6-481c-8b7b-69bc19367fb7,7,a4934,-65.0351281732082,10,0,10,2026-05-02
69f13c10cd89df7bb55272d6,b60306b5-b3b6-481c-8b7b-69bc19367fb7,7,b4935,44.4516182501185,10,0,10,2026-05-02
69f24df4cd89df7bb5a93e80,9023ac21-7f70-4a25-a87b-11e079975f04,1,a4888,53.3318838480506,9,1,10,2026-04-29
69f267eecd89df7bb5adf9ec,d9f007dc-004f-4243-93c7-d4e2260b349a,1,b4891,-14.881490740244,10,0,10,2026-04-29
69f267eecd89df7bb5adf9ec,d9f007dc-004f-4243-93c7-d4e2260b349a,2,a4892,-28.3579265667487,10,0,10,2026-04-29
69f267eecd89df7bb5adf9ec,d9f007dc-004f-4243-93c7-d4e2260b349a,3,b4893,-15.4645865385829,10,0,10,2026-04-29
69f267eecd89df7bb5adf9ec,d9f007dc-004f-4243-93c7-d4e2260b349a,4,a4894,94.7342082338708,9,1,10,2026-04-29
69f267eecd89df7bb5adf9ec,d9f007dc-004f-4243-93c7-d4e2260b349a,5,b4897,13.0669886731721,10,0,10,2026-04-30
69f267eecd89df7bb5adf9ec,d9f007dc-004f-4243-93c7-d4e2260b349a,6,a4898,-47.4193698012638,10,0,10,2026-04-30
69f267eecd89df7bb5adf9ec,d9f007dc-004f-4243-93c7-d4e2260b349a,7,b4905,-7.43817988944984,10,0,10,2026-04-30
69f27f11cd89df7bb5b31d95,f3351cd7-df46-4332-a8d2-7d19252ac73c,1,b4895,29.39358006617,8,2,10,2026-04-29
69f3d916cd89df7bb5f1411c,5e9e43c5-9ec1-4ecf-8930-34b0b4241fe1,1,b4909,23.3869373288702,10,0,10,2026-04-30
69f3d916cd89df7bb5f1411c,5e9e43c5-9ec1-4ecf-8930-34b0b4241fe1,2,a4910,78.1469740889975,10,0,10,2026-04-30
69f41233cd89df7bb5fef237,c99d81ea-b0d4-41c1-b498-4a81b2478d96,1,a4912,-68.2478677643664,9,1,10,2026-05-01
69f42290cd89df7bb517a900,9a17336c-60c1-4e7e-baee-d156f311ec0e,1,b4913,12.7523768160869,2,0,2,2026-05-01
69f47f87cd89df7bb519824b,f483fd6e-35ea-48a5-b567-f9f720e88435,1,a4914,39.2059278833859,9,1,10,2026-05-01
69f47f87cd89df7bb519824b,f483fd6e-35ea-48a5-b567-f9f720e88435,2,b4915,42.6661846782255,10,0,10,2026-05-01
69f47f87cd89df7bb519824b,f483fd6e-35ea-48a5-b567-f9f720e88435,3,a4916,0,0,5,5,2026-05-01
69f53120cd89df7bb52046e2,a44771c6-e7a0-48ff-a6d3-6dce485c89ea,1,a4918,3.54665377197336,10,0,10,2026-05-02
69f53120cd89df7bb52046e2,a44771c6-e7a0-48ff-a6d3-6dce485c89ea,2,b4939,53.8581753467614,10,0,10,2026-05-03
69f53120cd89df7bb52046e2,a44771c6-e7a0-48ff-a6d3-6dce485c89ea,3,a4962,-20.5722273593843,10,0,10,2026-05-03
69f539cecd89df7bb52177b9,662f0327-8020-49b3-97e4-24e0db31b5ca,1,a4918,3.54665377197336,8,2,10,2026-05-01
69f539cecd89df7bb52177b9,662f0327-8020-49b3-97e4-24e0db31b5ca,2,b4919,-37.2400928416561,10,0,10,2026-05-02
69f5519ccd89df7bb529ea14,2e8341da-6b75-44ea-a44f-fd3adc52322e,1,a4922,46.2336736949676,10,0,10,2026-05-02
69f5519ccd89df7bb529ea14,2e8341da-6b75-44ea-a44f-fd3adc52322e,2,b4923,-20.2313659864937,10,0,10,2026-05-02
69f5519ccd89df7bb529ea14,2e8341da-6b75-44ea-a44f-fd3adc52322e,3,a4924,47.6520971732666,10,0,10,2026-05-02
69f57136cd89df7bb551249e,ea28f085-9570-445c-b2eb-ee28926dc3be,1,a4930,16.724237080425,9,1,10,2026-05-02
69f57136cd89df7bb551249e,ea28f085-9570-445c-b2eb-ee28926dc3be,1,b4931,53.5413166157823,10,0,10,2026-05-02
69f57136cd89df7bb551249e,ea28f085-9570-445c-b2eb-ee28926dc3be,2,a4932,1.60873575082614,2,0,2,2026-05-02
69f581a8cd89df7bb5809597,77c5939c-de25-46aa-b013-d7d9b70ad204,1,b4935,64.3661347477539,2,8,10,2026-05-02
69f581a8cd89df7bb5809597,77c5939c-de25-46aa-b013-d7d9b70ad204,1,b4945,6.89514764908604,1,0,1,2026-05-02
69f61c50cd89df7bb5b6f36b,72844d2b-3ab9-48ef-8020-f721406cfbd6,1,a4938,1.03139519061286,9,1,10,2026-05-02
69f66124cd89df7bb5d9c6da,3c684f12-a7b9-44f7-b852-7860f5fefbc9,1,a4940,34.6182953104762,10,0,10,2026-05-02
69f66a82cd89df7bb5e0dc2b,b606f54c-c310-4019-8b1e-e4bb8dfccd5a,1,b4941,2.12264681029383,9,1,10,2026-05-02
69f66a82cd89df7bb5e0dc2b,b606f54c-c310-4019-8b1e-e4bb8dfccd5a,2,a4942,11.2455916309434,10,0,10,2026-05-02
69f6ac95cd89df7bb5056b49,9926682f-02e5-4743-aa6c-5ad264070b11,1,a4950,41.5434682133285,10,0,10,2026-05-03
69f74935cd89df7bb520bd64,aabd1f8a-935e-45c6-a2a0-ec1c1615a6e2,1,b4959,-31.1548212816187,10,0,10,2026-05-03
69f74935cd89df7bb520bd64,aabd1f8a-935e-45c6-a2a0-ec1c1615a6e2,2,a4960,-15.7853689807354,10,0,10,2026-05-03
